Nº, FECHA ,,,,ASIENTO BIBLIOGRAFICO,PROCED,VEN - DON
,,,,,,,
1,11/26/2008,,11/26/2008,," Segal, Erich",,
,,,,,Love Story Historia de amor (Novela),,
,.,,,," Argentina : EMECE Ed. S.A., 1970. ; 191p. ; 18cm.",,
,,,,,ISBN : ,D    ,Pucci Nelida
,,,,,,,
,,,,,,,
2,11/16/2008,,11/26/2008,, Alvarez y Otros,,
,,,,,Nexos (Poesía),,
,,,,," Argentina :  PANORAMA GRAFICO, 1998. ; 110p. ; 19cm.",,
,,,,,ISBN : 987-96190-9-9,D,Pucci Nelida
,,,,,,,
,,,,,,,
3,11/26/2008,,11/26/2008,," Sheldon, Sidney",,
,,,,,Mas alla de la medianoche (Novela),,
,,,,," Argentina : Emecé S.A., 1974. ; 428p. ; 19cm.",,
,,,,,ISBN : 950-04-0085-0,D,Pucci Nelida
,,,,,,,
,,,,,,,
4,11/26/2008,,11/26/2008,," Saénz, Dalmiro",,
,,,,,Mujer ganadora La novela de ser una misma,,
,,,,," Argentina : Ed. Planeta, 1996. ; 244p. ; 21cm.",,
,,,,,ISBN : 950-742-719-8 ,D,Pucci Nelida
,,,,,,,
,,,,,,,
5,11/26/2008,,11/26/2008,, Quiroga Horacio,,
,,,,,A la deriva y otros cuentos,,
,,,,," Argentina : Losada, 2001. ; 172p. ; 21cm.",,
,,,,,ISBN : 84-95594-64-1,D,Pucci Nelida
,,,,,,,
,,,,,,,
6,11/26/2008,,11/26/2008,," Allende, Isabel",,
,,,,,La casa de los espíritus,,
,,,,," Agentina : Ed. SUDAMERICANA, 1991. ; 363p. ; 19cm.",,
,,,,,ISBN : 950-07-0291-6,D,Pucci Nelida
,,,,,,,
,,,,,,,
7,11/26/2008,,11/26/2008,," Montesco, Lola",,
, ,,,,Lady Di . Los Protaginstas,,
,,,,," Argentina : Ed. CINCO E.C.S.A., 2004. ; 94p. ; 19cm.",,
,,,,,ISBN : 987-1129-14-9,D,Pucci Nelida
,,,,,,,
,,,,,,,
8,11/26/2008,,11/26/2008,, Cámara Argentina del Libro,,
,,,,,Vamos a leer cuentos argentinos,,
,,,,," Argentina : Arco Iris Impresiones S.A., 2001. ; 126p. ; 19cm.",,
,,,,,ISBN : 950-9394-35-1,D,Pucci Nelida
,,,,,,,
,,,,,,,
9,11/26/2008,,11/26/2008,, Alvarez Marta,,
,,,,,Gabriel el Enviado (Poesía),,
,,,,," Argentina : Paraná, 1998. ; 88p. ; 20cm.",,
,,,,,ISBN : 950-43-9122-2,D,Pucci Nelida
,,,,,,,
,,,,,,,
10,,,11/26/2008,," Luna, Félix",,
,,,,,Julio A. Rocca. Grandes Protagonistas de la Hist. Arg.,,
,,,,," Argentina : Grupo Ed. Planeta, 2004. ; il. ; 158p. ; 22cm.",,
,,,,, ISBN : 950-49-1253-2,D,Pucci Nelida
,,,,,,,
,,,,,,,
11,11/26/2008,,11/26/2008,," Luna, Félix",,
,,,,,José de San Martín. Gendes Protagonistas de la Hist. Arg.,,
,,,,," Argentina : Grupo Ed. Planeta, 2004. ; il. ; 158p. ; 22cm.",,
,,,,, ISBN : 950-49-1246-X ,D,Pucci Nelida
,,,,,,,
,,,,,,,
12,11/26/2008,,11/26/2008,," Luna, Félix",,
,,,,,Juan B. Alberdi. Grandes Protagonistas de la Hist. Arg.,,
,,,,," Argentina : Grupo Ed. Planeta, 2004. ; il. ; 147p. ; 22cm.",,
,,,,, ISBN : 950-49-1256-7,D,Pucci Nelida
,,,,,,,
,,,,,,,
13,11/26/2008,,11/26/2008,," Steimbeck, John",,
,,,,,La taza de oro (Novela histórica),,
,,,,," Argentina : Ed., 2006. ; 224p. ; 20cm.",,
,,,,,ISBN : 987-04-0451-0,D,Pucci Nelida
,,,,,,,
,,,,,,,
14,11/26/2008,,11/26/2008,,"  Haasse, Hella S.",,
,,,,,La ciudad escarlata (Novela histórica),,
,,,,," Argentina : Aguilar, Altea, Taurus, Alfaguara, 2006 ",,
,,,,,                     399p. ; 20cm.,,
,,,,,ISBN : 987-04-0491-X ,D,Pucci Nelida
,,,,,,,
,,,,,,,
15,11/26/2008,,11/26/2008,," Mahfuz, Naguib",,
,,,,,Akhenatón (Novela histórica),,
,,,,," Argentina : Aguilar, Altea, Taurus, Alfaguara, 2006",,
,,,,,                     174p. ; 20cm.,,
,,,,,ISBN : 987-04-0490-1,D,Pucci Nelida
,,,,,,,
,,,,,,,
16,11/26/2008,,11/26/2008,," Dyer, Wayne W.",,
17,,,,,El camino de la perfección (Pensamientos que ayudan a mejorar),,
,,,,," España : Ed. Grijalbo, 1995. ; 180p. ; 20cm.",,
,,,,,ISBN : 84-253-2629-X,D,Pucci Nelida
,,,,,,,
,,,,,,,
18,11/26/2008,,11/26/2008,," Otero,Rodolfo",,
,,,,,El secreto del Torreón Negro,,
,,,,," Argentina : Ed.LOSADAS.A., 2002. ; 249p. ; 22cm.",,
,,,,,ISBN : 950-03-7810-8  ,D,Pucci Nelida
,,,,,,,
,,,,,,,
19,11/26/2008,,11/26/2008,," Eddy, Paul",,
,,,,,Una cara de la moneda,,
,,,,," Argentina : HISPAMERICA, 1983. ; il, ; 396p. ; 21cm.",,
,,,,,ISBN : 950-614-020-0,D,Pucci Nelida
,,,,,,,
,,,,,,,
20,11/26/2008,,11/26/2008,," Sueiro, Victor",,
,,,,,Más allá de la vida,,
,,,,," Argentina : Ed. Planeta, 1990. ; 225p. ; 20cm.",,
,,,,,ISBN : 950-742-021-2,D,Pucci Nelida
,,,,,,,
,,,,,,,
21,11/26/2009,,11/26/2008,, NOTICIAS Edición Homenaje,,
,,,,,René Favaloro. De La Pampa a Los Estados Unidos,,
,,,,," Argentina : Ed. Perfil, 2000. ; il. ; 92p. ; 20cm.",,
,,,,,ISBN : 950-639-520-9,D,Pucci Nelida
,,,,,,,
,,,,,,,
22,2/12/2009,,2/12/2009,," Averbach, Luján y Otros",,
,,,,,20 de animales,,
,,,,," Argentina :  Ed. Sudamericana S.A., 1997. ; 85p. ; 21cm.",,
,,,,,ISBN : 950-07-1368-3,D,Graciela I. de Genolet
,,,,,,,
,,,,,,,
23,2/12/2009,,2/12/2009,," Applegate, K. A.",,
,,,,,Lo olvidado,,
,,,,," Argentina : ENECE, 1997. ; 171p. : 18 cm.",,
,,,,, ISBN : 950-04-2165-8,D,Graciela I. de Genolet
,,,,,,,
,,,,,,,
24,2/12/2009,,2/12/2009,," Cazenave, Walter y Otros",,
,,,,,Epopeyas Pampeanas,,
,,,,, Argentina : Instituto Movilizador de Fondos Cooperativos ,,
,,,,,                     Subsc. De Cultura de La Pampa,,
,,,,,                     Coop. Popular de Electricidad Obras y Servicios,,
,,,,,                     Públicos de Santa Rosa Ltda. ; 128 p. : 19 cm. ;,,
,,,,,ISBN : 950-860-070-5,D,Graciela I. de Genolet
,,,,,,,
,,,,,,,
25,2/12/2009,,2/12/2009,," Salgari, Emilio",,
,,,,,Los dos trigres,,
,,,,," Argentina : Ed. Atlántida, 1974. ; il. ; 16 cm. ;",D,Graciela I. de Genolet
,,,,,,,
,,,,,,,
26,2/12/2009,,2/12/2009,," Pairault, Suzanne",,
,,,,,Lassie y Joe,,
,,,,," Argentina : KAPELUSZ,1964. ; il. ; 189p. ; 20 cm. ",D,Graciela I. de Genolet
,,,,,,,
,,,,,,,
27,2/12/2009,,2/12/2009,," Stevenson, Robert Lois",,
,,,,,La Isla del Tesoro,,
,,,,," Argentina : Ed. Difusión S.A., 1967. ; 141p. ; 17 cm. ",D,Graciela I. de Genolet
,,,,,,,
,,,,,,,
28,2/12/2009,,2/12/2009,," Alcott, Luisa M.",,
,,,,,Hombrecitos,,
,,,,," Argentina : Ed. Difusión S.A., 1966. ; 291p. ; 17 cm.",D,Graciela I. de Genolet
,,,,,,,
,,,,,,,
29,2/12/2009,,2/12/2009,," Twain, Mark",,
,,,,,Aventuras de Tom Sawyer,,
,,,,," Argentina : Ed. Atlántida, 1943. ; 125p. ; 16 cm.",D,Graciela I. de Genolet
,,,,,,,
,,,,,,,
30,2/12/2009,,2/12/2009,, Ediciones SOLQUIN,,
,,,,,La Caperucita Roja,,
,,,,," Barcelona : Ed. ULTRAMAR S.A., 2000  ; il. ; 24 cm.",D,Graciela I. de Genolet
,,,,,,,
,,,,,,,
31,2/12/2009,,2/12/2009,, Colección Pasatiempos,,
,,,,,Caperucita Roja,,
,,,,," España : Ed. Saldaña S.A., ; il. ; 23 cm.",,
,,,,,ISBN : 84-7297-161-9,D,Graciela I. de Genolet
,,,,,,,
,,,,,,,
32,2/12/2009,,1202/2009,, Ediciones SOLQUIN,,
,,,,,El Patito Feo,,
,,,,," Barcelona : Ed. ULTRAMAR S.A., 2000. ; il. ; 24 cm.",D,Graciela I. de Genolet
,,,,,,,
,,,,,,,
33,2/12/2009,,1202/2009,," Andersen, H. C.",,
,,,,,El Patito Feo,,
,,,,," España : Ed. Sirven Grafic S. A., 1989. ; il. ; 19 cm. ",,
,,,,,ISBN : 84-7712-226-1,D,Graciela I. de Genolet
,,,,,,,
,,,,,,,
34,2/12/2009,,2/12/2009,, LATIN BOOKS,,
,,,,,El Colibrí y Las Flores,,
,,,,," Uruguay : Ed. SUDAMER S.A., ; il. ; 26 cm.",,
,,,,,ISBN : 9974-7729-1-5,D ,Graciela I. de Genolet
,,,,,,,
,,,,,,,
35,2/12/2009,,2/12/2009,," Cinetto, Liliana ",,
,,,,,El Chivo y La Hormiga,,
,,,,,"Uruguay : Ed. SUDAMER S. A., ; IL. ; 26 CM. ",,
,,,,,ISBN : 9974-7730-2-4,D,Graciela I. de Genolet
,,,,,,,
,,,,,,,
36,2/12/2009,,2/12/2009,, Disney,,
,,,,,La Bella y La Bestia,,
,,,,," Argentina : Ed. Norma, 1992. ; il. ; 26 cm.",,
,,,,,isbn : 958-04-1956-6,D,Graciela I. de Genolet
,,,,,,,
,,,,,,,
37,,,,,,,
37,2/12/2009,,2/12/2009,, Disney,,
,,,,,Princesa de Porcelana,,
,,,,," Argentina : Ed. Planeta DeAgostini, ; il. ; 16p. ; 26 cm.",,
,,,,,ISBN : 84-395-3139-X,D,Graciela I.de Genolet
,,,,,,,
,,,,,,,
38,2/12/2009,,2/12/2009,," Granata, María",,
,,,,,El Río Turuntún y una Orquesta Original,,
,,,,," Argentina : Ed. Signar S.A., 1997. ; il. ; 20 cm.",,
,,,,,isbn : 950-11-1116-4,D,Graciela I. de Genolet
,,,,,,,
,,,,,,,
39,2/12/2009,,2/12/2009,, Colección Arlequín,,
,,,,,La Sirenita,,
,,,,," España : Ed. Susaeta, ; il. ; 29 cm.",D,Graceial I. de Genolet
,,,,,,,
,,,,,,,
40,2/12/2009,,2/12/2009,," Vigil, Constancio C.",,
,,,,,La liebre y la tortuga,,
,,,,," Argentina : Ed. Atlántida,1963. ; il. ; 29 cm.",D,Graciela I. de Genolet
,,,,,,,
,,,,,,,
41,2/12/2009,,2/12/2009,," Dalmais, Anne Marie",,
,,,,,Piscolabis a medianoche,,
,,,,," España : Ed. EVEREST S.A., 1984. ; il. ; 15p. : 28 cm.",,
,,,,,ISBN : 84-241-2224-2,D,Graciela I. de Genolet
,,,,,,,
,,,,,,,
42,2/12/2009,,2/12/2009,," Cabal, Graciela Beatriz",,
,,,,,Una cadena muy importante,,
,,,,,La Cadena Alimentaria,,
,,,,," Argenytina : ALFAGUARA, 1988. ; il. ; 39p. ; 21 cm.",,
,,,,,ISBN : 950-511-487-7,D,Graciela I. de Genolet
,,,,,,,
,,,,,,,
43,2/12/2009,,2/12/2009,, Publicaciones Fher,,
,,,,,Peter Pan,,
,,,,," España : Ed. Fher S.A., ; il. ; 23 cm.",,
,,,,,ISBN : 84-243-3448-5,D,Graciela I. de Genolet
,,,,,,,
,,,,,,,
44,2/12/2009,,2/12/2009,, Estrella de Mar,,
,,,,,La Bella y La Bestia,,
,,,,," España _ Es susaeta S.A., ; il. ; 19 cm.",,
,,,,,ISBN : 84-305-8095-6,D,Graciela I. de Genolet
,,,,,,,
,,,,,,,
45,2/12/2009,,2/12/2009,, LATINBOOKS,,
,,,,,El respeto por la vida,,
,,,,," Uruguay : Ed. SUADAMER S.A., ; il. ; 26 cm.",,
,,,,,ISBN : 9974-7724-8-6,D,Graciela I. de Genolet
,,,,,,,
,,,,,,,
46,2/12/2009,,2/12/2009,, Distribuidora Valenciana,,
,,,,,Los tres cerditos,,
,,,,," España : Aldoy Grafic, ; il. ; 26 cm.",,
,,,,,ISBN : 84-932708-9-X ,D,Graciela I. de Genolet
,,,,,,,
,,,,,,,
47,2/12/2009,,2/12/2009,, Diney,,
,,,,,Tierra de Osos,,
,,,,," Argentina : Ed. Sigmar S.A., 2003. ; il. ; 19 cm.",,
,,,,,ISBN : 950-11-1653-0,D,Graciela I. de Genolet
,,,,,,,
,,,,,,,
48,2/12/2009,,2/12/2009,, Disney,,
,,,,,Chicken little,,
,,,,," Argentina : Ed. Sigmar S.A., 2006. ; il. ; 19 cm.",,
,,,,,ISBN : 950-11-1875-4,D,Graciela I. de Genolet
,,,,,,,
,,,,,,,
49,2/12/2009,,2/12/2009,, Disney,,
,,,,,Buscando a Nemo. El reencuentro,,
,,,,," Argentina : Ed. Sigmar S.A., 2005. ; il. ; 19 cm.",,
,,,,,ISBN : 950-11-1636-0,D,Graciela I. de Genolet
,,,,,,,
,,,,,,,
50,2/12/2009,,2/12/2009,, Foundatión Books S.A.,,
,,,,,La Cenicienta,,
,,,,," Brasil : Ed. Comphania Melhoramentos, 1995. ; il. ; 24 cm",,
,,,,,ISBN : 956-7240-46-9,D,Graciela I. de Genolet
,,,,,,,
,,,,,,,
51,2/12/2009,,2/12/2009,," Serrano, Maria Laura",,
,,,,,Gatos y Gatitos,,
,,,,," Argentina : Ed. Sigmar S.A., 1984. ; il. ; 20 cm.",,
,,,,,ISBN : 950-11-0128-2,D,Graciela I. de Genoñet
,,,,,,,
,,,,,,,
52,2/12/2009,,2/12/2009,," Wadswoth, Wallace C.",,
,,,,,Los siete gatos maravillosos,,
,,,,," Argentina : Ed. Sigmar S.A., 1978. ; il. ; 26 cm.",D,Graciela I. de Genolet
,,,,,,,
,,,,,,,
53,2/12/2009,,2/12/2009,," Sonneborn, Ruth A.",,
,,,,,Alguién está comiendo al sol,,
,,,,," Argentina : Ed. Sigmar S.A., 1978. ; il. ; 20 cm.",D,Graciela I. de Genolet
,,,,,,,
,,,,,,,
54,2/12/2009,,2/12/2009,," Heap, Sue",,
,,,,,Espera y Verás,,
,,,,," Argentina : Ed. Sudamericana, 2001. ; il. ; 22 cm.",,
,,,,,ISBN : 950-07-2025-9,D,Graciela I. de Genolet
,,,,,,,
,,,,,,,
55,2/12/2009,,2/12/2009,," Asor, Mercedes",,
,,,,,Caballito,,
,,,,," España : Ed. Betis, ; il. ; 24cm.",,
,,,,,ISBN : 84-7160-073-0,D,Graciela I. de Genolet
,,,,,,,
,,,,,,,
56,2/12/2009,,2/12/2009,, Disney,,
,,,,,Bambi 2,,
,,,,," Argentina : Ed. Sigmar S.A., 2006. ; il. 19 cm.",,
,,,,,ISBN : 950-11-1951-3,D,Graciela I. de Genolet
,,,,,,,
,,,,,,,
57,2/12/2009,,2/12/2009,, Biblioteca SALVAT,,
,,,,,Viajes Espaciales,,
,,,,," España : Ed. SALVAT, 1976. ; il. ; 141p. ; 19 cm.",,
,,,,,ISBN : 84-345-7411-X,D,Graciela I. de Genolet
,,,,,,,
,,,,,,,
58,2/12/2009,,2/12/2099,," Scgmitz, Siegfried",,
,,,,,Terrario Ciencia Juvenil,,
,,,,," Argentina : Ed. Cincel, 1974. ; il. ; 43p. ; 22 cm.",,
,,,,,ISBN : 84-7046-060-9,D,Graciela I. de Genolet
,,,,,,,
,,,,,,,
59,2/12/2009,,2/12/2009,," De La Grange, Francois - Reille, Antoine",,
,,,,,Las aves y sus secretos,,
,,,,," España : ed. Fher S.A., 1976. ; il. ; 79p. ; 25 cm.",,
,,,,,ISBN : 84-243-1157-4,D,Graciela I. de Genolet
,,,,,,,
,,,,,,,
60,4/28/2009,,4/28/2009,," León, María Teresa",,
,,,,,El Cid Campeador,,
,,,,," Argentina : Comp.Gral. Fabril Ed., 1976. ; 124p. ; 17 cm. ",D,B.P. ORIENTACION 
,,,,,,,
,,,,,,,
61,4/28/2009,,4/28/2009,," de Carvantes Saavedra, Miguel",,
,,,,,Rinconete y cortadillo,,
,,,,," España : KAPELUSZ, 1962. ; 52p. ; 16 cm.",D ,B.P. ORIENTACION
,,,,,,,
,,,,,,,
62,4/28/2009,,4/28/2009,, Biblioteca SALVAT,,
,,,,,Viajes Espaciales,,
,,,,," España : Ed. SALVAT, 1973. ; il. ; 141p. ; 129 cm. ",,
,,,,,ISBN : 84-345-7411-X,D,B.P. ORIENTECION
,,,,,,,
,,,,,,,
63,4/28/2009,,4/28/2009,," Fernández de Moratín, Leandro",,
,,,,,El si de las niñas,,
,,,,," Argentina : Ed. Sopena, 12969. : 141p. ; 17 cm. ",D,B.P. ORIENTECION
,,,,,,,
,,,,,,,
64,4/28/2009,,4/28/2009,," Obligado, Rafael",,
,,,,,Poesías completas,,
,,,,," Argentina : Ed. Sopena, 1963. ; 142p. ; 19 cm.",D,B.P. ORIENTACION
,,,,,,,
,,,,,,,
65,4/28/2009,,4/28/2009,," Benavente, Jacinto",,
,,,,,Los intereses creados,,
,,,,," Argentina : SALVAT Editores, 1970. ; 136p. ; 18 cm.",D,B.P. ORIENTACION
,,,,,,,
,,,,,,,
66,4/28/2009,,4/28/2009,," De la Barca, Calderón",,
,,,,,El Alcalde de Zalamea,,
,,,,," Argentina : Ed. PLUS ULTRA, 1977. ; 145p. ; 19 cm.",D,B.P. ORIENTACION
,,,,,,,
,,,,,,,
67,4/28/2009,,4/28/2009,," De la Barca, Calderón",,
,,,,, La vida es sueño,,
,,,,," Argentina : SALVAT EDITORES S.A., 1970. ; 195p. ; 18 cm.",D,B.P. ORIENTEWCION
,,,,,,,
,,,,,,,
68,4/28/2009,,4/28/2009,," Melville, Hernán",,
,,,,,Bartley el escribiente,,
,,,,," Argentina : Ed. Cátedra - Página/12, ; 85p. ; 18 cm.",,
,,,,, ISBN : 950-695-106-7,D,B.P. ORIENTACION
,,,,,,,
,,,,,,,
69,4/28/2009,,4/28/2009,," Hoffmann, E. T. A.",,
,,,,,El Voto,,
,,,,," Argentina : Ed. Alianza S.A.-Página/12, ; 93p. ; 18 cm.",,
,,,,,ISBN :  950-695-124-1,D,B.P. ORIENTQCION
,,,,,,,
,,,,,,,
70,4/28/2009,,4/28/2009,, Stendhal,,
,,,,,Vanina Vanini,,
,,,,," Argentina : Ed. Alianza S.A,-Página/12, ; 94p. ; 18 cm.",,
,,,,,ISBN : 950-695-100-8,D,B.P. ORIENTACION
,,,,,,,
,,,,,,,
71,4/28/2009,,4/28/2009,," Chesterton, Gilbert Keith",,
,,,,,El Paraíso de los ladrones,,
,,,,," Argentina : Ed. Alianza S.A.-Página/12, ; 94p. ; 18 cm.",,
,,,,,ISBN : 950-685-116-0,D,B.P. ORIENTACION
,,,,,,,
,,,,,,,
72,4/28/2009,,4/28/2009,," London, Jack",,
,,,,,El hombre de la cicatriz y otras narraciones,,
,,,,," Argentina : Ed. Alianza S.A.-página/12, ; 93p. ; 18 cm.",,
,,,,,ISBN : 950-695-147-0,D,B.P. ORIENTACION
,,,,,,,
,,,,,,,
73,4/28/2009,,4/28/2009,," Hoffmann, E .T. A.",,
,,,,,La casa vacía,,
,,,,," Argentina : Ed. Alianza S.A.-Página/12, ; 93 p. ; 18 cm.",,
,,,,,ISBN : 950-695-119-5,D,B.P. ORIENTACION
,,,,,,,
,,,,,,,
74,4/28/2009,,4/28/2009,," Chesterton, Gilbert Keit",,
,,,,,Las muertes de los Pendragon,,
,,,,," Argentina : Ed. Alianza S.A.-Página/12, ; 94p. ; 18 cm.",,
,,,,,ISBN : 950-695-141-1,D,B.P. ORIENTACION
,,,,,,,
,,,,,,,
75,4/28/2009,,4/28/2009,," Griene, Grahan",,
,,,,,El Terder Hombre,,
,,,,," Argentina : Ed. Alianza S.A.-Página/12, ; 94p. ; 18 cm.",,
,,,,,ISBN : 950-695-047-4,D,B.P. ORIENTACION
,,,,,,,
,,,,,,,
76,4/28/2009,,4/28/2009,," De Rojas, Fernanado",,
,,,,,La Celestina,,
,,,,," Argentina : C. Ed. De América Latina, 1969. ; 163p. ; 16 cm.",D,B.P. ORIENTACION
,,,,,,,
,,,,,,,
77,4/28/2009,,4/28/2009,," De Quevedo, Francisco",,
,,,,,La vida del buscón llamado Don Pablos,,
,,,,," Argentina : Salvat Editores S.A., 19969. ; 186p. ; 17 cm.",D,B.P. ORIENTACION
,,,,,,,
,,,,,,,
78,4/28/2009,,4/28/2009,," Becquer, Gustavo A.",,
,,,,,"Rimas, Artículos y Leyendas",,
,,,,," Argentina : Ed. Difusión, 1953. ; 158p. ; 17 cm-",D,B.P. ORIENTACION
,,,,,,,
,,,,,,,
79,4/28/2009,,4/28/2009,," De Maupassant, Guy",,
,,,,,Cuentos de guerra,,
,,,,," Argentina : Ed. E. Rei Arg. S.A.-Página/12, ; 94p. 18 cm.",,
,,,,,ISBN : 950-695-091-1,D,B.P. ORIENTACION
,,,,,,,
,,,,,,,
80,4/28/2009,,4/28/2009,," De Maupassant, Guy",,
,,,,,Un parricida,,
,,,,," Argentina : Ed. Alianza S.a.-Página/12, ; 94p. ; 18 cm.",,
,,,,,ISBN : 950-695-135-7,D,B.P ORIENTACION
,,,,,,,
,,,,,,,
81,4/28/2009,,4/28/2009,, Stendhal,,
,,,,,Vanina Vanini,,
,,,,," Argentina : Ed. Alianza S.A.-Página/12, ; 94p. ; 18 cm.",,
,,,,,ISBN : 950-695-100-8,D,B.P. ORIENTACION
,,,,,,,
,,,,,,,
82,4/28/2009,,4/28/2009,," García Lorca, Federico",,
,,,,,Doña Rosita La Soltera,,
,,,,," Argentina : Ed.Losada S.A.-Página/12, ; 94p. ; 18 cm.",,
,,,,,ISBN : 950-695-075-X,D,B.P.ORIENTACON
,,,,,,,
,,,,,,,
83,4/28/2009,,4/28/2009,, De Maupossant,,
,,,,,Magnetismo y otros cuentos,,
,,,,," Argentina : Ed. Alianza S.A.-Página/12, ; 94p. ; 18 cm.",,
,,,,,ISBN : 950-695-140-3,D,B.P. ORIENTACION
,,,,,,,
,,,,,,,
84,4/28/2009,,4/28/2009,," Melville, Hermann",,
,,,,,"Belly Bud, Marinero ",,
,,,,," Argentina : Ed. Catedra S.A.-Página/12, ; 96p. ; 18 cm.",,
,,,,,ISBN : 950-695-077-6,D,B.P. ORIENTACION
,,,,,,,
,,,,,,,
85,4/28/2009,,4/28/2009,," García Lorca, Federico",,
,,,,,Doña Rosita La Soltera,,
,,,,," Argentina : Ed. Losada S.A.-Página/12, ; 94p. ; 18 cm.",,
,,,,,ISBN : 950-695-075-X,D,B.P. ORIENTACION
,,,,,,,
,,,,,,,
86,4/28/2009,,4/28/2009,," Mayor de Piérola, Amanda",,
,,,,,"Amanda, dolor y esperanza",,
,,,,," Argentina ; Ed. Chaco,2010 ; 138 p. ; 21 cm.",,
,,,,,ISBN : 978-987-24913-7-684-305-8095-6,D,B.P. ORIENTACION
,,,,,,,
,,,,,,,
87,4/28/2009,,4/28/2009,," De Maupassant, Guy",,
,,,,,Un Parricida,,
,,,,," Argentina : Ed. Alianza S.A.-Página/12, ; 94p. ; 18cm.",,
,,,,,ISBN : 950-695-135-7,D,B.P. ORIENTACION
,,,,,,,
,,,,,,,
88,4/28/2009,,4/28/2009,," Wells, Hebert G.",,
,,,,,La máquina del tiempo,,
,,,,," Argentina : Ed. Nuevo Siglo S.A., 1995. ; 123p. ; 18 cm.",,
,,,,,ISBN : 987-9049-96-9,D,B.P. ORIENTACION
,,,,,,,
,,,,,,,
89,4/28/2009,,4/28/2009,," Fernández de Moratín, Leandro",,
,,,,,El Sí de las Niñas,,
,,,,," Argentina : Ed. Colihue, 1981. ; 125p. ;18 cm.",D,B.P.ORIENTACION
,,,,,,,
,,,,,,,
90,4/28/2009,,4/28/2009,," de L'Isle, Villiers - Philippe, Adam",,
,,,,,Vox Populi y otros cuentos crueles,,
,,,,," Argentina : Ed. Alianza S.A.-Página/12, ; 93p. ; 18 cm.",,
,,,,,ISBN : 950-695-133-0,D,B.P. ORIENTACION
,,,,,,,
,,,,,,,
91,4/28/2009,,4/28/2009,," De Maupassant, Guy",,
,,,,,Cuentos de guerra,,
,,,,," Argentina : Ed. E. Rei S.A.-Página/12, ; 94p. ; 18 cm.",,
,,,,,ISBN : 950-695-091-1,D,B.P. ORIENTACION
,,,,,,,
,,,,,,,
92,4/28/2009,,4/28/2009,," Hernández, Miguel",,
,,,,,Antología,,
,,,,," Argentina : Ed. Losada S.A.-Página/12, ; 95p. ; 18 cm.",,
,,,,,ISBN : 950-695-099-7,D,B.P ORIENTACION
,,,,,,,
,,,,,,,
93,4/28/2009,,4/28/2009,," Melville, Herman",,
,,,,,Benito Sereno,,
,,,,," Argentina : Ed. Nuevo Siglo S.A., 1995, ; 126p. ; 17 cm.",,
,,,,,ISBN : 987-9049-60-8,D,B.P. ORIENTACION
,,,,,,,
,,,,,,,
94,4/28/2009,,4/28/2009,," De Cervantes Saavedra, Miguel",,
,,,,,La Gitanilla,,
,,,,," Argentina : Ed. KAPELUSZ S.A., 1965. ; 74p. ; 16 cm.",D,B.P. ORIENTACION
,,,,,,,
,,,,,,,
95,4/28/2009,,4/28/2009,," Becquer, Gustavo Adolfo",,
,,,,,Rimas,,
,,,,," Argentina : Ed. Alianza S.A.-Página/12, ; 93p. ; 18 cm.",,
,,,,,ISBN : 950-695-143-4,D,B.P. ORIENTACION
,,,,,,,
,,,,,,,
96,4/28/2009,,4/28/2009,," Bullrich, Silvina",,
,,,,,¿A qué hora murió el enfermo?,,
,,,,," Argentina : Ed. Rapiri S.A., 1984. ; 199p. ; 19 cm. ",,
,,,,,ISBN : 950-19-0171-8,D,B.P. ORIENTACION
,,,,,,,
,,,,,,,
97,4/28/2009,,4/28/2009,," Quiroga, Horacio",,
,,,,,El Potro Salvaje,,
,,,,," Argentina : Ed. Alianza S.A.-Página/12, ; 93 p. ; 18 cm.",,
,,,,,ISBN : 950-695-125-X,D,B.P. ORIENTACION
,,,,,,,
,,,,,,,
98,4/28/2009,,4/28/2009,, Stendhal,,
,,,,,Los Cenci. La Duquesa de Palliano,,
,,,,," Argentina : Ed. Alianza S.A.-Página/12, ; 94 p. ; 17 cm.",,
,,,,,ISBN : 950-695-107-5,D,B.P. ORIENTACION
,,,,,,,
,,,,,,,
99,4/28/2009,,4/28/2009,," Terzi, Mariela - Ortega, Emilio",,
,,,,,100 Barcos de Vapor,,
,,,,," España . Ediciones S. M., 1987. ; 246 p. ; 18 cm.",,
,,,,,ISBN : 84-348-2031-5,D,B.P. ORIENTACION
,,,,,,,
,,,,,,,
100,4/28/2009,,4/28/2009,," Wilde, Oscar",,
,,,,,El Fantasma de Canterville,,
,,,,," Argentina : Ed. E. Rei-Página/12, ; 93 p. ; 18 cm.",,
,,,,,ISBN : 950-695-064-4,D,B.P. ORIENTACION
,,,,,,,
,,,,,,,
101,4/28/2009,,4/28/2009,, Stendhal,,
,,,,,Relatos,,
,,,,,"Argentina : Ed. Salvat, 1970. ; 159 p- ; 18 cm.",D,B.P. ORIENTACION
,,,,,,,
,,,,,,,
102,4/28/2009,,4/28/2009,," Gorki, Maximo",,
,,,,,Malva,,
,,,,," Argentina : Ed. Antártica S.A.-Página/12, ; 93 p. ; 18 cm.",,
,,,,,ISBN : 950-03-154-3,D,B.P. ORIENTACION
,,,,,,,
,,,,,,,
103,2804/2009,,4/28/2009,," Gogol, Nicolás",,
,,,,,El Retrato,,
,,,,," Argentina : Ed. Alianza S.A.-Página/12, ; 93 p. ; 18 cm.",,
,,,,,ISBN : 950-695-136-5,D,B.P. ORIENTACION
,,,,,,,
,,,,,,,
104,4/28/2009,,4/28/2009,," Kipling, Rudyard",,
,,,,,Rikki - Tikki - Tavi y otras historias de la selva,,
,,,,," Argentina : Ed. Alianza S.A.-Página/12, ; 93 p. ; 18 cm.",,
,,,,,ISVN : 950-695-144-6,D,B.P. ORIENTACION
,,,,,,,
,,,,,,,
105,4/28/2009,,4/28/2009,," Conan Doyle, Arthr",,
,,,,,El carbúmclo azul,,
,,,,," Argentina : Ed.Alianza S.A.-Página/12, ; 94 p. ; 18 cm.",,
,,,,,ISBN : 950-695-127-6,D,B.P. ORIENTACION
,,,,,,,
,,,,,,,
106,4/28/2009,,4/28/2009,," Bande, Manuel",,
,,,,,Fortín La Soledad,,
,,,,," Argentina : Imprenta Lux S.R.L., 1994. ; 182 p. ; 21 cm.",,
,,,,,ISBN : 950-43-5467-X,D,B.P. ORIENTACION
,,,,,,,
,,,,,,,
107,4/28/2009,,4/28/2009,," Valera, Juan",,
,,,,,Pepita Jiménez,,
,,,,," Argentina : Ed. Losada S.A.,1939. ; 191 p. ; 17 cm.",D,B.P.ORIENTACION
,,,,,,,
,,,,,,,
108,4/28/2009,,4/28/2009,," Bullrich, Silvina",,
,,,,,Mañana digo basta,,
,,,,," Argentina : Ed. Sudamericana, 1975. ; 247 p. ; 17 cm.",D,B.P. ORIENTACION
,,,,,,,
,,,,,,,
109,4/28/2009,,4/28/2009,," de Ibarbourou, Juana",,
,,,,,Chico Carlo,,
,,,,," Argentina : Ed. KAPELUSZ, 1958. ; 118 p. ; 13 cm.",D,B.P. ORIENTACION
,,,,,,,
,,,,,,,
110,4/28/2009,,4/28/2009,," Casona, Alejandro",,
,,,,,Los árboles mueren de pie,,
,,,,," Argentina : Ed. Losada S.A., 1984. ; 105 p. ; 17 cm.",D,B.P. ORIENTACION
,,,,,,,
,,,,,,,
111,4/28/2009,,4/28/2009,, Asociación Santafesina de Escritores,,
,,,,,Mesa de Homenajes,,
,,,,," Argentina : Imprenta Lux, 1997. ; 361 p. ; 21 cm.",D,B.P. ORIENTACION
,,,,,,,
,,,,,,,
112,4/28/2009,,4/28/2009,," London, Jack",,
,,,,,Diablo,,
,,,,," Argentina : Ed. Rei-página/12, ; 94 p. ; 18 cm.",,
,,,,,ISBN : 950-695-067-9,D,B.P. ORIENTACION
,,,,,,,
,,,,,,,
113,4/28/2009,,4/28/2009,," Machado, Antonio",,
,,,,,Antología,,
,,,,," Argentina : Ed. Losada S.A.-Página/12, ; 94 p. ; 18 cm.",,
,,,,,ISBN : 950-695-088-1,D,B.P. ORIENTACION
,,,,,,,
,,,,,,,
114,4/28/2009,,4/28/2009,," de Cervantes Saavedrta, Miguel",,
,,,,,Novelas Ejemplares,,
,,,,," Argentina : Ed. Sopena S.A., 1958. ; 171 p. ; 21 cm.",D,B.P. ORIENTACION
,,,,,,,
,,,,,,,
115,4/28/2009,,4/28/2009,," Flavín, Martín",,
,,,,,El Hechizado,,
,,,,," Argentina : Ed. Sudamericana, 1984. ; 431 p. ; 18 cm.",D,B.P. ORIENTACION
,,,,,,,
,,,,,,,
116,4/28/2009,,4/28/2009,,"  London, Jack",,
,,,,,La huelga general,,
,,,,," Argentina : Ed. Rei-Página/12, ; 92 p. ; 18 cm.",,
,,,,,ISBN : 950-695-126-8,D,B.P. ORIENTACION
,,,,,,,
,,,,,,,
117,4/28/2009,,4/28/2009,," Renata, Eugenia",,
,,,,,Podemos juntar flores,,
,,,,," Argentina : Imp. Lux, 2005. ; 236 p. ; 19 cm.",,
,,,,,ISBN : 987-43-9485-4,D,B.P. ORIENTACION
,,,,,,,
,,,,,,,
118,4/28/2009,,4/28/2009,," Conrad, Josepe",,
,,,,,La posada de las dos brujas,,
,,,,," Argentina : Ed. Alianza S.A.-página/12, ; 93 p. ; 18 cm.",,
,,,,,ISBN : 950-695-103-2,D,B.P ORIENTACION
,,,,,,,
,,,,,,,
119,4/28/2009,,4/28/2009,," Machado, antonio",,
,,,,,Los Máximos Creadores,,
,,,,," Argentina : Ed. Perfil S.A., 1997. ; 62 p. ; 15 cm.",,
,,,,,ISBN : 950-639-031-2,D,B.P. ORIENTACION
,,,,,,,
,,,,,,,
120,4/28/2009,,4/28/2009,," Chejov, Anton",,
,,,,,El Monje Negro,,
,,,,," Argentina : Ed. Alianza S.A.-Página/12, ; 95 p. ; 18 cm.",,
,,,,,ISBN : 950-695-055-5,D,B.P. ORIENTACION
,,,,,,,
,,,,,,,
121,4/28/2009,,4/28/2009,," Neruda, Pablo",,
,,,,,Los Máximos Creadores,,
,,,,," Argentina : Ed. Perfil S.A., 1997. ; 60 p. ; 15 cm.",,
,,,,,ISBN : 950-639-032-0,D,B.P.ORIENTACION
,,,,,,,
,,,,,,,
122,4/28/2009,,4/28/2009,," Lafond, Jaques",,
,,,,,Las mejores recetas con soja,,
,,,,," Argentina : Gama Prod. Gráfica, 2002. ; 94 p. ; 19 cm.",,
,,,,,ISBN : 950-768-398-4,D,B.P. ORIENTACION
,,,,,,,
,,,,,,,
123,4/28/2009,,4/28/2009,, WATCH TOWER BIBLE AND TRACT SOCIETY OF ,,
,,,,, PENNSILVANIA INTERNATIONAL BIBLE STUDENTS,,
,,,,, ASSOCIATION,,
,,,,,"La vida … ¿Cómo se presentó aquí? ¿Por evolución , o",,
,,,,,por ceración?,,
,,,,," Estados Unidos : Brooklyn, 1985. ; il. ; 255p. ; 23 cm.",D,B.P. ORIENTACION
,,,,,,,
,,,,,,,
124,4/28/2009,,4/28/2009,," Vecchioli, Mario R.",,
,,,,,Obra Poética édita e inédita,,
,,,,," Argentina : Ed. Municipalidad de Rafaela, 1981.; 155-",,
,,,,,                     328 p. ; 26 cm.,D,B.P. ORIENTACION
,,,,,,,
,,,,,,,
125,4/28/2009,,4/28/2009,," Seton, Anya",,
,,,,,Verde Oscuridad -Novela Romántica,,
,,,,," Argentina : Emecé, 1979. ; 490p. ; 19 cm.",D,B.P. ORIENTACION
,,,,,,,
,,,,,,,
126,4/28/2009,,4/28/2009,," Bande, Manuel",,
,,,,,Cuentos de por aquí nomas,,
,,,,," Argentina : Imp. Lux, 1996. ; 139 p. ; 21 cm.",,
,,,,,ISBN : 987-99646-3-2,D,B.P. ORIENTACION
,,,,,,,
,,,,,,,
127,4/28/2009,,4/28/2009,, Goethe,,
,,,,,Werther,,
,,,,," Argentina : SALVAT Editores S.A., 1969. ; 173 p. ; 18 cm.",D,B.P.ORIENTACION
,,,,,,,
,,,,,,,
,,,,,,,
128,4/28/2009,,4/28/2009,," Conan Doyle, Arthur",,
,,,,,Sherlock Holmes El aristócrata solterón,,
,,,,," Argentina : Ed. Alianza S.A.-Página/12, ; 94 p. ; 18 cm.",,
,,,,,ISBN :950-695-134-9,D,B.P. ORIENTACION
,,,,,,,
,,,,,,,
129,4/28/2009,,4/28/2009,," de Quincey, Thomas",,
,,,,,La rebelión de los tártaros,,
,,,,," Argentina : Ed. Rei S.A.-Página/12, ; 94 p. ; 18 cm.",,
,,,,,ISBN : 950-695-159-4,D,B.P. ORIENTACION
,,,,,,,
,,,,,,,
130,4/28/2009,,4/28/2009,," Bierce, Ambrose",,
,,,,,Los ojos de la pantera y otros relatos,,
,,,,," Argentina : Ed. Rei-Página/12, ; 93 p. ; 18 cm.",,
,,,,,ISBN : 950-695-131-4,D,B.P. ORIENTACION
,,,,,,,
,,,,,,,
131,4/28/2009,,4/28/2009,," Bierce, Ambrose",,
,,,,,Un jinete por el cielo,,
,,,,," Argentina : Ed. Alianza S.A.-Página/12, ; 93 p. ; 18 cm.",,
,,,,,ISVN : 950-695-132-0,D,B.P. ORIENTACION
,,,,,,,
,,,,,,,
132,4/28/2009,,4/28/2009,," Chesterton, Gilbert Keith",,
,,,,,El candor del Padre Brown,,
,,,,," Argentina : Ed. Alianza S.A.-Página/12, ; 93 p. ; 18 cm.",,
,,,,,ISBN : 950-695-059-8,D,B.P. ORIENTACION
,,,,,,,
,,,,,,,
133,4/28/2009,,4/28/2009,," Sabato, Ernesto",,
,,,,,Informe sobre ciegos,,
,,,,," Argentina : Rd. Espasa Calpe-Página/12, ; 119 p. ; 18 cm.",,
,,,,,ISBN : 987-9015-06-1,D,B.P. ORIENTACION
,,,,,,,
,,,,,,,
134,4/28/2009,,4/28/2009,," Bret Harte, Francis",,
,,,,,El MONTE DEL Diablo y otros relatos,,
,,,,," Argentina : Ed. Rei-Página/12, ; 94 p. ; 18 cm.",,
,,,,,ISBN : 950-695-079-C,D,B.P. ORIENTACION
,,,,,,,
,,,,,,,
135,4/28/2009,,4/28/2009,," Goglo, Nikolai V.",,
,,,,,El Capote,,
,,,,," Argentina : Ed. Rei-Página/12, ; 95 p. ; 18 cm.",,
,,,,,ISBN : 950-695-120-9,D,B.P. ORIENTACION
,,,,,,,
,,,,,,,
136,4/28/2009,,4/28/2009,," Kafka,Franz",,
,,,,,La Metamorfosis,,
,,,,," Argentina : Ed. Cátedra S.A.-Página/12, ; 94 p. ; 18 cm.",,
,,,,,ISBN : 950-695-053-9,D,B.P. ORIENTACION
,,,,,,,
,,,,,,,
137,4/28/2009,,4/28/2009,," Bullrich, Silvina",,
,,,,,Los Pasajeros del Jardín,,
,,,,,"Argentina : Emecé Editores, 1971. ; 185 p. ; 18 cm. ",D,B.P. ORIENTACION
,,,,,,,
,,,,,,,
138,4/28/2009,,4/28/2009,," Ribeiro, Alex",,
,,,,,¿Quién ganó la COPA MUNDIAL?,,
,,,,," Estados Unidos : Ed. CARIBE, 1998. ; 138 P. ; IL. ; 20 CM.",,
,,,,,ISBN : 0-88113-495-3,D,B.P. ORIENTACION
,,,,,,,
,,,,,,,
139,4/28/2009,,4/28/2009,," Puig, Manuel",,
,,,,,Boquitas pintadas,,
,,,,," España : Ed. AGEA. S.A., 1969. ; 171 p. ; 21 cm.",,
,,,,,ISBN : 84-95594-60-9,D,B.P. ORIENTACION
,,,,,,,
,,,,,,,
140,4/28/2009,,4/28/2009,," Ramos-Olivera, Antonio",,
,,,,,La Vida de un Rey Memorias del duque de Windsor,,
,,,,," Mexico : Ed. Mexicana S.A., 1951. ; il. ; 379 p. ; 21cm. ",D,B.P. ORIENTACION
,,,,,,,
,,,,,,,
141,4/28/2009,,4/28/2009,, Imaginador,,
,,,,,Diseños de tortas para fiestas,,
,,,,," Argentina : IMPRECO GRAFIA, 1996. ; il. ; 15 p. ; 27 cm.",,
,,,,,ISBN : 950-768-111-6,D,B.P. ORIENTACION
,,,,,,,
,,,,,,,
142,4/28/2009,,4/28/2009,," Cornwell, Patricia",,
,,,,,Predator,,
,,,,,"Argentina : Ediciones B S.A., 2006. ; 391 p. ; 22 cm",,
,,,,,ISBN : 84-666-2911-4,D,B.P. ORIENTACION
,,,,,,,
,,,,,,,
143,4/28/2009,,4/28/2009,," De Santais, Pablo",,
,,,,,El enigma de París,,
,,,,,"Argentina : Ed. Planeta S.A., 2007. ; 281 p. ; 22 cm.",,
,,,,,ISBN : 978-958-42-1686-1,D,B.P. ORIENTACION
,,,,,,,
,,,,,,,
144,4/28/2009,,4/28/2009,," Colin A, Roman",,
,,,,,Secretos del cosmos,,
,,,,," Argentina : SALVAT,Editores, 1970. ; 178 p. ; 18 cm.",D,B.P. ORIENTACION
,,,,,,,
,,,,,,,
145,4/28/2009,,4/28/2009,," De Vega, Lope",,
,,,,,FUENTEOVEJUNA,,
,,,,," Argentina : Ed. Sopena,1959. ; 158 p. ; 19 cm.",D,B.P. ORIENTACION
,,,,,,,
,,,,,,,
146,4/28/2009,,4/28/2009,," Del Campo, Estanislao",,
,,,,,FAUSTO,,
,,,,," Argentina : Ed. Sopena, 1958. ; 163 p. ; 19 cm.",D,B.P. ORIENTACION
,,,,,,,
,,,,,,,
147,4/28/2009,,4/28/2009,," De Rojas, Fernanado",,
,,,,,La Celestina,,
,,,,," Argentina : Ed. Sopena, 1958. ; 142 p. ; 22 cm.",D,B.P. ORIENTACION
,,,,,,,
,,,,,,,
148,4/28/2009,,4/28/2009,," Dumas, Alejandro",,
,,,,,Los Tres Mosqueteros,,
,,,,,                : 352 p. ; 23 cm.,D,B.P. ORIENTACION
,,,,,,,
,,,,,,,
149,5/26/2009,,5/26/2009,, READER'S DIGEST COLECCIÓN DE LIB. SELECTOS,,
,,,,,Libros Selectos,,
,,,,," México : Reader's Digest, 2000. ; il. ; 574 p. ; 19 cm.",,
,,,,,ISSN : 1405-7999 ,D,YOLANDA ZACARIAS
,,,,,,,
,,,,,,,
150,5/26/2009,,5/26/2009,, READER'S DIGEST COLECCIÓN DE LIB. SELECTOS,,
,,,,,Libros Selectos,,
,,,,,"México : Reader's Digest, 2000.; il. 574 p. ; 19 cm.",,
,,,,,ISSN1405-7999,D,YOLANDA ZACARIAS
,,,,,,,
,,,,,,,
151,5/26/2009,,5/26/2009,," Baum, Vicky",,
,,,,,El lago de las damas,,
,,,,," España : Ed. Planeta/Bruguera, 1985. ; 219 p. ; 19 cm.",,
,,,,,ISBN : 84-320-8200-1,D,YOLANDA ZACARIAS
,,,,,,,
,,,,,,,
152,5/26/2009,,5/26/2009,," Dayub, Gerardo A.",,
,,,,,Gestión Cultural en Entre Ríos,,
,,,,," Argentina : Delta Editora, 2008. ; 107 p. ; 21 cm. ",D,YOLANDA ZACARIAS
,,,,,,,
,,,,,,,
153,5/26/2009,,5/26/2009,," Beloff, Mary Ana y Otros",,
,,,,,Cuadernos de la carcel,,
,,,,," Argentina :   ,1991. ; 157 p. ; 19 cm.",,
,,,,,,D,YOLANDA ZACARIAS
,,,,,,,
,,,,,,,
154,5/26/2009,,5/26/2009,, Ministerio de Salud y Acción Social,,
,,,,,Funciones Esenciales de Salud Pública,,
,,,,," Argentina : Ministerio de Saluda, 2008. ; 119 p. ; 23 cm.",,
,,,,,ISBN : 978-950-710-113-7,D,YOLANDA ZACARIAS
,,,,,,,
,,,,,,,
155,5/26/2009,,5/26/2009,," Truffer, Isabel - Storani, Silvia M.",,
,,,,,El Campo de Ciencia y Tecnología de la UNER,,
,,,,," Argentina : UNER,2004. ; il. ; 280 p. ; 24 cm. ",,
,,,,,ISBN : 950-698-118-3,D,YOLANDA ZACARIAS
,,,,,,,
,,,,,,,
156,7/29/2009,,7/29/2009,," Chomsky, Noam - Petra, James - Morley, Morris",,
,,,,,Clinton La Política del actual Gobierno de EE. UU.,,
,,,,," Chile : Ed. Antártica S.A., 1994.  ; 128 p. ; 19 cm.",,
,,,,,ISBN : 950-860-017-9,D,B.P. ORIENTACION
,,,,,,,
,,,,,,,
157,7/29/2009,,7/29/2009,," Renata, Eugenia",,
,,,,,Podemos juntar flores PARTE 1,,
,,,,," Argentina : Imp. Lux S.A., 2005. ; 236 p. ; 19 cm. ",,
,,,,,ISBN : 987-43-9485-4,D,B.P. ORIENTACION
,,,,,,,
,,,,,,,
158,7/29/2009,,7/29/2009,," Renata, Eugenia",,
,,,,,Podemos juntar flores PARTE 2,,
,,,,," Argentina : Imp. Lux S.A., 2006. ; 257 p. 14 cm. ",,
,,,,,ISBN : 987-05-1277-1,D,B.P. ORIENTACION
,,,,,,,
,,,,,,,
159,7/28/2009,,7/29/2009,," Renata, Eugenia",,
,,,,,Podemos juntar flores PARTE 3,,
,,,,," Argentina : Imp. Lux S.A., 2006. ; 206 p. ; 14 cm.",,
,,,,,ISBN : 987-05-0968-1,D,B.P. ORIENTACION
,,,,,,,
,,,,,,,
160,7/29/2009,,7/29/2009,," Orgambide, Pedro",,
,,,,,Ezequiel Martínez Estrada ANTOLIGIA,,
,,,,," Chile : Ed. Antartíca S.A., 1995. ; 128 p. ; 19 cm.",,
,,,,,ISBN : 950-860-024-1,D,B.P. ORIENTACION
,,,,,,,
,,,,,,,
161,7/29/2009,,7/29/2009,," Gorini, Ulises",,
,,,,,Tópicos utópicos - dialogos con la izquierda europea,,
,,,,," Chile : Ed. Antártica S.A., 1994. ; 128 p. ; 19 cm.",,
,,,,,ISBN : 950-860-011-X,D,B.P. ORIENTACION
,,,,,,,
,,,,,,,
162,7/29/2009,,7/29/2009,," Gilio, María Esther",,
,,,,,Conversaciones,,
,,,,," Chile : Ed. Antártica S.A., 1993. ; 128p.  ;19 cm.",,
,,,,,ISBN : 950-860-005-5,D,B.P. ORIENTACION
,,,,,,,
,,,,,,,
163,7/29/2009,,7/29/2009,," Di Stefano, Maria",,
,,,,,Españoles Antología de Cuentos 1980-1993,,
,,,,," Chile : Ed. Antártica S.A., 1994. ; 128 p. ; 19 cm.",,
,,,,,ISBN : 950-860-015-2 ,D,B.P. ORIENTACION
,,,,,,,
,,,,,,,
164,7/29/2009,,7/29/2009,," Villafañe, Javier",,
,,,,,Antología Personal,,
,,,,," Chile : Ed. Antártica S.A., 1993. ; 128 p. ; 19 cm.",,
,,,,,ISBN : 950-860-006-3,D,B.P. ORIENTACION
,,,,,,,
,,,,,,,
165,7/29/2009,,7/29/2009,," Alvarez, Patricia",,
,,,,,Ecos del Sur la otra Ecología,,
,,,,,"Chile : Ed. Antártica S.A., 1994. ; 128 p. ; 19 cm.",,
,,,,,ISBN : 950-860-009-8,D,B.P. ORIENTACION
,,,,,,,
,,,,,,,
166,7/29/2009,,7/29/2009,," Orgambide, Pedro",,
,,,,,Gauchos y Soldados,,
,,,,," Chile : Ed. Antártica S.A., 1994.; 128 p. ; 19 cm.",,
,,,,,ISBN : 950-860-013-6,D,B.P. ORIENTACION
,,,,,,,
,,,,,,,
167,7/29/2009,,7/29/2009,," Tomossi, Jorge",,
,,,,,Crónicas casi reales,,
,,,,," Chile : Ed. Antártica S.A., 1995. ; 128 p. ; 19 cm.",,
,,,,,ISBN : 950-860-020-9,D,B.P. ORIENTACION
,,,,,,,
,,,,,,,
168,7/29/2009,,7/29/2009,," Moreno, Horacio",,
,,,,,Lo Fantastico cuentos de realidad e imaginación,,
,,,,, Chile : Ed. Antártica S.A. ; 1993. ; 128 p. ; 19 cm.,,
,,,,,ISBN : 950-860-004-7,D,B-.P-ORIENTACION
,,,,,,,
,,,,,,,
169,7/29/2009,,7/29/2009,," Preidemberg, Daniel",,
,,,,,En la noche historias despues de hora,,
,,,,," Chile : Ed. Antártica S.A., 1995. ; 128 p. ; 19 cm.",,
,,,,,ISBN : 950-860-023-3,D,B.P. ORIENTACION
,,,,,,,
,,,,,,,
170,7/29/2009,,7/29/2009,," Dottori, Nora - Lafforgue, Jorge",,
,,,,,Las Fronteras,,
,,,,," Chile : Ed. Antártica S.A., 1993. ; 128 p. ; 19 cm.",,
,,,,,ISBN : 950-99942-8-6,D,B.P. ORIENTACION
,,,,,,,
,,,,,,,
171,7/29/2009,,7/29/2009,," Mayer, Marcos",,
,,,,,El Peronismo Historias de una pasión argentina,,
,,,,," Chile : Ed. Antártica S.A., 1994. ; 128 p. ; 19 cm.",,
,,,,,ISBN : 950-860-016-0,D,B.P. ORIENTACION
,,,,,,,
,,,,,,,
172,7/29/2009,,7/29/2009,," Puiggros, Adriana - Waldman, Fabiana",,
,,,,,La educación ¿Hacia que fututro mira?,,
,,,,," Chile : Ed. Antártica S.A. , 1994. ; 128 p. ; 19 cm.",,
,,,,,ISBN : 950-860-014-4,D,B.P. ORIENTACION
,,,,,,,
,,,,,,,
173,7/29/2009,,7/29/2009,," Shakespeare, William",,
,,,,,Hamlet,,
,,,,," Argentina : Ed. Salvat S.A., 1982. ; 171 p. ; 18 cm.",,
,,,,,ISBN :  84-345-8020-9,D,B.P. ORIENTACION
,,,,,,,
,,,,,,,
174,4/21/2010,,4/21/2010,," De Miguel, María Esther",,
,,,,,un dandy en la corte del Rey Alfonso,,
,,,,," Argentina : Ed. Planeta, 2000. ; 396 p. ; 18 cm.",,
,,,,,ISBN : 950-49-0625-5,D,MIGUEL MAIN
,,,,,,,
,,,,,,,
175,4/21/2010,,4/21/2010,," Fernández Díaz, Jorge",,
,,,,,Mamá,,
,,,,," Argentina : Ed. Sudamericana, 2002. ; 223 p. ; 21 cm.",,
,,,,,ISBN : 950-07-2277-1,D,MIGUEL MAIN
,,,,,,,
,,,,,,,
176,4/21/2010,,4/21/2010,," Orwell, george",,
,,,,,1 9 8 4,,
,,,,," España : Ed. Millenium, 1984. ; 252 p. ; 19 cm.  ",D,MIGUEL MAIN
,,,,,,,
,,,,,,,
177,4/21/2010,,4/21/2010,," Bioy Casares, Adolfo y Borges, Jorge Luis",,
,,,,,Los mejores cuentos Policiales (Selección),,
,,,,," Argentina : Emecé Editores, 1962. ; 329 p. ; 17 cm. ",,
,,,,,ISBN : 84-206-1368-1,D,MIGUEL MAIN
,,,,,,,
,,,,,,,
178,4/21/2010,,4/21/2010,," García Márquez, Gabriel",,
,,,,,La mala hora,,
,,,,," Argentina : Ed. Sudamericana, 1973. ; 203 p. ; 16 cm.",D,MIGUEL MAIN
,,,,,,,
,,,,,,,
179,4/21/2010,,4/21/2010,," García Márquez, Gabriel",,
,,,,,Ojos de perro azul,,
,,,,,"  España : Ed. Plaza & Janes S.A., 1974. ; 140 p. ; 17 cm.",,
,,,,,ISBN : 84-01-144108-0,D,MIGUEL MAIN
,,,,,,,
180,4/21/2010,,4/21/2010,," García Marquez, Gabriel",,
,,,,,Relato de un Naufrago,,
,,,,," España : Tusquets Editor, 1978. ; 88 p. ; 17 cm.",D,MIGUEL MAIN
,,,,,,,
,,,,,,,
181,4/21/2010,,4/21/2010,," Simenon, Georges",,
,,,,,El asesino del canal,,
,,,,," Argentina : Ed. Planeta, 1994. ; 179 p. ; 17 cm.",,
,,,,,ISBN : 84-7223-443-6,D ,MIGUEL MAIN
,,,,,,,
,,,,,,,
182,4/21/2010,,4/21/2010,," Puzo, Mario",,
,,,,,Los Tontos Mueren,,
,,,,," España : Ed. Grijalbo, 1980. ;  598 p. ; 18 cm.",,
,,,,,ISBN : 84-253-1080-6,D,MIGUEL MAIN
,,,,,,,
,,,,,,,
183,4/21/2010,,4/21/2010,," Miller, Henry",,
,,,,,La crucifixión rosada NEXUS,,
,,,,," Argentina : Santiago Rueda Ed., 1969. ; 350 p. ; 19 cm.",D,MIGUEL MAIN
,,,,,,,
,,,,,,,
184,4/21/2010,,4/21/2010,," Wesr, Morris",,
,,,,,El Navegante,,
,,,,," España : Ed. Pomaire, 1978. ; 397 p. ; 17 cm.",,
,,,,,ISBN : 84-286-0138-0,D,MAIN MIGUEL
,,,,,,,
,,,,,,,
185,5/7/2010,,5/7/2010,," Kinsale, Laura",,
,,,,,El corazón escondido,,
,,,,," Argentina : Javier Vergara Ed., 1993. ; 318p. ; 22 cm.",,
,,,,,ISBN : 950-15-1322-X,D,ROBERTO ARAGON
,,,,,,,
,,,,,,,
186,07/05/201,,5/7/2010,," Fernanadez De La Reguera, Ricardo",,
,,,,,Experimento,,
,,,,," España : Plaza & Janes, 1974. ; 151 p. ; 18 cm. ",,
,,,,,ISBN : 84-01-44073-4,D,ROBERTO ARAGON
,,,,,,,
,,,,,,,
187,5/7/2010,,5/7/2010,, Historias Bíblicas,,
,,,,,Mi libro de Historias Bíblicas,,
,,,,," Estados Unidos : My Book of Biblie Stories, 1978. ; il. ;",,
  ,,,,,                                  116 p. ; 15 cm.,D,ROBERTO ARAGON
,,,,,,,
,,,,,,,
188,5/7/2010,,5/7/2010,," de Wahite, Elena G.",,
,,,,,El Camino a Cristo,,
,,,,," Argentina : Editora Sudamericana, 1985. ; 128 p. ; 16 cm. ",,
,,,,,ISBN : 950-573-082-9 ,D,ROBERTO ARAGON
,,,,,,,
,,,,,,,
189,5/7/2010,,5/7/2010,," Sagan, Carl",,
,,,,,La conexión cósmica,,
,,,,," Argentina : Ed. Hyspamerica, 1978. ; 255 p. ; 19 cm. ",,
,,,,,ISBN : 84-7634-115-6,D,ROBERTO ARAGON
,,,,,,,
,,,,,,,
190,5/7/2010,,5/7/2010,," McNaught, Judith",,
,,,,,Mentira de Amor,,
,,,,," Argentina : Ed. Atlántida, 1984. ; 278 p. ; 17 cm.",,
,,,,,ISBN : 950-08-1302-5,D,ROBERTO ARAGON
,,,,,,,
,,,,,,,
191,5/7/2010,,5/7/2010,," Maurois, Andre",,
,,,,,Napoleón,,
,,,,," España : Salvat Editores, 1985. ; il. ; 189 p. ; 19 cm.",,
,,,,,ISBN : 84-345-8148-9,D,ROBERTO ARAGON
,,,,,,,
,,,,,,,
192,5/7/2010,,5/7/2010,," Camus, Albert",,
,,,,,La peste,,
,. ,,,," Argentina : Ed. Seix Barral, 1985. ; 234 p. 18 cm. ",D ,ROBERTO ARAGON
,,,,,,,
,,,,,,,
193,5/20/2010,,5/20/2010,," Heller, Jane",,
,,,,,Falsa identidad,,
,,,,," Argentina : Ed. Claridad, 2009. ; 318 p. ; 22 cm.",,
,,,,,ISBN : 978-950-620-261-3,C,ED. HELIASTA (BS.AS.)
,,,,,,,
,,,,,,,
194,5/20/2010,,5/20/2010,," Parquer, Alan",,
,,,,,El beso del Incauto,,
,,,,," Argentina : Ed. Emecé, 2008. ; 260 p. ; 22 cm.",,
,,,,,ISBN : 978-950-04-3009-8,C,DICKENS LIBROS (BS.AS.)
,,,,,,,
,,,,,,,
195,5/20/2010,,5/20/2010,," Crusie, jennifer",,
,,,,,La falsificadora (grandes novelistas),,
,,,,," Argentina: Ed. Emecé, 2008. ; 316 p. ; 22 cm.",,
,,,,,ISBN : 978-950-04-3017-3,C,DICKENS LIBROS (BS. AS.)
,,,,,,,
,,,,,,,
196,5/20/2010,,5/20/2010,," Conan Doyle, Arthur",,
,,,,,El regreso de Sherlock Holmes,,
,,,,," Argentina : Ed. Claridad, 2010. ; 301 p. ; 21 cm.",,
,,,,,ISBN : 978-950-620-166-1,C,ED. HELIASTA (BS. AS.)
,,,,,,,
,,,,,,,
197,5/20/2010,,5/20/2010,," Poe, Edgar Alan",,
,,,,,Cuentos de humor y sátira,,
,,,,," Argentina : Ed. Claridad, 2007. ; 314 p. ; 21 cm.",,
,,,,,ISBN : 950-620-157-9,C,ED. HELIASTA (BS. AS.)
,,,,,,,
,,,,,,,
198,5/20/2010,,5/20/2010,," Quinn, Daniel",,
,,,,,A.D. El año que cambió el mundo (grandes novelistas),,
,,,,," Argentina : Ed. Emecé, 2008. ; 165 p. ; 22 cm.",,
,,,,,ISBN : 978-950-04-3006-7,C,DICKENS LIBROS (BS. AS.)
,,,,,,,
,,,,,,,
199,5/20/2010,,5/20/2010,," Conan Doyle, Arthur",,
,,,,,Relatos de misterio,,
,,,,," Argentina : Ed. Claridad, 2007. ; 109 p. 22 cm.",,
,,,,,ISBN : 798-950-620-230-9,C,ED. HELIASTA (BS. AS.)
,,,,,,,
,,,,,,,
200,5/20/2010,,5/20/2010,,"Christie, Agatha",,
,,,,,El misterio del tren azul,,
,,,,," Argentina : Ed. Planeta, 2006. ;  207 p, ; 18 cm.",,
,,,,,ISBN : 978-950-49-1619-2,C,DICKENS LIBROS (BS. A.S.)
,,,,,,,
,,,,,,,
201,5/20/2010,,5/20/2010,," Christie, Agatha",,
,,,,,Intriga en Bagdad,,
,,,,," Argentina : Ed. Planeta, 2007. ; 199 p. ; 18 cm.",,
,,,,,ISBN : 978-950-49-1670-3,C,DICKENS LIBROS (BS. AS.)
,,,,,,,
,,,,,,,
202,5/20/2010,,5/20/2010,," Christie, Agatha",,
,,,,,Los elefantes pueden recordar,,
,,,,," Argentina : Ed. Planeta, 2006. ; 174 p. 18 cm.",,
,,,,,ISBN : 978-950-49-1616-1,C,DICKENS LIBROS (BS. AS.)
,,,,,,,
,,,,,,,
203,5/20/2010,,5/20/2010,," Christie, Agatha",,
,,,,,El espejo roto,,
,,,,," Argentina : Ed. Planeta, 2006. ; 215 p. ; 18 cm.",,
,,,,,ISBN : 978-950-49-1618-5,C,DICKENS LIBROS (BS. AS.)
,,,,,,,
,,,,,,,
204,5/20/2010,,5/20/2010,," Christie, Agatha",,
,,,,,Cianuro espumoso,,
,,,,," Argentina : Ed. Planeta, 2006. ; 214 p. ; 18 cm.",,
,,,,,ISBN : 978-950-49-1613-0,C,DICKENS LIBROS (BS. AS.)
,,,,,,,
,,,,,,,
205,5/20/2010,,5/20/2010,," Poe, Edgar Alan",,
,,,,,Cuentos de horror y misterio,,
,,,,," Argentina : Ed. Claridad, 2005. ; 379 p. ; 21 cm.",,
,,,,,ISBN : 950-620-158-7,C,"ED. HELIASTA (BS, AS.)"
,,,,,,,
,,,,,,,
206,2/22/2011,,2/22/2011,," Lapajufker, Marcelo",,
207,,,,,Hay dos cartas sin abrir,,
208,,,,," Argentina : Ed. El Autor, 2007 ;  il. ; 310 p.; 21 cm.   ",,
,,,,,ISBN : 978-987-05-3595-9,C,CUSPIDE Libros S.A.
,,,,,,,
,,,,,,,
209,2/22/2011,,2/22/2011,," Feinmann, José Oablo",,
,,,,,Peronismo Filosofía polítiva de una persistencia argentina,,
,,,,," Argentina : Ed. Planeta, 2010 ; 740 p. ; 22 cm.",,
,,,,,ISBN : 978-950-49-2378-7,C,CUSPIDE Libros S.A.
,,,,,,,
210,2/22/2011,,2/22/2011,," Rozitchner, Leon",,
,,,,,Las desventuras del sujeto político,,
,,,,," Argentina : Ed. El Cielo por Asalto, 1996 ; 255 p. ; 21 cm.",,
,,,,,ISBN : 987-9035-08-9,C,CUSPIDE Libros S:A.
,,,,,,,
,,,,,,,
211,2/22/2011,,2/22/2011,," Alvarado, Maite",,
,,,,,El Lecturón II La máquina de hacer lectores,,
,,,,," Argentina : Ed. El Hacedor, 2010 ; il. ; 139 p. ; 22 cm.",,
,,,,,ISBN : 978-987-9272-04-6,C,CUSPIDE Libros S.A.
,,,,,,,
,,,,,,,
212,2/22/2011,,2/22/2011,," Chapra, Steven C. - Canale, Raymond P.",,
,,,,,Métodos numéricos para ingenieros,,
,,,,," México : Ed. McGraw-Hill, 2007 ; il. ; 977 p. ; 23 cm.",,
,,,,,ISBN : 978-970-10-6114-5,C,CUSPIDE Libros S:A.
,,,,,,,
,,,,,,,
213,2/22/2011,,2/22/2011,," Osorio, Fernanado",,
, ,,,,¿Qué función cumplen los padres de un niño?,,
,,,,, Argentina : Ed. Novedades Educ. ; 2008 ; 94 p. ; 25 cm.,,
,,,,,ISBN : 978-987-538-230-5,C,CUSPIDE Libros S.A.
,,,,,,,
,,,,,,,
214,2/22/2001,,2/22/2011,," Coelho, Paulo",,
215,,,,,Palabras esenciales II,,
,,,,," Argentina : -ed. Lidia M. Riba, 2008 ; il ; 91 p. ; 18 cm.",,
,,,,,ISBN : 978-987-612-146-0,C,CUSPIDE Libros S.A.
,,,,,,,
,,,,,,,
216,2/22/2010,,2/22/2011,," Devetach, Laura",,
217,,,,,Cuento de los enrredos,,
,,,,," Argentina : Ed. Grupo AIQUE, 2005 ; IL. ; 23 P. ; 19 CM.",,
,,,,,ISBN : 950-701-542-6,C,CUSPIDE Libros S.A.
,,,,,,,
,,,,,,,
218,2/22/2011,,2/22/2011,," Cortázar, Julio",,
219,,,,,Cuentos completos 1,,
,,,,," Argentina : Ed. ALFAGUARA, 2010 ; 639 p. ; 23 cm.",,
,,,,,ISBN : 978-987-04-1472-8,C,CUSPIDE Libros S.A.
,,,,,,,
,,,,,,,
220,2/22/2011,,2/22/2011,," Balagurusamy, E.",,
,,,,,Programación orientada a objetos con c++,,
,,,,," España : Ed. McGraw-Hill, 2007 ; il. ; 621 p. ; 23 cm.",,
,,,,,ISBN : 978-84-481-5621-3,C,CUSPIDE Libros S.A.
,,,,,,,
,,,,,,,
221,2/22/2011,,2/22/2011,," Grimaldi, Ralph P.",,
,,,,,Matemáticas discreta y combinatoria,,
,,,,," México : Ed. PEARSON, 1998 ; 874 P. ; 23 C.  ",,
,,,,,ISBN : 968-444-324-2,C,CUSPIDE Libros S.A.
,,,,,,,
,,,,,,,
222,2/22/2011,,2/22/2011,, QUINO,,
223,,,,,Mafalda inedita,,
,,,,," Argentina : Ed. De La Flor S.R.L., 1988 ; il. ; 18 cm.",,
,,,,,ISBN : 978-950-515-664-1,C,CUSPIDE Libros S.A.
,,,,,,,
,,,,,,,
224,2/22/2001,,2/22/2011,, QUINO,,
225,,,,,Humano se nace,,
,,,,," Argentina : Ed. De La Flor S.R.L., 2009 ; il. ; 126 p. ; 27 cm.",,
,,,,,ISBN : 978-950-515-680-1,C,CUSPIDE Libros S.A.
,,,,,,,
,,,,,,,
226,2/22/2011,,2/22/2011,," Fazzio, Adriana",,
227,,,,,"Niñez, Familia y Derechos Humanos",,
,,,,," Argentina : Ed. Espacio, 2010 ; 150 p. ; 22 cm.",,
,,,,,ISBN : 978-950-802-327-8,C,CUPIDE Libros S.A.
,,,,,,,
,,,,,,,
227,2/22/2011,,2/22/2011,," Coelho, Paulo",,
229,,,,,La Bruja de Portobello,,
,,,,," Argentina : Ed. Planeta, 2009 ; 295 p. ; 22 cm.",,
,,,,,ISBN : 978-950-49-2178-3,C,CUSPIDE Libros S.A.
,,,,,,,
,,,,,,,
230,2/22/2011,,2/22/2001,," De Santis, Pablo",,
231,,,,,Los anticuarios,,
,,,,," Argentina : Ed. Planeta, 2010 ; 266 p. ; 22 cm.",,
,,,,,ISBN : 978-950-49-2390-9,C,CUSPIDE Libros S.A.
,,,,,,,
,,,,,,,
232,2/22/2011,,2/22/2011,," Cook, Robin",,
233,,,,,Cuerpo extraño,,
,,,,," Argentina : Ed. Plaza & Janés, 2009 ; 443 p. 23 cm.",,
,,,,,ISBN : 978-950-644-172-2,C,CUSPIDE Libros S.A.
,,,,,,,
,,,,,,,
234,2/22/2011,,2/22/2011,," Hood, Robin",,
235,,,,,El Proscipto,,
,,,,," Argentina : Ed. Edhasa,2010 ; 446 p. ; 22 cm.",,
,,,,,ISBN : 978-987-628-089-1,C,CUSPIDE Libros S.A.
,,,,,,,
,,,,,,,
236,2/22/2010,,2/22/2011,," Allende, Isabel",,
237,,,,,El plan infinito,,
,,,,," Argentina : Ed. Sudamericana, 2009 ; 410 p. ; 18 cm.",,
,,,,,ISBN : 987-1138-88-1,C,CUSPIDE Libros S.A.
,,,,,,,
,,,,,,,
238,2/22/2011,,2/22/2011,," Cooh, Robin",,
239,,,,,ADN,,
,,,,," Argentina : Ed. Sudamericana, 2010 ; 520 p. ; 18 cm.",,
,,,,,ISBN : 978-987-566-514-9,C,CUSPIDE Libros S.A.
,,,,,,,
,,,,,,,
240,2/22/2011,,2/22/2011,," Freire, Hector J.",,
241,,,,,El Cine en su laberinto,,
,,,,," Argentina : Ed. Topía, 2009 ; 103 p. ; 22 cm.",,
,,,,,ISBN : 978-987-1185-30-6,C,CUSPIDE Libros S.A.
,,,,,,,
,,,,,,,
242,2/22/2011,,2/22/2011,," Castellano, Emanuel",,
243,,,,,El libro mágico de Harry Potter,,
,,,,," Argentina : Ed. OVNI, 2009 ; il. ; 94 p. ; 21 cm. ",,
,,,,,ISBN : 978-987-24341-9-9,C,CUSPIDE Libros S.A.
,,,,,,,
,,,,,,,
244,2/22/2011,,2/22/2011,," Rowling, J. K.",,
245,,,,,Harry Potter y el cáliz de fuego,,
,,,,," España : Ed. Salamandra, 2010 ; 635 p. ; 19 cm.",,
,,,,,ISBN : 978-84-9838-015-6,C,CUSPIDE Libros S.A.
,,,,,,,
,,,,,,,
246,2/22/2011,,2/22/2011,," Rowling, J. K.",,
247,,,,,Harry Potter y el prisionero de Azkaban,,
,,,,," España : Ed. Salamndra, 2010 ; 358 p. ; 19 cm.",,
,,,,,ISBN : 978-84-9838-014-9,C,CUSPIDE Libros S.A.
,,,,,,,
,,,,,,,
248,2/22/2011,,2/22/2011,," García Márquez, Gabriel",,
249,,,,,El amor en los tiempos del cólera,,
,,,,," Argentina : Ed. Sudamericana, 2009 ; 494 p. ; 23 cm. ",,
,,,,,ISBN : 950-07-2608-4,C,CUSPIDE Libros S.A.
,,,,,,,
,,,,,,,
250,2/22/2011,,2/22/2011,," Piglia, Ricardo",,
251,,,,,Blanco nocturno,,
,,,,," España : Ed. Anagrama, 2010 ; 299 p. ; 22 cm.",,
,,,,,ISBN : 978-84-339-7215-6,C,CUSPIDE Libros S.A.
,,,,,,,
,,,,,,,
252,2/22/2011,,2/22/2011,," Piglia, Ricardo",,
253,,,,,Plata quemada,,
,,,,," España : Ed. Anagrama, 2000 ; 227 p. ; 22 cm.",,
,,,,,ISBN : 978-84-339-2462-9,C,CUSPIDE Libros S.A.
,,,,,,,
,,,,,,,
254,2/22/2011,,2/22/2011,," Bonasso, Miguel",,
255,,,,,Diario de un clandestino,,
,,,,," Argentina : Ed. Planeta, 2010 ; il. ; 331 p. ; 23 cm.",,
,,,,,ISBN : 978-950-49-2435-7,C ,CUSPIDE Libros S.A.
,,,,,,,
,,,,,,,
256,2/22/2011,,2/22/2011,," Balmaceda, Daniel",,
257,,,,,Biografía no autorizada de 1910,,
,,,,," Argentina : Ed. Sudamericana, 2010 ; 186 p. ; 22 cm.",,
,,,,,ISBN : 978-950-07-3226-0,C,CUSPIDE Libros S.A.
,,,,,,,
,,,,,,,
258,2/22/2010,,2/22/2011,," Galeano, Eduardo",,REG 258 PERDIDO  
259,,,,,El libro de los abrazos,,EN EL FESTEJO DEL
,,,,," Argentina : Ed. Siglo Veintiuno, 2010 ; il. ; 265 p. ; 20 cm.",,DIA DEL NIÑO 15/08/2016
,,,,,ISBN : 978-987-629-116-3,C,CUSPIDE Libros S.A.
,,,,,,,
,,,,,,,
260,2/22/2011,,2/22/2011,," Devetach, Laura",,
261,,,,,Cuentos del Paí Luchi,,
,,,,,"Argentina : Ed. Sudemaricana, 2001 ; il. ; 42 p. ; 21 cm.",,
,,,,,isbn : 950-07-2090-6,C,CUSPIDE Libros S.A.
,,,,,,,
,,,,,,,
262,2/22/2011,,2/22/2011,," García Márquez, Gabriel",,
263,,,,,Vivir para contarla,,
,,,,," Argentina : Ed. Sudamericana, 2010 ; 527 p. ; 18 cm.",,
,,,,,ISBN : 987-566-029-9,C,CUSPIDE Libros S.A.
,,,,,,,
,,,,,,,
264,2/22/2011,,2/22/2011,," García Márquez, Gabriel",,
265,,,,,Cien años de soledad,,
266,,,,," Argentina : Ed. Sudamericana, 2009 : 494 p. ; 18 cm.",,
,,,,,ISBN : 987-1138-14-8,C,CUSPIDE Libros S.A.
,,,,,,,
,,,,,,,
267,2/22/2011,,2/22/2011,," Stamateas, Bernardo",,
268,,,,,AUTOBOICOT Cuando el tóxico es uno mismo,,
,,,,," Argentina : Ed. Planeta, 2009 : 190 p. ; 22 cm. ",,
,,,,,ISBN : 978-950-49-1967-4,C,CUSPIDE Libros S.A.
,,,,,,,
,,,,,,,
269,2/22/2011,,2/22/2011,," Brown, Dan",,
270,,,,,El  Código Da Vinci,,
,,,,," España : Ed. URANO, 2007 ; 666 p. ; 18 cm.",,
,,,,,ISBN : 978-84-96829-00-8,C,CUSPIDE Libros S.A.
,,,,,,,
,,,,,,,
271,2/22/2011,,2/22/2011,," De Santis, Pablo",,
272,,,,,Páginas mezcladas,,
,,,,," Argentina : Ed. Colihue, 2009 ; il. ; 91 p. ; 19 cm.",,
,,,,,ISBN : 978-950-581-222-6,C,CUSPIDE Libros S.A.
,,,,,,,
,,,,,,,
273,2/22/2001,,2/22/2011,," De Santis, Pablo",,
274,,,,,Desde el ojo del pez,,
,,,,," Argentina : Ed. Alfaguara, 2008 ; il. ; 128 p. ; 19 cm. ",,
,,,,,ISBN : 978-987-04-1065-2,C,CUSPIDE Libros S.A.
,,,,,,,
,,,,,,,
,,,,,,,
,,,,,,,
275,2/22/2011,,2/22/2011,," Rapoport, Mario",,
,,,,,Las políticas económicas de la Argentina,,
,,,,," Argentina : Ed. Booket, 2010 ; 511 p. ; 18 cm.",,
,,,,,ISBN : 978-987-580-370-4,C,CUSPIDE Libros S.A.
,,,,,,,
,,,,,,,
276,2/22/2011,,2/22/2011,," Sabato, Hilda",,
277,,,,,Pueblo y Política la construcción de la Arg. Moderna,,
,,,,," Argentina : Capital Intelectual, 2010 ; 123 p. ; 19 cm.",,
,,,,,ISBN : 978-987-614-216-8,C,CUSPIDE Libros S.A.
,,,,,,,
,,,,,,,
278,2/22/2011,,2/22/2011,," Arreche, Araceli y Otros",,
279,,,,,El Teatro y Los Niños,,
,,,,," Argentina : Ed. Atuel, 2006 ; 223 p. ; 18 cm.",,
,,,,,ISBN : 987-1155-23-9,C,CUSPIDE Libros S.A.
,,,,,,,
,,,,,,,
280,2/22/2001,,2/22/2011,," Rowling, J. K.",,
281,,,,,Harry Potter y las reliquias de la muerte,,
,,,,," España : Ed. Salamandra, 2008 ; 638 p. ; 19 cm.",,
,,,,,ISBN : 978-84-9838-144-3,C,CUSPIDE Libros S.A.
,,,,,,,
,,,,,,,
282,2/22/2011,,2/22/2011,," Brown, Dan",,
283,,,,,Angeles y Demonios,,
,,,,," España : Ed. URANO, 2009 ; 725 p. ; 18 cm.",,
,,,,,ISBN : 978-84-92516-51-3,C,CUSPIDE Libros S.A.
,,,,,,,
,,,,,,,
284,2/22/2011,,2/22/2011,," Stamateas, Alejandra",,
285,,,,,Mi cuerpo Mi cárcel,,
,,,,," Argentina : Ed. V & R, 2009 ; 106 p. ; 21 cm.",,
,,,,,ISBN : 978-987-612-222-1,C,CUSPIDE Libros S.A.
,,,,,,,
,,,,,,,
286,2/22/2011,,2/22/2011,," Stamateas, Bernardo",,
287,,,,,Gente Toxica,,
,,,,," Argentina : Ed. ZETA, 2010 ; 216 p. ; 19 cm.",,
,,,,,ISBN : 978-987-627-179-0,C,CUSPIDE Libros S.A.
,,,,,,,
,,,,,,,
288,2/22/2010,,2/22/2011,," Salinas, Silvia - Bucay, Jorge",,
289,,,,,Amarse con los ojos abiertos,,
,,,,," Argentina : Ed. Del Nuevo Extremo, 2010 ; 253 p. ; 22 cm.",,
,,,,,ISBN : 978-987-609-204-3,C,CUSPIDE Libros S.A.
,,,,,,,
,,,,,,,
290,2/22/2011,,2/22/2011,," Allende, Isabel",,
291,,,,,Retrato en sepia,,
,,,,," Argentina : Ed. Sudamericana, 2010 ;363 p. ; 18 cm.",,
,,,,,ISBN : 987-1138-89-X,C,CUSPIDE Libros S.A.
,,,,,,,
,,,,,,,
292,2/22/2011,,2/22/2011,, QUINO,,
293,,,,,Mafalda,,
,,,,, Argentina : Ed. De La Flor ; il. ; 13 cm.,C ,CUSPIDE Libros S.A.
,,,,,,,
,,,,,,,
294,2/22/2011,,2/22/2011,,,,
295,,,,," García Márquez, Gabriel",,
,,,,,Yo no vengo a decir un discurso,,
,,,,," Argentina : Ed. Sudamericana, 2010 ; 151p. ; 23 cm.",,
,,,,,ISBN : 978-950-07-3313-7,C,CUSPIDE Libros S.A.
,,,,,,,
,,,,,,,
296,2/22/2011,,2/22/2011,," Galeano, Eduardo",,
297,,,,,Las venas abiertas de América Latina,,
,,,,," Argentina : Ed. Siglo veintiuno, 2010 ; 379 p. ; 20 cm.",,
,,,,,ISBN : 978-987-629-113-2,C,CUSPIDE Libros S.A.
,,,,,,,
,,,,,,,
298,2/22/2011,,2/22/2011,," Rowling, J.K.",,
299,,,,,Harry Potter y la piedra filosofal,,
,,,,," España : ed. Salamandra, 2010 ; 255 p. ; 19 cm.",,
,,,,,ISBN : 978- 84-9838-012-5,C,CUSPIDE Libros S.A.
,,,,,,,
,,,,,,,
300,2/22/2011,,2/22/2011,,"Rowling, J.K.",,
301,,,,,Harry Potter y la cámara secreta,,
,,,,," España : Ed. Salamandra, 2010 ; 287 p. ; 19 cm.",,
,,,,,ISBN : 978-84-9838-013-2,C,CUSPIDE Libros S.A.
,,,,,,,
302,2/22/2011,,2/22/2011,, Nik,,
,,,,,Gaturro y los piratas del tesoro perdido,,
,,,,," Argentina : Ed. Sudamericana, 2010 ; il. ; 116 p. ; 18 cm.",,
,,,,,ISBN : 978-950-07-3179-8,C,CUSPIDE Libros S.A.
,,,,,,,
,,,,,,,
303,2/22/2011,,2/22/2011,, Nik,,
,,,,,Gaturro y la noche de los vampiros,,
,,,,," Argentina : Ed. Sudamericana, 2010 ; il. 129 p. ; 18 cm.",,
,,,,,ISBN : 978-950-07-3257-4,C,CUSPIDE Libros S.A.
,,,,,,,
,,,,,,,
304,2/22/2011,,2/22/2011,," Allende, Isabel",,
305,,,,,Mi país inventado,,
,,,,," Argentina : Ed. Sudamericana, 2009 ; 219 p. ; 18 cm.",,
,,,,,ISBN : 987-1138-68-7,C,CUSPIDE Libros S.A.
,,,,,,,
,,,,,,,
306,2/22/2011,,2/22/2011,," Armstrong, Lance",,
307,,,,,Mi vuelta a la vida,,
,,,,," Argentina : Ed. Del Nuevo Extremo, 2010 ; 332 p. ; 19 cm.",,
,,,,,ISBN : 978-987-609-247-0,C,CUSPIDE Libros S.A.
,,,,,,,
,,,,,,,
308,2/22/2011,,2/22/2011,," Saint -Exupery, Antoine",,
309,,,,,El Principito,,
,,,,," Argentina : Emecé, 2010 : il. ; 109 o. ; 16 cm.",,
,,,,,ISBN : 978-950-04-2640-4,C,CUSPIDE Libros S.A.
,,,,,,,
,,,,,,,
310,2/22/2011,,2/22/2011,, Nik,,
,,,,,Gaturro y la noche de los vampiros,,
,,,,," Argentina : Ed. Sudemaricana, 2010 ; il. ; 129 p. ; 18 cm.",,
,,,,,ISBN : 978-950-07-3257-4,C,CUSPIDE Libros S.A.
,,,,,,,
,,,,,,,
311,2/22/2011,,2/22/2011,, Nik,,
,,,,,Gaturro y los piratas del tesoro perdido,,
,,,,," Argentina : Ed. Sudamericana, 2010 ; il. ; 116 p. ; 18 cm.",,
,,,,,ISBN : 978-950-07-3176-8 ,C,CUSPIDE Libros S.A.
,,,,,,,
,,,,,,,
312,2/22/2011,,2/22/2011,," Lambert, Alibel",,
313,,,,,"Argentina : Ed. Maya, 2010 ; 60 p. 19 cm.",,
314,,,,,ISBN : 978-987-25986-1-7,C,CUSPIDE Libros S.A.
,,,,,,,
,,,,,,,
315,2/22/2011,,2/22/2011,,"Schreiber, Jürgen",,
,,,,,La mujer que vengó al Che Guevara,,
,,,,," Argentina : Ed. Capital Intelectual, 2010 ; 287 p. 21 cm.",,
,,,,,ISBN: 978-987-614-226-7,C,CUSPIDE Libros S.A.
,,,,,,,
,,,,,,,
316,2/22/2011,,2/22/2011,," Hosseini, Khaled",,
,,,,,Cometas en el cielo,,
,,,,," España : Ed. Salamandra, 2003 ; 382 p. ; 19 cm.",,
,,,,,ISBN : 978-84-9838-317-1,C,CUSPIDE Libros S.A.
,,,,,,,
,,,,,,,
317,2/22/2011,,2/22/2011,," Rolón, Gabriel",,
,,,,,Los padecientes,,
,,,,," Argentina : Ed. Emecé, 2010 ; 339 p. ; 22 cm.",,
,,,,,ISBN : 978-950-04-3287-0,C,CUSPIDE Libros S.A.
,,,,,,,
,,,,,,,
318,2/22/2011,,2/22/2011,," Aguinis, Marcos",,
319,,,,,La matriz del infierno,,
,,,,," Argentina : Ed. Sudamericana, 2009 ; 500 p. ; 18 cm.",,
,,,,,ISBN : 978-950-07-3117-1,C,CUSPIDE Libros S.A.
,,,,,,,
,,,,,,,
320,2/22/2011,,2/22/2011,," Allende, Isabel",,
321,,,,,El plan infinito,,
,,,,," Argentina : Ed. Sudamericana, 2004 ; 410 p. ; 19 cm.",,
,,,,,ISBN : 950-07-1839-1,C,CUSPIDE Libros S.A.
,,,,,,,
,,,,,,,
322,2/22/2011,,2/22/2011,," Allende, Isabel",,
323,,,,,Cuentos de Eva Luna,,
,,,,," Argentina : Ed. Sudamericana, 2008 ; 277 p. ; 18 cm.",,
,,,,,ISBN : 987-1138-84-9,C,CUSPIDE Libros S.A.
,,,,,,,
,,,,,,,
324,2/22/2011,,2/22/2011,," Allende, isabel",,
325,,,,,Eva Luna,,
,,,,," Argentina : Ed. Sudamericana, 2008 ; 285 p. 18 cm.",,
,,,,,ISBN : 987-1138-87-3,C,CUSPIDE Libros S.A.
,,,,,,,
,,,,,,,
326,2/22/2011,,2/22/2011,," Allende, Isabel",,
327,,,,,La casa de los espíritus,,
,,,,," Argentina : Ed. Sudamericana, 2010 ; 453 p. 18 cm.",,
,,,,,ISBN : 987-1138-90-3,C,CUSPIDE Libros S.A.
,,,,,,,
,,,,,,,
328,2/22/2011,,2/22/2011,," Meyer, Stephenie",,
,,,,,Amanecer,,
,,,,," Argentina : Ed. Alfaguara, 2010 ; 828 p. ; 19 cm.",,
,,,,,ISBN : 978-987-04-1090-4,C,CUSPIDE Libros S.A.
,,,,,,,
,,,,,,,
329,2/22/2001,,2/22/2011,," Meyer, Stephenie",,
,,,,,Luna nueva,,
,,,,," Argentina : Ed. Alfaguara, 2009 ; 574 ; 19 cm.",,
,,,,,ISBN : 978-987-04-0678-5,C,CUSPIDE Libros S.A.
,,,,,,,
,,,,,,,
330,2/22/2011,,2/22/2011,, Argentina Códigos,,
,,,,,Código Penal,,
,,,,," Argentina : Ed. ZAVALIA, 2010 ; 365 p. ; 15 cm.",,
,,,,,ISBN : 978-950-572-819-0,C,CUSPIDE Libros S.A.
,,,,,,,
,,,,,,,
331,2/22/2011,,2/22/2011,, Argentina Códigos,,
,,,,,Código Civil y Comercial de la Nación,,
,,,,," Argentina : Ed. ZAVALIA,2010 ; 544 p.- ; 15 cm.",,
,,,,,isbn : 978-950-572-822-0,C,CUSPIDE Libros S.A.
,,,,,,,
,,,,,,,
332,2/22/2011,,2/22/2011,," Montes, Graciela Silvia",,
333,,,,,La batalla de los monstruos y las hadas,,
,,,,," Argentina : Ed. Alfaguara, 2010 ; il. ; 93 p. 19 cm.",,
,,,,,ISBN : 978-987-04-0068-4,C  ,CUSPIDE Libros S.A.
,,,,,,,
,,,,,,,
334,2/22/2011,,2/22/2011,," Capusotto, Diego - Saborido, Pedro",,
335,,,,,Peter Capusotto,,
,,,,," Argentina : Ed. Sudamericana, 2010 ; il. ; 237 p. ; 22 cm.",,
,,,,,ISBN : 978-950-07-3156-0,C,CUSPIDE Libros S.A.
,,,,,,,
,,,,,,,
336,2/22/2010,,2/22/2011,," Paz, Carlos",,
,,,,,Efemérides Literarias Argentinas,,
,,,,," Argentina : Ed. Caligraf, 1999 ; 592 p. ; 22 cm.",,
,,,,,ISBN : 987-97280-1-7,C,CUSPIDE Libros S.A.
,,,,,,,
,,,,,,,
337,2/22/2011,,2/22/2011,," Forn, Juan y Otros",,
,,,,,La guerra de Malvinas (Argentina 1982),,
,,,,," Argentina : Ed. Biblos, 2007 ; 141 p. 19 cm.",,
,,,,,ISBN : 978-950-786-604-3,C,CUSPIDE Libros S.A.
,,,,,,,
,,,,,,,
338,2/22/2011,,2/22/2011,," Feinmann, José Pablo",,
339,,,,,Timote Secuestro y muerte del General Aramburu,,
,,,,," Argentina : Ed. Planeta, 2009 ; 255 p. ; 23 cm.",,
,,,,,ISBN :  978-950-49-2009-0,C ,CUSPIDE Libros S.A.
,,,,,,,
,,,,,,,
340,2/22/2011,,2/22/2011,," Pigna, Felipe",,
,,,,, Los Mitos de la Historia Argentina,,
,,,,," Argentina : Ed. Booket, 201 ; 373p. ; 18 cm.",,
,,,,,ISBN : 978-987-580-409-8,C,CUSPIDE Libros S.A.
,,,,,,,
,,,,,,,
341,2/22/2011,,2/22/2011,," Forn, Juan y Otros",,
,,,,,La guerra de Malvinas (Argentina 1982),,
,,,,,"Argentina : Ed. Biblos, 2007 ; 141p. ; 19 cm.",,
,,,,,ISBN : 978-950-786-604-3,C,CUSPIDE Libros S.A.
,,,,,,,
,,,,,,,
342,2/22/2011,,2/22/2011,," Lanata, jorge",,
343,,,,,Polaroides,,
,,,,," Argentina : Ed. Punto de Lectura, 2007 ; 123 p. 18 cm.",,
,,,,,ISBN : 978-987-578-058-3,C,CUSPIDE Libros S.A.
,,,,,,,
,,,,,,,
344,2/22/2011,,,," Soriano, Osvaldo",,
345,,,2/22/2011,,"Reveldes, soñadores y fugitivos",,
,,,,," Argentina : Ed. Booket, 2008 ; 189 p. ; 18 cm.",,
,,,,,ISBN : 978-987-580-262-9,C,CUSPIDE Libros S.A.
,,,,,,,
,,,,,,,
346,2/22/2011,,2/22/2011,," Soriano, Osvaldo",,
347,,,,,No habrá más penas ni olvido,,
,,,,," Argentina : Ed. Booket, 2010 ; 146 p. ; 18 cm.",,
,,,,,ISBN : 978-987-580-214-8,C,CUSPIDE Libros S.A.
,,,,,,,
,,,,,,,
348,2/22/2011,,2/22/2011,," Bucay, Jorge",,
,,,,,El elefante encadenado,,
,,,,," España : Ed. Del Nuevo Extremo, 2008 ; il. ; 30 cm.",,
,,,,,ISBN : 978-987-609-113-8,C,CUSPIDE Libros S.A.
,,,,,,,
,,,,,,,
349,2/22/2011,,2/22/2011,," Luna, Félix",,
,,,,,Historia integral de la Argentina Tomo 2,,
,,,,," Argentina : Ed. Booket, 2009 ; il. ; 287 p. 18 cm.",,
,,,,,ISBN : 978-987-580-313-8,C,LIB. KLAXIKA
,,,,,,,
,,,,,,,
350,2/22/2011,,2/22/2011,," Luna, Félix",,
,,,,,Histria integral de la Argentina,,
,,,,," Argentina : Ed. Booket, 2009 ; il. ; 406 p. ; 18 cm.",,
,,,,,ISBN : 978-987-580-307-7,C,LIB. KLAXIKA
,,,,,,,
351,2/22/2011,,2/22/2011,," de Vasconcelos, José Mauro",,
352,,,,,Mi planta naranja-lima,,
,,,,," Argentina : Ed. El Ateneo, 2010 ; il. ; 178 p. ; 19 cm.",,
,,,,,ISBN : 978-950-02-0444-6,C,LIB. KLAXIKA
,,,,,,,
,,,,,,,
353,2/22/2011,,2/22/2011,," Carrizo De La Canal, Gustavo ",,
,,,,,DINOSAURIOS gigantes de la Prehistoria,,
,,,,," Argentina : Ed. Guadal, 2009 ; il. 19 cm. (5ROMPECABAZAS)",,
,,,,,ISBN : 978-987-579-733-8,C,CUSPIDE Libros S.A.
,,,,,,,
,,,,, ,,
354,2/22/2011,,2/22/2011,," de Vasconcelos, José Mauro",,
355,,,,,Mi planta naranja-lima,,
,,,,," Argentina : Ed. El Ateneo, 2010 ; il. ; 178 p.  ; 19 cm.",,
,,,,,ISBN : 978-950-02-0444-6,C,LIB. KLAXIKA
,,,,,,,
,,,,,,,
356,2/22/2011,,2/22/2011,," de Vasconcelos, José Mauro",,
,,,,,Vamos a calentar el sol,,
,,,,," Argentina : Ed. El Ateneo, 2010 ; 205 p. ; 19 cm.",,
,,,,,ISBN : 978-950-02-8539-1,C,LIB. KLAXIKA
,,,,,,,
,,,,,,,
357,2/22/2011,,2/22/2011,," Luna, Félix",,
,,,,, Historia integral de la Argentina secreta Tomo 3,,
,,,,," Argentina : Ed. Booket, 2009 ; il. ; 283 p. ; 18 cm.;",,
,,,,,ISBN : 978-987-580-322-0,C,LIB. KLAXIKA
,,,,,,,
,,,,,,,
358,2/22/2011,,2/22/2011,," Freire, Paulo",,
,,,,,La importancia de leer y el proceso de liberación,,
,,,,," Argentina : Ed. Siglo Veintiuno, 2008 ; 176 p. ; 17 cm.",,
,,,,,ISBN : 978-968-23-1593-0,C,LIB. KLAXIKA
,,,,,,,
,,,,,,,
359,2/22/2011,,2/22/2011,," Kipling, Rudyard",,
,,,,,Historias presisamente así,,
,,,,," Argentina : Ed. Comunicate, 2010 ; il. ; 205 p. ; 17 cm.",,
,,,,,ISBN : 978-987-602-115-9,C,LIB. KLAXIKA
,,,,,,,
,,,,,,,
360,2/22/2011,,2/22/2011,," Castelain-Meunier, Chiristine",,
,,,,,"Padres, Mdres, Hijos",,
,,,,," Argentina : Ed. Siglo Veintiuno, 1998il. ; 83 p. 17 cm.",,
,,,,,ISBN : 968-23-2428-9,C,LIB. KLAXIKA
,,,,,,,
,,,,,,,
361,2/22/2011,,2/22/2011,," Civale, Cristina",,
,,,,,Niños lejos de Disneylandia,,
,,,,," Argentina : Ed. Planeta, 2006 ; 251 p. ; 22 cm.",,
,,,,,ISBN : 950-49-1559-0,C,LIB. KLAXIKA
,,,,,,,
,,,,,,,
362,2/22/2011,,2/22/2011,," Carbajal, Mariana",,
,,,,,El aborto en debate,,
,,,,,"  Argentina : Ed. Paidón, 2009 ; 267 p. ; 20 cm.",,
,,,,,ISBN : 978-950-12-4555-4,C,LIB. KLAXIKA
,,,,,,,
,,,,,,,
363,2/22/2011,,2/22/2011,," Rey, María Esther",,
,,,,,Didáctica de la matemática   Primer Ciclo,,
,,,,," Argentina : Ed. Magisterio del Río de La Plata, 2006 ;",,
,,,,,                     il. ; 189 p. ; 24 cm.,,
,,,,,ISBN : 950-550-099-8,C,LIB. KLAXIKA
,,,,,,,
,,,,,,,
364,2/22/2011,,2/22/2011,," Archanco, Pamela",,
,,,,,Atrapafaltas  Ortografía 4,,
,,,,," Argentina : Ed. Tinta Fresca, 2008 ; il. ; 96 p. ; 23 cm.",,
,,,,,ISBN : 978-987-576-268-8,C,LIB. KLAXIKA
,,,,,,,
,,,,,,,
365,2/22/2011,,2/22/2011,," Archanco, Pamela",,
,,,,,Atrapafaltas   Ortografía 5,,
,,,,," Argentina : Ed. Tinta Fresca, 2010 ; il. ; 96 p. ; 23 cm.",,
,,,,,ISBN : 978-987-576-269-5,C,LIB. KLAXIKA
,,,,,,,
,,,,,,,
366,2/22/2011,,2/22/2011,," Freire, Paulo",,
,,,,,La educación como practica de la libertad,,
,,,,," Argentina : Ed. Siglo Veintiuno, 2009 ; il. ; 150p. 20 cm.",,
,,,,,ISBN : 978-987-629-021-0,C,LIB. KLAXIKA
,,,,,,,
,,,,,,,
367,2/22/2011,,2/22/2011,," Romero, Luis Alberto",,
,,,,,La crisis argentina Una mirada al siglo XX,,
,,,,," Argentina : Ed. Siglo Veintiuno, 2003 ; 126 p. ; 17 cm.",,
,,,,,ISBN : 987-1105-50-9,C,LIB. KLAXIKA
,,,,,,,
,,,,,,,
368,2/22/2011,,2/22/2011,," Bayer, Osvaldo",,
,,,,,La Patagonia rebelde,,
,,,,," Argentina : Ed. Booket, 2007 ; il. ; 358 p. ; 17 cm.",,
,,,,,ISBN : 978-987-1144-72-3,C,LIB. KLAXIKA
,,,,,,,
,,,,,,,
369,2/22/2011,,2/22/2011,," de Vasconcelos, José Mauro",,
,,,,,Vamos a calentar el sol,,
,,,,," Argentina : Ed. El Ateneo, 2010 ; il. ; 178 p. ; 19 cm.",,
,,,,,ISBN : 978-950-02-8539-1,C,LIB. KLAXIKA
,,,,,,,
,,,,,,,
370,2/22/2011,,2/22/2011,," Delgado, Josefina",,
,,,,,Alfonsina Storni  Una Biografía esencial,,
,,,,," Argentina : Ed. Sudamericana, 2010 ; 254 p. ; 18 cm.",,
,,,,,ISBN : 978-987-566-9,C,LIB. KLAXIKA
,,,,,,,
,,,,,,,
371,2/22/2011,,2/22/2011,," Macri, Mariela y Otros",,
,,,,,El trabajo infantil no es juego,,
,,,,," Argentina : Ed. La Crujía, 2005 ; 317 p. ; 19 cm.",,
,,,,,ISBN : 987-1004-91-5,C,LIB. KLAXIKA
,,,,,,,
,,,,,,,
372,2/22/2011,,2/22/2011,," de Vasconcelos, José Mauro",,
373,,,,,Vamos a calentar el sol,,
374,,,,," Argentina : Ed. El Ateneo, 2010 ; il. ; 178p. ; 19 cm.",,
,,,,,ISBN : 978-950-02-8539-1,C,LIB. KLAXIKA
,,,,,,,
,,,,,,,
375,2/22/2011,,2/22/2011,," Preisz, Carlos Oscar",,
,,,,,Pelajes del caballo,,
,,,,," Argentina : Ed. Albatros, 2010 ; il. ; 128 p. ; 21 cm.",,
,,,,,ISBN : 978-950-24-1280-1,C,LIB. KLAXIKA
,,,,,,,
,,,,,,,
376,2/22/2011,,2/22/2011,," Vaca, Pablo",,
,,,,,Aperos criollos,,
,,,,," Argentina : Ediciones B, 2006 ; il. ; 96 p. ; 20 cm.",,
,,,,,ISBN : 987-1222-36-X,C,LIB. KLAXIKA
,,,,,,,
,,,,,,,
377,2/22/2011,,2/22/2011,," Delgado, María Angélica y Otros",,
,,,,,Lengua 4 ideas en la cabeza,,
,,,,," Argentina : Ed. Santillana, 2004 ; il, : 167 p. 27 cm.",,
,,,,,ISBN : 950-46-1456-6,C,LIB. KLAXIKA
,,,,,,,
,,,,,,,
378,2/22/2011,,2/22/2011,," Delgado, María Angélica y Otros",,
,,,,,Lengua 5 ideas en la cabeza,,
,,,,," Argentina : Ed. Santillana, 2004 ; il. ; 181 p. 27 cm",,
,,,,,ISBN : 950-46-1435-3,C,LIB. KLAXIKA
,,,,,,,
,,,,,,,
379,2/22/2011,,2/22/2011,," Andrés, Marina E. y Otros",,
,,,,,Matemática 5 ideas en la cabeza,,
,,,,," Argentina : Ed. Santillana, 2004 ; il. ; 208 p. ; 27 cm.",,
,,,,,ISBN : 950-46-1441-8,C,LIB. KLAXIKA
,,,,,,,
,,,,,,,
380,2/22/2011,,2/22/2011,," Fariña, Mabel B. y Otros",,
,,,,,Ciencias Sociales ideas en la cabeza,,
,,,,," Argentina : Ed. Santillana, 2004 ; il. ; 240 p. ; 27 cm.",,
,,,,,ISBN : 950-46-1439-6,C,LIB. KLAXIKA
,,,,,,,
,,,,,,,
381,2/22/2011,,2/22/2011,, Ediciones Banco Velox ,,
,,,,,Pintura Argentina Candido López  CUADERNO 2,,
,,,,," Argentina : Ed. Grupo Velox, 2001 ; il. ; 21 p. ; 30 cm.",,
,,,,,ISBN : 987-1010-02-8,C,LIB. KLAXIKA
,,,,,,,
,,,,,,,
382,2/22/2011,,2/22/2011,, Ediciones Banco Velox,,
,,,,,Pintura Argentina Quinquela y Victoria  CUADERNO 3,,
,,,,," Argentina : Ed. Grupo Velox, 2001 : il. ; 21 p.  ; 30 cm.",,
,,,,,ISBN : 987-1010-01-X,C,LIB. KLAXIKA
,,,,,,,
,,,,,,,
383,2/22/2011,,2/22/2011,, Ediciones Banco Velox,,
,,,,,Pintura Argentina Expresiones Metafísicas CUADERNO 5,,
,,,,," Argentiona : Ed. Grupo Velox, 2001 ; il. ; 21 p. ; 30 cm.",,
,,,,,ISBN : 987-1010-03-6,C,LIB. KLAXIKA
,,,,,,,
,,,,,,,
384,2/22/2011,,2/22/2011,, Ediciones Banco Velox,,
,,,,,Pintura Argentina Spilimbergo y Guttero CUADERNO 6,,
,,,,," Argentina :  Ed Grupo Velox, 2001 ; il. ; 21 p. ;  30 cm.",,
,,,,,ISBN : 987-1010-13-3,C,LIB. KLAXIKA
,,,,,,,
,,,,,,,
385,2/22/2011,,2/22/2011,, Ediciones Banco Velox,,
,,,,,Pintura Argentina Precursores II CUADERNO 7,,
,,,,," Argentina : Ed. Grupo Velox, 2001 ; il. ; 21 p. ; 30 cm.",,
,,,,,ISBN : 987-1010-06-0,C,LIB. KLAXIKA
,,,,,,,
,,,,,,,
386,2/22/2011,,2/22/2011,, Ediciones Banco Velox,,
,,,,,Pintura Argentina Nueva GeneraCIóN CUADERNO 8,,
,,,,," Argentina : Ed. Grupo velox, 2001 ; il. ; 21 p. ; 30 cm.",,
,,,,,ISBN : 987-1010-18-4,C,LIB. KLAXIKA
,,,,,,,
,,,,,,,
387,2/22/2011,,2/22/2011,, Ediciones Banco Velox,,
,,,,,Pintura Argentina Pintores de la Boca II CUADERNO 12,,
,,,,,"Argentina : Ed. Grupo Velox, 2001 ; il, ; 21 p. :; 30 cm.",,
,,,,,ISBN : 987-1010-15-X,C,LIB. KLAXIKA
,,,,,,,
,,,,,,,
388,2/22/2011,,2/22/2011,, Equipo TIKAL,,
,,,,,Los Aztecas,,
,,,,," España : Ed. Susaeta,  ; il. ; 256 p. ; 22 cm.",C,LIB. KLAXIKA
,,,,,,,
,,,,,,,
389,2/22/2011,,2/22/2011,, Equipo Tikal,,
,,,,,Los Incas,,
,,,,," España : Ed. Susaeta, ; 256 p. 22 cm.",C,LIB. KLAXIKA
,,,,,,,
,,,,,,,
390,2/22/2001,,2/22/2011,,"  Quiroga, Horacio",,
391,,,,,Cuentos de la Selva,,
392,,,,," Argentina : Ed. Beeme, 2008 : 125 p. : 19 cm.",,
393,,,,,ISBN : 978-987-24256-8-5,C,LIB. KLAXIKA
394,,,,,,,
395,,,,,,,
396,,,,,,,
397,,,,,,,
398,,,,,,,
399,,,,,,,
,,,,,,,
,,,,,,,
400,2/22/2011,,2/22/2011,," Lejarraga, Horacio",,
,,,,,Desarrollo del niño en contesto,,
,,,,," Argentina : Ed. Paidós, 2008 ; il. ; 684 p. ; 22 cm.",,
,,,,,ISBN : 978-950-12-4524-0,C,LIB. KLAXIKA
,,,,,,,
,,,,,,,
401,2/22/2011,,2/22/2011,," Wilde, Oscar",,
402,,,,,El fantasma de Canterville,,
403,,,,," Argentina : Ed. Beeme, 2008 ; 60 p. ; 19 cm.",,
404,,,,,ISBN : 978-987-24256-9-2,C,LIB. KLAXIKA
,,,,,,,
,,,,,,,
405,2/22/2011,,2/22/2011,," Di Meglio, Gabriel",,
,,,,,¡Viva el bajo pueblo!,,
,,,,," Argentina : Ed. Prometeo, 2007 ; 364 p. ; 21 cm.",,
,,,,,ISBN : 987-574-103-5,C,LIB. KLAXIKA
,,,,,,,
,,,,,,,
406,2/22/2011,,2/22/2011,," Wilde, Oscar",,
407,,,,,El fantasma de Caterville,,
408,,,,," Argentina : Ed. Beeme, 2008 ; 60 p. ; 19 cm. ",,
409,,,,,ISBN : 978--987-24256-9-2,C,LIB. KLAXIKA
410,,,,,,,
411,,,,,,,
,,,,,,,
,,,,,,,
412,2/22/2011,,2/22/2011,," Halperín Donghi, Tulio",,
,,,,,La República imposible (1930 - 1945),,
,,,,," Argentina : Ed. Emecé, 2007 ; 338 p. ; 22 cm.",,
,,,,,ISBN : 978-950-04-2940-5,C,LIB. KLAXIKA
,,,,,,,
,,,,,,,
413,2/22/2011,,2/22/2011,," Chiaramonte, José Carlos",,
,,,,,"Ciudades, Provincias, Estados: Orígenes de la Nación Argentina.",,
,,,,,"Argentina : Ed. Emecé, 2007 ; 261 p. ;  22 cm.",,
,,,,,ISBN : 978-950-04-2861-3,C,LIB. KLAXIKA
,,,,,,,
,,,,,,,
414,2/22/2011,,2/22/2011,," de Vasconcelos, José Mauro",,
,,,,,Vamos a calentar el sol,,
,,,,," Argentina : Ed. El Ateneo, 2010 ; 205 p. ; 19 cm. ",,
,,,,,ISBN : 978-950-02-8539-4,C,LIB. KLAXIKA
,,,,,,,
,,,,,,,
415,2/22/2011,,2/22/2011,," de Vasconcelos, José Mauro",,
,,,,,Mi planta naranja-lima,,
,,,,," Argentina : Ed. El Ateneo, 2010 ; 178 p. ; 19 cm.",,
,,,,,ISBN : 978-950-02-0444-6,C,LIB. KLAXIKA
,,,,,,,
,,,,,,,
416,2/22/2011,,2/22/2011,," Frank, Anne",,
,,,,,El diario de Ana Frank,,
,,,,," Argentina : Ed. Beema, 2009 ; il. ; 318 p. ; 19 cm.",,
,,,,,ISBN : 978-987-1594-31-3,C,LIB. KLAXIKA
,,,,,,,
,,,,,,,
417,2/22/2011,,2/22/2011,," Buchbinder, Pablo",,
,,,,,Historia de las Universidades Argentinas,,
,,,,," Argentina : Ed. Sudamericana, 2010 ; 255 p. ; 22 cm.",,
,,,,,ISBN : 978-950-07-3236-9,C,LIB. KLAXIKA
,,,,,,,
,,,,,,,
418,4/12/2011,,4/12/2011,," Martin, Gerald",,
,,,,,"Gabriel García Márquez, Una vida",,
,,,,," Argentina : Ed. Debate, 2009 ; il. ; 762 p. ; 22 cm",,
,,,,,ISBN : 978-987-1117-75-8,C,LIB. EL ATENEO
,,,,,,,
,,,,,,,
419,4/12/2011,,4/12/2011,," Aguinis, Marcos",,
,,,,,Profanación del amor,,
,,,,," Argentina : Ed. Sudamericana, 2009 ; 383 p. ; 18 cm.",,
,,,,,ISBN : 987-950-07-3121-8,C,LIB. EL ATENEO
,,,,,,,
,,,,,,,
420,4/12/2011,,4/12/2011,," Theorin, Johan",,
,,,,,La tormenta de nieve,,
,,,,," Argentina : Ed. Mondadori, 2011 ; 390 p. ; 22 cm.",,
,,,,,ISBN : 978-987-658-070-0,C,LIB. EL ATENEO
,,,,,,,
,,,,,,,
421,4/12/2011,,4/12/2011,," Clark, Mary Higgins",,
,,,,,Mentiras de sangre,,
,,,,," Argentina : Ed. Plaza & Janes, 2011 ; 364 p. ; 22 cm.",,
,,,,,ISBN : 978-950-644-209-5,C,LIB. EL ATENEO
,,,,,,,
,,,,,,,
422,4/12/2011,,4/12/2011,," Lamborghini, Osvaldo",,
,,,,,Novelas y cuentos II,,
,,,,," Argentina : Ed. Mondadori, 2011 ; 308 p. ; 22 cm.",,
,,,,,ISBN : 978-987-658-077-9,C,LIB. EL ATENEO
,,,,,,,
,,,,,,,
423,4/12/2011,,4/12/2011,," Rivero, Viviana",,
,,,,,Y ellos se fueron,,
,,,,," Argentina : Ed. Emecé, 2011 ; 373 p. ; 22 cm.",,
,,,,,ISBN : 978-950-04-3329-7,C,LIB. EL ATENEO
,,,,,,,
,,,,,,,
424,4/12/2011,,4/12/2011,," Allende, Isabel",,
,,,,,Paula,,
,,,,," Argentina : Ed. Sudamericana, 2011 ; 365 p. ; 19 cm.",,
,,,,,ISBN : 987-1138-85-7,C,LIB. EL ATENEO
,,,,,,,
,,,,,,,
425,5/19/2011,,4/12/2011,," Sehinkman, Diego",,
,,,,,Qué tienen los plíticos en la cabeza?,,
,,,,," Argentina : Ed. Javier Vergara, 2011 ; 157 p. ; 21 cm.",,
,,,,,ISBN : 978-950-15-2505-2,C,LIB. EL ATENEO
,,,,,,,
425 -1,,,5/19/2011,," Kohan, Néstor - Brito, Pier",,
,,,,,Marxismo Para principiantes,,
,,,,," Argentina : Ed. Era Naciente, 2010 ; il. ; 192 p. ; 19 cm.",,
,,,,,ISBN : 978-987-555-033-9,C,LIB. EL ATENEO
,,,,,,,
,,,,,,,
426,5/19/2011,,5/19/2011,," Caygill, Howard - Coles, Alex  y  Klimowski, Andrzej",,
,,,,,Walter Benjamin Para principiantes,,
,,,,," Argentina : Ed. Era Naciente, 2007 : il. : 178 p. ; 19 cm.",,
,,,,,ISBN : 978-987-9065-86-0,C,LIB. EL ATENEO
,,,,,,,
,,,,,,,
427,5/19/2011,,5/19/2011,," Leader, Darian - Groves, Judy",,
,,,,,Lacan Para principiantes,,
,,,,," Argentina : Ed. Era Naciente, 2010 : il. ; 171 p. 19 cm.",,
,,,,,ISBN : 978-987-9065-22-8,C,LIB. EL ATENEO
,,,,,,,
,,,,,,,
428,5/19/2011,,5/19/2011,,"Cherniavsky, Axel - Alcantea, Enrique",,
,,,,,Spinoza Para principiantes,,
,,,,," Argentina : Ed. Era Naciente, 2010 ; il. ; 175 p ; 19 cm.",,
,,,,,ISBN : 978-987-555-046-9,,
,,,,,,C,LIB. EL ATENEO
,,,,,,,
,,,,,,,
429,5/19/2011,,5/19/2011,," Sinay, Sergio - Scenna, Miguel Angel",,
,,,,,Che Guevara Para principiantes,,
,,,,," Argentina : Ed. Era Naciente, 2005 ; il. ; 175 p. ; 19 cm.",,
,,,,,ISBN : 987-9065-27-1,C,LIB. EL ATENEO
,,,,,,,
,,,,,,,
430,5/19/2011,,5/19/2011,," Spencer, Llooyd - Krauze, Andrzej",,
,,,,,Hegel Para principiantes,,
,,,,," Argentina : Ed. Era Naciente, 2010 ; il. ; 175 p. ; 19 cm.",,
,,,,,ISBN : 978-987-555-002-5,C,LIB. EL ATENEO
,,,,,,,
,,,,,,,
431,5/19/2011,,5/19/2011,," McEvoy, J. P. - Zárate, Oscar",,
,,,,,Teoría Cuántica Para principiantes,,
,,,,," Argentina : Ed. Era Naciente, 2007 ; il. ; 176p. ; 19 cm.",,
,,,,,ISBN : 978-987-9065-56-3,C,LIB. EL ATENEO
,,,,,,,
,,,,,,,
432,5/19/2011,,5/19/2011,," Garvie, Alejandro - Sanyé",,
,,,,,Economía Desde la antigua Grecia hasta la Crisis de la globalización,,
,,,,,Para principiantes,,
,,,,," Argentina : Ed. Era Naciente, 2010 ; il. ; 207 p. ; 19 cm.",,
,,,,,ISBN : 978-987-9065-97-6,C,LIB. EL ATENEO
,,,,,,,
,,,,,,,
433,5/19/2011,,5/19/2011,," Ali, Teriq - Evans, Phil",,
,,,,,Trotsky Para principiantes,,
,,,,," Argentina : Ed. Era Naciente, 2007 ; il. ; 176 p. ; 19 cm.",,
,,,,,ISBN : 978-987-555-030-8,C,LIB. EL ATENEO
,,,,,,,
,,,,,,,
434,5/19/2011,,5/19/2011,," Stengel, Marilen - Rey, Diego",,
,,,,,Literatura Universal  Tomo II Movimientos y autores del siglo XX,,
,,,,,Para principiantes,,
,,,,," Argentina : Ed. Era Naciente, 2010 ; il. ; 364 p. ; 19 cm.",,
,,,,,ISBN : 978-987-555-015-5,C,LIB. EL ATENEO
,,,,,,,
,,,,,,,
,,,,,,,
,,,,,,,
,,,,,,,
,,,,,,,
,,,,,,,
,,,,,,,
435,5/19/2011,,5/19/2011,," Sautet, Marc - Boussignac, Patrick",,
,,,,,Nietzsche Para principiantes,,
,,,,," Argentina : Ed. Era Naciente, 2010 : il. 191 p. 19 cm.",,
,,,,,ISBN : 978-987-9065-33-4,C,LIB. EL ATENEO
,,,,,,,
,,,,,,,
436,5/19/2011,,5/19/2011,," Larsson, Stieg",,
,,,,,Los hombres que no amaban a las mujeres,,
,,,,," España : Ed. Destino, 2008 ; 677 p. ; 19 cm.",,
,,,,,ISBN : 978-84-233-4321-8,C,LIB. EL ATENEO
,,,,,,,
,,,,,,,
437,5/19/2011,,5/19/2011,," Larsson, Stieg",,
,,,,,La chica que soñaba con una cerilla y un bidón de gasolina,,
,,,,," España : Ed. Destino, 2008 ; 772 p. ; 19 cm.",,
,,,,,ISBN : 978-84-233-4324-9,C,LIB. EL ATENEO
,,,,,,,
,,,,,,,
438,5/19/2011,,5/19/2011,," Eco, Humberto",,
,,,,,El cementerio de Praga,,
,,,,," Argentina : Ed. Sudamericana, 2010 ; il. ; 587 p. ; 20 cm.",,
,,,,,ISBN : 978-84-264-1868-5,C ,LIB. EL ATENEO
,,,,,,,
,,,,,,,
439,5/19/2011,,5/19/2011,," Bonelli, Florencia",,
,,,,,Indias Blancas La vuelta del ranquel,,
,,,,," Argentina : Ed. Sudamericana, 2011 ; 542 p. ; 18 cm.",,
,,,,,ISBN : 978-987-566-423-4,C,LIB. EL ATENEO
,,,,,,,
,,,,,,,
440,5/19/2011,,5/19/2011,," Bonelli, Florencia",,
,,,,,Indias Blancas,,
,,,,," Argentina : Ed. Sudamericana, 2011 ; 543 p. ; 18 cm.",,
,,,,,ISBN : 978-987-566-422-7,C,LIB. EL ATENEO
,,,,,,,
,,,,,,,
441,5/19/2011,,5/19/2011,," Mandela, Nelson",,
,,,,,Conversaciones conmigo mismo,,
,,,,," Argentina : Ed. Planeta, 2011 ; il. ; 514 p. 22 cm",,
,,,,,ISBN : 978-950-49-2469-2,C,LIB. EL ATENEO
,,,,,,,
,,,,,,,
442,5/19/2011,,5/19/2011,," Randazzo, Florencio",,
,,,,,Mejor que decir,,
,,,,," Argentina : Ed. Planeta, 2011 ; il. ; 173 p. ; 22 cm.",,
,,,,,ISBN : 978-950-49-2634-4,C,LIB. EL ATENEO
,,,,,,,
,,,,,,,
443,5/19/2011,,5/19/2011,," Bonasso, Miguel",,
,,,,,Diario de un clandestino,,
,,,,,"Argentina : Ed. Planeta, 2011 ; il. ; 331 p. 22 cm.",,
,,,,,ISBN : 978-950-49-2435-7,C,LIB. EL ATENEO
,,,,,,,
,,,,,,,
444,5/19/2011,,5/19/2011,," Solá, María Delia",,
,,,,,Aborígenes Argentinos,,
,,,,," Argentina : Ed. Gradifco, 2009 : il. ; 272 p. ; 18 cm.",,
,,,,,ISBN : 978-987-571-058-0,C,LIB. EL ATENEO
,,,,,,,
,,,,,,,
,,,,,,,
,,,,,,,
,,,,,,,
445,5/19/2011,,5/19/2011,," Marx, Karl",,
,,,,,El capital Pensadores universales,,
,,,,," Argentina : Ed. Gradifco, 2008 ; 223 p. ; 18 cm.",,
,,,,,ISBN : 978-987-1093-53-3,C,LIB. EL ATENEO
,,,,,,,
,,,,,,,
446,5/19/2011,,5/19/2011,," Ingenieros, José",,
,,,,,El hombre mediocre Pensadore universales,,
,,,,," Argentina : Ed. Gradifco, 2007 ; 191 p. ; 18 cm.",,
,,,,,ISBN : 978-987-1093-19-9,C,LIB. EL ETENEO
,,,,,,,
,,,,,,,
447,5/19/2011,,5/19/2011,," Hosseini, Khaled",,
,,,,,Cometas en el cielo,,
,,,,,"España : Ed. Salamandra, 2003 ; 382 p. ; 22 cm.",,
,,,,,ISBN : 978-84-938-088-0,C,LIB. EL ATENEO
,,,,,,,
,,,,,,,
448,5/19/2011,,5/19/2011,," Smith, Wilbur",,
,,,,,Tiempo de morir,,
,,,,," Argentina .: Ed. Booket, 2006 ; 581 p. ; 18 cm.",,
,,,,,ISBN : 987-580-081-3,C,LIB. EL ATENEO
,,,,,,,
,,,,,,,
449,,,5/19/2011,," Smith, Wilbur",,
,,,,,El poder de la espada,,
,,,,," Argentina : Ed. Booket, 2010 ; 603 p. ; 18 cm.",,
,,,,,ISBN : 978-987-580-080-9,C ,LIB. EL ATENEO
,,,,,,,
,,,,,,,
450,,,5/19/2011,," Hay, Louise L.",,
,,,,,Pensamientos del corazón,,
,,,,," Argentina : Ed. Urano, 2010 ; 245 p. ; 19 cm.",,
,,,,,ISBN : 978-84-7953-773-9,C,LIB. EL ATENEO
,,,,,,,
,,,,,,,
451,,,5/19/2011,," Dolina, Alejandro",,
,,,,,El libro del fantasma,,
,,,,," Argentina : Ed. Booket, 2011 ; 235 p. ; 18 cm.",,
,,,,,ISBN : 978-987-580-170-7,C,LIB. EL ATENEO
,,,,,,,
,,,,,,,
452,,,5/19/2011,," Coelho, Paulo",,
,,,,,Veronika decide morir,,
,,,,," Argentina : Ed. Planeta, 2010 ; 226 p. ; 22 cm.",,
,,,,,ISBN :  978-950-49-2387-9,,
,,,,,,C,LIB. EL ATENEO
,,,,,,,
453,,,5/19/2011,," Cabrera, Ana María",,
,,,,,Felicitas Guerrero,,
,,,,," Argentina : Ed. Emecé, 2010 ; 236 p. ; 22 cm. ",,
,,,,,ISBN : 978-950-04-3046-3,C,LIB. EL ATENEO
,,,,,,,
,,,,,,,
454,,,5/19/2011,," Dolina, Alejandro",,
,,,,,Crónica del Angel Gris,,
,,,,," Argentina : Ed. Colihue, 2008 ; il. ; 330 p. ; 23 cm.",,
,,,,,ISBN : 978-950-581-693-4,C,LIB. ELATENEO
,,,,,,,
,,,,,,,
455,,,5/19/2011,," Hay, Louise L.",,
,,,,,Amar sin condiciones,,
,,,,," España : Ed. Books4pocket, 2009 ; 219 p. ; 18 cm.",,
,,,,,ISBN : 978-84-92801-00-8,C ,LIB. EL ATENEO
,,,,,,,
,,,,,,,
456,,,5/19/2011,," Katzenbech, John",,
,,,,,El psicoanalista,,
,,,,," España : Ed. B, 2009 ; 523 p. ; 19 cm.",,
,,,,,ISBN : 978-84-98721-80-5,C,LIB. EL ATENEO
,,,,,,,
,,,,,,,
457,,,5/19/2011,," Grishan, John",,
,,,,,El socio,,
,,,,," Argentina : Ed. Sudamericana, 2010 ; 475 p. ; 18 cm.",,
,,,,,ISBN : 978-987-566-496-8,C,LIB. EL ATENEO
,,,,,,,
,,,,,,,
458,,,5/19/2011,," Grisham, John",,
,,,,,El rey de los pleytos,,
,,,,," Argentina : Ed. Sudamericana, 2010 ; 455 p. ; 18 cm.",,
,,,,,ISBN : 978-987-566-605-4,C,LIB. EL ATENEO
,,,,,,,
,,,,,,,
459,,,5/19/2011,," Grisham, John",,
,,,,,La apelación,,
,,,,," Argentina : Ed. Sudamericana, 2011 ; 471 p. ; 18 cm.",,
,,,,,ISBN : 978-987-566-695-5,C,LIB. EL ATENEO
,,,,,,,
,,,,,,,
460,,,6/10/2011,," L. G. Wadw, J. R.",,
,,,,,Química orgánica  5º Edición,,
,,,,," España : Ed. Pearson, 2004 ; il. ; 1220 p. 26 cm.",,
,,,,,ISBN : 978-84-205-4102-0,C,LIB. EL ATENEO
,,,,,,,
,,,,,,,
461,,,6/10/2011,," Chang, Raymond",,
,,,,,Química  10º Edición - CHANG,,
,,,,,"Argentina : Ed. McGrawHill, 2010 ; il. ; 1085 p. ; 27 cm.",,
,,,,,ISBN : 978-607-15-0307-7,C,LIB. EL ATENEO
,,,,,,,
,,,,,,,
462,,,7/10/2011,, Colección Diamante,,
470,,,,,La Sirenita,,
,,,,," Argentina : Ed. Libertador, 2010 ; il, ; 18 cm.",,
,,,,,ISBN ; 978-84-662-1809-2,C,LIB. KLAXIKA
,,,,,,,
,,,,,,,
471,,,7/10/2011,, Colección Diamante,,
475,,,,,Los Músicos de Bremen,,
,,,,," Argentina : Ed.Libertador, 2010 ; il. ; 18 cm.",,
,,,,,ISBN : 978-84-662-1804-7,C,LIB. KLAXIKA
,,,,,,,
,,,,,,,
476,,,7/10/2011,, Colección Platino,,
484,,,,,Blancanieves y los siete enenitos,,
,,,,," Argentina : Ed. Libertador, 2010 ; il. ; 18 cm.",,
,,,,,ISBN : 978-84-7630-967-4,C,LIB. KLAXIKA
,,,,,,,
,,,,,,,
,,,,,,,
485,,,7/10/2011,, Colección Platino,,
490,,,,,Los tres Cerditos,,
,,,,," Argentina : Ed. Libertador, 2010 ; il. ; 18 cm.",,
,,,,,ISBN : 978-84-7630-968-1,C,LIB. KLAXIKA
,,,,,,,
,,,,,,,
491,,,7/10/2011,," Savater, Fernando",,
,,,,,Las preguntas de la vida,,
,,,,," España : Ed. Ariel S.A., 1999 ; 286 p. ; 23 cm.",,
,,,,,ISBN : 950-9122-62-9,D,
,,,,,,,
,,,,,,,
492,,,7/10/2011,," Savater, Fernando",,
,,,,,Política para Amador,,
,,,,," España : Ed- Ariel S.A., 1996 ; 233 p. ; 20 cm.",,
,,,,,ISBN : 950-9122-03-3,D,
,,,,,,,
,,,,,,,
493,,,7/10/2011,," Coelho, Paulo",,
,,,,,El Alquinista,,
,,,,," Argentina : Ed. Planeta, 2000 ; 22 cm.",,
,,,,,ISBN : 950-742-895-X,D,
,,,,,,,
,,,,,,,
494,,,7/10/2011,," Vargas Llosa, Mario",,
,,,,,Manual del perfecto idiota,,
,,,,," Argentina : Ed. Atlántida, 1996 ; 318 p. ; 21 cm.",,
,,,,,ISBN : 950-08-1638-5,D,
,,,,,,,
,,,,,,,
495,,,7/10/2011,," Kovadloff, Santiago",,
,,,,,Una Biografía de la lluvia,,
,,,,," Argentina : Ed. Booket, 2006 ; 204 p. ; 17 cm.",,
,,,,,ISBN : 987-580-089-9,D,
,,,,,,,
,,,,,,,
496,,,7/10/2011,, SERVILIBRO,,
,,,,,La sirenita,,
,,,,," España : Ed. SERVILIBRO,  ; il. ; 28 cm.",,
,,,,,ISBN : 84-7971-601-0,D,
,,,,,,,
,,,,,,,
497,,,7/10/2011,, SERVILIBRO,,
,,,,,Pinocho,,
,,,,," España: Ed. SERVILIBRO, ; il. ; 28 cm.",,
,,,,,ISBN : 84-7971-595-2,D,
,,,,,,,
,,,,,,,
498,,,7/10/2011,, SERVILIBRO,,
,,,,,Peter Pan,,
,,,,," España: Ed. SERVILIBRO, ; il. ; 28 cm.",,
,,,,,ISBN : 84-7971-600-2,D,
,,,,,,,
,,,,,,,
499,,,7/10/2011,, Universidad Nacional de Entre Ríos,,
,,,,,Patria de Luz Cuentos y Poemas TomoII,,
,,,,," Argentina : Ed. EDUNER, 1998 ; 176 p. ; 19 cm.",,
,,,,,ISBN : 950698-060-8,D,
,,,,,,,
,,,,,,,
500,,,9/23/2011,," Britos, Orlando",,
501,,,,,"Los Pueblos de Entre Ríos su actualidad, su historia",,
,,,,," Argentina : Delta Impresora,2010 ; il. ; 316 p. ; 29 cm.",,
,,,,,ISBN : 978-987-05-9788-9,D,MUNICIPIO DE ORO VERDE
,,,,,,,
,,,,,,,
502,,,9/23/2011,," Ferrari, Andrea",,
,,,,,El complot de las flores,,
,,,,," Argentina : Ed. SM, 2003 ; 137 p. ; 18 cm.",,
,,,,,ISBN : 978-987-1098-23-1,D,
,,,,,,,
,,,,,,,
,,,,,,,
503,,,9/23/2011,," Huidobro, Norma",,
,,,,,Octubre un crimen,,
,,,,," Argentina : Ediciones SM, 2004 ; 201 p. ; 18 cm.",,
,,,,,ISBN : 978-987-573-002-1,D ,MUNICIPIO DE  ORO VERDE
,,,,,,,
,,,,,,,
504,,,9/23/2011,," Hodgson Burnett, Frances",,
505,,,,,El pequeño lord,,
,,,,," Argentina : Ed. Atlántida,  1991 ; 204 p. ; 18 cm.",,
,,,,,ISBN : 950-08-1956-2,D,MUNICIPIO DE ORO VERDE
,,,,,,,
,,,,,,,
506,,,1/31/2012,," Paenza, Adrián",,
,,,,,Matemática… ¿estás ahí?,,
,,,,," Argentina : Ed. Siglo Veintiuno,  2005 ; il. ; 235 p. ; 20 cm.",,
,,,,,ISBN : 978-987-1220-19-9,D,MUNICIPIO DE ORO VERDE
,,,,,,,
,,,,,,,
507,,,1/31/2012,," Golombek, Diego - Schwarzbaum, Pablo",,
,,,,,El cocinero científico,,
,,,,," Argentina : Ed. Siglo Veintiuno, 2007 ; il. ;  238 p. ; 20 cm.",,
,,,,,ISBN : 978-987-1220-92-2,D ,MUNICIPIO DE ORO VERDE
,,,,,,,
,,,,,,,
508,,,1/31/2012,," Alonso, Daniel",,
,,,,,El desafío del cangrejo,,
,,,,," Argentina : Ed. Siglo Veintiuno, 2010 ; il. ; 126 p. ; 20 cm.",,
,,,,,ISBN : 978-987-629-100-2,D,MUNICIPIO DE ORO VERDE
,,,,,,,
,,,,,,,
509,,,1/31/2012,," Edelsztein, Valeria",,
,,,,,Los remedios de la abuela,,
,,,,," Argentina : Ed. Siglo Veintiuno, 2011 ; il. ; 130 p. ; 20 cm.",,
,,,,,ISBN : 978-987-629-179-8,D,MUNICIPIO DE ORO VERDE
,,,,,,,
,,,,,,,
510,,,1/31/2012,," Golombek, Diego",,
,,,,,Demoliendo papers,,
,,,,," Argentina : Ed. Siglo Veintiuno, 2005 ; il. ; 147 p. ; 20 cm.",,
,,,,,ISBN : 978-987-1220-08-3,D,MUNICIPIO DE ORO VERDE
,,,,,,,
,,,,,,,
511,,,1/31/2012,, Calvo Juan Carlos,,
,,,,,¡Qué porquería las hormonas!,,
,,,,," Argentina :Ed. Siglo Veintiuno, 2011 ; il. ; 122 p. ; 20 cm.",,
,,,,,ISBN : 978-987-629-166-8,D,MUNICIPIO DE ORO VERDE
,,,,,,,
,,,,,,,
512,,,1/31/2012,," Paenza, Adrán",,
,,,,,Matemática… ¿estás ahí?,,
,,,,," Argentina : Ed. Siglo Veintiuno, 2007 ; il. ; 237 p. ; 20 cm.",,
,,,,,ISBN : 978-987-629-017-3,D,MUNICIPIO DE ORO VERDE
,,,,,,,
,,,,,,,
513,,,1/31/2012,," Abramson, Guillermo",,
,,,,,Viaje a las estrellas,,
,,,,," Argentina : ed. Siglo Veintiuno, 2010 ; il. ; 127 p. ; 20 cm.",,
,,,,,ISBN : 9978-987-629-133-0,D,MUNICIPIO DE ORO VERDE
,,,,,,,
,,,,,,,
514,,,1/31/2012,," Alzogaray, Raúl",,
,,,,,El elixir de la muerte,,
,,,,," Argentina : Ed. Siglo Veintiuno, 2007 ; il. ; 127 p. ; 20 cm.",,
,,,,,ISBN : 978-987-1220-91-5,D,MUNICIPIO DE ORO VERDE
,,,,,,,
,,,,,,,
515,,,1/31/2012,," Calcagno, Javier - Lovrich, Gustavo",,
,,,,,El mar,,
,,,,," Argentina : Ed. Siglo Veintiuno,2007 ; il. ; 134 p. ; 20 cm.",,
,,,,,ISBN : 978-987-1220-67-0,D,MUNICIPIO DE ORO VERDE
,,,,,,,
,,,,,,,
516,,,1/31/2012,," Gellon, Gabriel",,
,,,,,Había una vez el átomo,,
,,,,," Argentina : Ed. Siglo Veintiuno, 2007 ; il. 240 p. ; 20 cm.",,
,,,,,ISBN : 978-987-1220-93-9,D,MUNICIPIO DE ORO VERDE
,,,,,,,
,,,,,,,
517,,,1/31/2011,," Rebeur, Ana Von",,
,,,,,La ciencia del color,,
,,,,," Argentina : Ed. Siglo Veintiuno, 2010 ; il. ; 126 p. ; 20 cm.",,
,,,,,ISBN : 978-987-629-147-7,D ,MUNICIPIO DE ORO VERDE
,,,,,,,
,,,,,,,
518,,,1/31/2012,," Rosenvasser Fehr, Elsa",,
,,,,,Cielito lindo,,
,,,,," Argentina : Ed. Siglo Veintiuno, 2004 ; il. ; 116 p. 20 cm.",,
,,,,,ISBN : 978-987-1105-91-5,D ,MUNICIPIO DE ORO VERDE
,,,,,,,
,,,,,,,
519,,,1/31/2012,," Lozano, Mario",,
,,,,,Ahí viene la plaga,,
,,,,," Argentina : Ed. Siglo Veintiuno, 2004 ; il. ; 126 p. ; 20 cm.",,
,,,,,ISBN : 978-987-1105-69-4,D,MUNICIPIO DE ORO VERDE
,,,,,,,
,,,,,,,
520,,,1/31/2012,," Di Ganova, Facundo",,
,,,,,El barman científico,,
,,,,," Argentina : Ed. Siglo Veintiuno, 2011 ; il. ; 238 p. ; 20 cm.",,
,,,,,ISBN : 978-987-629-170-5,D,MUNICIPIO DE ORO VERDE
,,,,,,,
,,,,,,,
521,,,1/31/2012,," Rossi, María Susana - Levin, Luciano",,
,,,,,Qué es (y qué no es) la evolución,,
,,,,," Argentina : Ed. Siglo Veintiuno, 2006 ; il. ; 136 p. ; 20 cm.",,
,,,,,ISBN : 978-987-1220-52-6,D,MUNICIPIO DE ORO VERDE
,,,,,,,
,,,,,,,
522,,,1/31/2012,," Wall, Luis G.",,
,,,,,"Plantas, bacterias, hongos, mi mujer, el cocinero",,
,,,,,y sus amantes,,
,,,,," Argentina : ed. Siglo Veitiuno, 2005 ; il. ; 114 p. ; 20 cm.",,
,,,,,ISBN : 978-987-1220-25-0,D,MUNICIPIO DE ORO VERDE
,,,,,,,
,,,,,,,
523,,,1/31/2012,," Rojo, Alberto",,
,,,,,La Física en la vida cotidiana,,
,,,,," Argentina : ed. Siglo Veintiuno, 2007 ; il. 220 p. ; 20 cm.",,
,,,,,ISBN : 978-987-1220-81-6,D,MUNICIPIO DE ORO VERDE
,,,,,,,
,,,,,,,
524,,,1/31/2012,," Amster, Pablo",,
,,,,,La Matemática como un de las bellas artes,,
,,,,," Argentina : Ed. Siglo Veintiuno, 2004 ; il. ; 127 p. ; 20 cm.",,
,,,,,ISBN : 978-987-1105-92-2,D,MUNICIPIO DE ORO VERDE
,,,,,,,
,,,,,,,
525,,,1/31/2012,," Paenza, Adrián",,
,,,,,Matemática… ¿estás ahí?,,
,,,,," Argentina : Ed. Siglo Veintiuno, 2010 ; il. ; 222p. ; 20 cm.",,
,,,,,ISBN : 978-987-629-122-4,D,MUNICIPIO DE ORO VERDE
,,,,,,,
,,,,,,,
526,,,1/31/2012,," Paenza, Adrián",,
,,,,,Matmática… ¿estás ahí?,,
,,,,," Argentina : Ed. Siglo Veintiuno, 2006 ; il. ; 237 p. ; 20 cm.",,
,,,,,ISBN : 978-987-1220-64-9,D,MUNICIPIO DE ORO VERDE
,,,,,,,
,,,,,,,
527,,,1/31/2012,," Golombek, Diego",,
,,,,,"Sexo, drogas y biología",,
,,,,," Argentina : Ed. Siglo Veintiuno, 2006 ; il. ; 134 p. ; 20 cm.",,
,,,,,ISBN : 978-987-1220-70-0,D,MUNICIPIO DE ORO VERDE
,,,,,,,
,,,,,,,
528,,,1/31/2012,," De Ambrosio, Martín",,
,,,,,El deprotista científico,,
,,,,," Argentina : Ed. Siglo Veintiuno, 2009 ; il. ; 123p. ; 20 cm.",,
,,,,,ISBN : 978-987-629-082-1,D,MUNICIPIO DE ORO VERDE
,,,,,,,
,,,,,,,
529,,,1/31/2012,,"  Alzogaray, Raúl",,
,,,,,Una tumba para los romanov,,
,,,,," Argentina : Ed. Siglo Veitiuni, 2004 ; il. ; 125 p. ; 20 cm.",,
,,,,,ISBN : 978-987-1105-68-7,D,MUNICIPIO DE ORO VERDE
,,,,,,,
,,,,,,,
530,,,1/31/2012,," Díaz, Alberto",,
,,,,,Bio.. ¿qué?,,
,,,,," Argentina : Ed. Siglo Veintiuno, 2005 ; il. ; 127 p. ; 20 cm.",,
,,,,,ISBN : 978-987-1220-29-8,D,MUNICIPIO DE ORO VERDE
,,,,,,,
,,,,,,,
531,,,1/31/2012,,"  Plata Rosas, Javier Luis",,
,,,,,Un científico en el museo de arte moderno,,
,,,,," Argentina : Ed. Siglo Veintiuno, 2011 ; il. ; 168 p. ; 20 cm.",,
,,,,,ISBN : 978-987-629-197-2,D,MUNICIPIO DE ORO VERDE
,,,,,,,
,,,,,,,
532,,,3101/2012,," Arbiser, Ariel",,
,,,,,El jugador científico,,
,,,,," Argentina : Ed. Siglo Veitiuno, 2011 ; il. ; 143 p. ; 20 cm.",,
,,,,,ISBN : 978-987-629-161-3,D,MUNICIPIO DE ORO VERDE
,,,,,,,
,,,,,,,
533,,,1/31/2012,," Amster, Pablo",,
,,,,,"¡Matemática, maestro!",,
,,,,," Argentina : Ed. Siglo Veitiuno, 2010 ; il. ; 126 p. ; 20 cm.",,
,,,,,ISBN : 987-978-629-143-9,D,MUNICIPIO DE ORO VERDE
,,,,,,,
,,,,,,,
534,,,1/31/2012,," Nepote, Juan",,
,,,,,Científicos en el ring,,
,,,,," Argentina : Ed. Siglo Veintiuno, 2011 ; il. ; 120 p. ; 20 cm.",,
,,,,,ISBN : 978-987-629-190-3,D,MUNICIPIO DE ORO VERDE
,,,,,,,
,,,,,,,
535,,,1/31/2012,, Anónimo,,
,,,,,Las mil y una noches  I,,
,,,,," Argentina : Ed. Longseller, 2010 ;  535 p. ; 21 cm.",,
,,,,,ISBN : 978-987-550-607-7,D,LIB. Y PAP. MELLIS
,,,,,,,
,,,,,,,
536,,,1/31/2012,, Anónimo II,,
,,,,,Las mil y una noches,,
,,,,," Argentina : Ed. Longseller, 2010 ; 444 p. 21 cm.",,
,,,,,ISBN :  978-987-550-605-3,D,LIB. Y PAP. MELLIS
,,,,,,,
,,,,,,,
537,,,1/31/2012,, Anónimo III,,
,,,,,Las mil y una noches,,
,,,,," Argentina : Ed. Longseller, 2010 ;   581 p. ; 21 cm.                                                                                                                                         ",,
,,,,,ISBN : 978-987-550-607-7,D,LIB. Y PAP. MELLIS
,,,,,,,
,,,,,,,
538,,,1/31/2012,, Anónimo IV,,
,,,,,Las mil y una noches,,
,,,,," Argentina : Ed. Langseller, 2010 ; 684 p. ; 21 cm.",,
,,,,,ISBN: 978-987-550-607-7,D,LIB. Y PAP. MELLIS
,,,,,,,
,,,,,,,
539,,,1/31/2012,, Borges Jorge Luis,,
540,,,,,Obras completas I 1923 - 1949,,
,,,,," Argentina : Ed. Emecé, 2010 ; 758 p. ; 19 cm.",,
,,,,,ISBN: 978-950-04-3302-0,D ,LIB. Y PAP. MELLIS
,,,,,,,
,,,,,,,
541,,,1/31/2012,," Beckett, Samuel",,
,,,,,Esperando a Godot (Taetro),,
,,,,," Argentina : .ed. Tusquets, 2010 ; 155 p. ; 19 cm.",,
,,,,,ISBN : 978-950-977979-2,D,LIB. Y PAP. MELLIS
,,,,,,,
,,,,,,,
542,,,1/31/2012,, Sófocles,,
,,,,,Edipo rey Antígona,,
,,,,," Argentina : Ed. Lognseller,2010 ; il. ; 159 p. ; 19 cm.",,
,,,,,ISBN : 978-987-550-877-4,D ,LIB. Y PAP. MELLIS
,,,,,,,
,,,,,,,
543,,,1/31/2012,," Mallea, Eduardo",,
,,,,,La vida blanca,,
,,,,," Argentina : Ed. Corregidor, 2010 ; 110 p. 19 cm.",,
,,,,,ISBN : 978-950-05-1701-0,D,LIB. Y PAP. MELLIS
,,,,,,,
,,,,,,,
544,,,1/31/2012,," Balzac, Homoré de",,
,,,,,La obra maestra desconocida,,
,,,,," Argentina : Ed.Talleres Gráficos, 2010 ; 91 p. ; 19 cm.",,
,,,,,ISBN : 978-987-26418-0-1,D,LIB. Y PAP. MELLIS
,,,,,,,
,,,,,,,
545,,,1/31/2012,, Lope de Vega,,
,,,,,Fuente Ovejuna,,
,,,,," Argentina : Ed. ANAYA, 2010 , il. ; 142 p. ; 19 cm.",,
,,,,,ISBN : 978-84-207-4355-4,D,LIB. Y PAP. MELLIS
,,,,,,,
,,,,,,,
546,,,3/31/2012,," Bioy Casares, Adolfo",,
,,,,,La invención de Morel,,
,,,,,"Argentina : Ed. Colihue,2010 ; il. ; 139 p. ; 17 cm.",,
,,,,,ISBN : 978-950-581-052-9,D,LIB. Y PAP. MELLIS
,,,,,,,
,,,,,,,
547,,,1/31/2012,," Dolina, Alejandro",,
,,,,,Crónica del Angel gris,,
,,,,," Argentina : Ed. Colihue, 2010 ; il. ; 273 p. ; 21 cm.",,
,,,,,ISBN : 978-950-581-270-7,D,LIB. Y PAP. MELLIS
,,,,,,,
,,,,,,,
548,,,1/31/2012,," Melville, Herman",,
,,,,,Moby Dick o La ballena blanca,,
,,,,,"Argentina : Ed. Sudamericana, 2010 ; 702 p. ; 20 cm.",,
,,,,,ISBN : 978-987-566-281-0,D,LIB. Y PAP. MELLIS
,,,,,,,
,,,,,,,
549,,,1/31/2012,," Saramagno, Jos♪0",,
,,,,,Ensayo sobre la ceguera ,,
,,,,," Argentina : Ed. Alfaguara, 2010 ; 373 p. ; 21 cm.",,
,,,,,ISBN : 978-987-04-1681-4,D,LIB. Y PAP. MELLIS
,,,,,,,
,,,,,,,
550,,,1/31/2012,," Borges, Jorge Luis",,
,,,,,Obras Completas II 1952 - 1972,,
,,,,," Argentina : Ed. Emecé, 2010 ; 597 p. ; 19 cm.",,
,,,,,ISBN : 978-950-04-3303-7,D,LIB. Y PAP. MELLIS
,,,,,,,
,,,,,,,
551,,,1/31/2012,," Borges, Jorge Luis",,
,,,,,Obras Completas III 1975 - 1985,,
,,,,," Argentina : Ed. Emecé, 2010 ; 594 p. ; 19 cm.",,
,,,,,ISBN : 978-950-04-3304-4,D,LIB. Y PAP. MELLIS
,,,,,,,
,,,,,,,
552,,,1/31/2012,," Dostoievski, Fedor",,
,,,,,Crimen y castigo,,
,,,,," Argentina : Ed. Longseller, 2010 ; 592 p. ; 21 cm.",,
,,,,,ISBN : 978-987-550-437-0,D,LIB. Y PAP. MELLIS
,,,,,,,
,,,,,,,
553,,,1/31/2012,," Dumas, Alexandre",,
,,,,,El Conde de Montecristo  TOMO 1,,
,,,,," Argentina : Ed. ANAYA, 2010 ;  512 p. ; 21 cm.",,
,,,,,ISBN : 978-84-667-1743-4,D,LIB. Y PAP. MELLIS
,,,,,,,
,,,,,,,
554,,,1/31/2012,," Dumas, Alexandre ",,
,,,,,El Conde de Montecristo TOMO 2,,
,,,,," Argentina : Ed. ANAYA, 2010 ; il. ; 1064 p. ; 21 Cm",,
,,,,,ISBN : 978-84-667-1743-4,D,LIB. Y PAP. MELLIS
,,,,,,,
,,,,,,,
555,,,1/31/2012,," Dicépolo, Armando",,
,,,,,Babilonia,,
,,,,," Argentina : Ed. Talleres Gráficos DEL, 2010 ; 95 p. 19 cm.",,
,,,,,ISBN : 978-987-26418-2-5,D ,LIB. Y PAP. MELLIS
,,,,,,,
,,,,,,,
556,,,1/31/2012,," Valenzuela, Luisa",,
,,,,,Cuentos completos y unoi más,,
,,,,," Argentina : Ed. ALFAGUARA, 2010 ; 526 p. ; 23 cm. ",,
,,,,,ISBN : 978-987-04-1684-5,D,LIB. Y PAP. MELLIS
,,,,,,,
,,,,,,,
557,,,1/31/2012,," Spiegelman, Art",,
,,,,, MAUS Historia de un sobreviviente,,
,,,,," Argentina : Ed. EMECE, 2010 ; il. ; 135 p. ; 22 cm.",,
,,,,,ISBN : 978-950-04-3318-1,D,LIB. Y PAP. MELLIS
,,,,,,,
,,,,,,,
558,,,1/31/2012,," Stugeon, Theodore",,
,,,,,Más que humano,,
,,,,," Argentina : Ed. Minotauro, 2010 ; 261 p. 21 cm.",,
,,,,,ISBN : 978-950-547-147-8,D,LIB. Y PAP. MELLIS
,,,,,,,
,,,,,,,
559,,,31/01/201,," Puig, Manuel",,
,,,,,El beso de la mujer araña,,
,,,,," Argentina : Ed. Emecé, 2010 ; 245 p. ; 21 cm.",,
,,,,,ISBN : 978-950-04-3319-8,D,LIB. Y PAP. MELLIS
,,,,,,,
,,,,,,,
560,,,1/31/2012,," Discépolo, Armando ",,
,,,,,El grotesco criollo,,
,,,,," Argentina : Ed. Colihue, 2010 ; il. ; 209 p. ; 17 cm.",,
,,,,,ISBN : 978-950-563-661-7,D,LIB. Y PAP. MELLIS
,,,,,,,
,,,,,,,
561,,,1/31/2012,," Sartre, Jean-Paul",,
,,,,,La suerte esta echada El engranaje,,
,,,,," Argentina : Ed. Losada, 2010 ; 319 p. ; 17 cm.",,
,,,,,ISBN : 978-950-03-0311-8,D,LIB. Y PAP. MELLIS
,,,,,,,
,,,,,,,
562,,,1/31/2012,," Shelley, Mary W.",,
,,,,,Frankenstein,,
,,,,," Argentina : Ed. Logseller, 2010 ; 317 p. ; 17 cm",,
,,,,,ISBN : 978-987-550-704-3,D,LIB. Y PAP. MELLIS
,,,,,,,
,,,,,,,
563,,,1/31/2012,," Racine, Jean",,
,,,,,Fedra,,
,,,,," Argentina : Ed. Estrada, 2010 ; il. ; 93 p. ; 18 cm",,
,,,,,ISBN : 978-950-01-0974-1,D,LIB. Y PAP. MELLIS
,,,,,,,
,,,,,,,
564,,,1/31/2012,," H. G. Oesterheld, Héctor y López, Solano",,
,,,,,EL ETERNAUTA,,
,,,,," Argentina : Ed. Gráfica Pinter, 2010 ; il. ; 352 p. ; 17 cm. ",,
,,,,,ISBN : 978-987-26408-0-4,D,LIB. Y PAP. MELLIS
,,,,,,,
,,,,,,,
565,,,31/01/201,," Saavedra, Guillermo",,
,,,,,Cuentos de Escritoras Argentinas,,
,,,,," Argentina : Ed. Alfaguera, 2010 ; 236 p. ; 23 cm.",,
,,,,,ISBN : 978-987-04-1683-8,D,LIB Y PAP. MELLIS
,,,,,,,
,,,,,,,
566,,,1/31/2012,, QUINO,,
,,,,,Toda Mafalda Tomo 1,,
,,,,," Argentina : Ed. De La Flor, 2010 ; il. ; 327 p. ; 30 cm.",,
,,,,,ISBN : 978-950-515-316-9,D,LIB Y PAP. MELLIS
,,,,,,,
,,,,,,,
567,,,1/31/2012,, QUINO,,
,,,,,Toda Mafalda Tomo 2,,
,,,,," Argentina : Ed. De La Flor, 2010 ; il. ; 330 p. ; 30 cm.",,
,,,,,ISBN : 978-950-515317-9,D,LIB. Y PAP. MELLIS
,,,,,,,
,,,,,,,
568,,,1/31/2012,," Buzatti, Dino",,
569,,,,,Los siete mansajeros y otros relatos,,
,,,,," Argentina : Ed. Alianza, 2010 ; 219 p. ; 19 cm.",,
,,,,,ISBN : 978-950-40-0199-7,D,LIB. Y PAP. MELLIS
,,,,,,,
,,,,,,,
570,,,1/31/2012,," Borges, Jorge - Bioy Casares, Adolfo - Ocampo, Silvina",,
571,,,,,Antología de la Literatura fantástica,,
,,,,," Argentina : Ed. Sudamericana, 2010 ; 407 p. ; 20 cm.",,
,,,,,ISBN : 950-07-0587-7,D,LIB. Y PAP. MELLIS
,,,,,,,
,,,,,,,
572,,,1/31/2012,," Carpentier, Alejo",,
573,,,,,Guerra del tiempo y otros relatos,,
,,,,," Argentina : Ed. Alianza, 2010 ; 194 p. ; 19 cm.",,
,,,,,ISBN : 978-950-40-0200-0,D,LIB. Y PAP. MELLIS
,,,,,,,
,,,,,,,
574,,,1/31/2012,," Walsh, Rodolfo",,
575,,,,,"""Operación Masacre""",,
,,,,," Argentina : Ed. De La Flor, 2010 ; 236 p. ; 19 cm.",,
,,,,,ISBN : 978-950-515-352-7,D,LIB. Y PAP. MELLIS
,,,,,,,
,,,,,,,
576,,,1/31/2012,," Spiegelman, Art",,
,,,,,MAUS Historia de un sobreviviente,,
,,,,," Argentina : Ed. Emecé, 2010 ; il. ; 135 p. ; 22 cm.",,
,,,,,ISBN : 978-950-04-3318-1,D,LIBI Y PAP. MELLIS
,,,,,,,
,,,,,,,
577,,,1/31/2012,," Spiegelman, Art",,
,,,,,MAUS Historia de un sobreviviente,,
,,,,," Agentina : Ed. Emecé, 2010 ; il. ; 159 p. 22 cm.",,
,,,,,ISBN : 978-950-04-3317-4,D ,LIB. Y PAP. MELLIS
,,,,,,,
,,,,,,,
578,,,1/31/2012,," Orwell, George",,
579,,,,,1984   Parte primera,,
,,,,," Argentina : Ed. Destino, 2010 ; 328 p. ; 21 cm. ",,
,,,,,ISBN : 987-950-04-3320-4,D,LIB. Y PAP. MELLIS
,,,,,,,
,,,,,,,
580,,,1/31/2012,," Cortázar, Julio",,
,,,,,Cuentos completos/1 (1945 - 1966),,
,,,,," Argentina : Ed. Alfaguara, 2010 ; 614 p. ; 24 cm.",,
,,,,,ISBN : 978-987-04-1685-2,D,LIB. Y PAP. MELLIS
,,,,,,,
,,,,,,,
581,,,1/31/2012,," Cortázar, Julio",,
,,,,,Cuentos completos/2 (1969 - 1982),,
,,,,,"Argentina : Ed. Alfaguara, 2010 ; 518 p. ; 24 cm.",,
,,,,,ISBN : 978-987-04-1686-9,D,LIB. Y PAP. MELLIS
,,,,,,,
,,,,,,,
582,,,1/30/2012,," Gutiérrez, Eduardo",,
583,,,,,Juan Moreira (versión completa),,
,,,,," Argentina : Ed. Lognseller, 2010 ; 380 p. ; 17 cm.",,
,,,,,ISBN : 978-987-550-702-9,D,LIB. Y PAP. MELLIS
,,,,,,,
,,,,,,,
584,,,1/31/2012,," Mansilla, Lucio V.",,
,,,,,Una excursión a los Indios Ranqueles (I),,
,,,,," Argentina : Ed. Longseller, 2010 ; 317 p. ; 17 cm.",,
,,,,,ISBN : 978-987-550-681-7,D,LIB. Y PAP. MELLIS
,,,,,,,
,,,,,,,
585,,,1/31/2012,," Mansilla, Lucio V.",,
,,,,,Una excursión a los Indios Ranqueles (II),,
,,,,,"Argentina : Ed. Longseller, 2010 ; 286 p. ; 17 cm.",,
,,,,,ISBN : 978-987-550-682-4,D,LIB. Y PAP. MELLIS
,,,,,,,
,,,,,,,
586,,,1/31/2012,, Homero,,
587,,,,,Odisea,,
,,,,," Argentina : Ed. Booket, 2010 ; 414 p. ; 18 cm.",,
,,,,,ISBN : 978-980-852-252-8,D,LIB. Y PAP. MELLIS
,,,,,,,
,,,,,,,
587,,,1/31/2012,,,,
,,,,,,,
,,,,,,,
,,,,,,,
,,,,,,,
,,,,,,,
588,,,1/31/2012,," García Lorca, Federico",,
589,,,,,La casa de Bernarda Alba,,
,,,,," Argentina : Ed. Longseller, 2010 ; 173 p. ; 17 cm.",,
,,,,,ISBN : 978-987-550-566-7,D,LIB. Y PAP. MELLIS
,,,,,,,
,,,,,,,
590,,,1/31/2012,, Anónimo,,
591,,,,,Poema del Cid,,
,,,,," Argentina : Ed. Losada, 2010 ; 275 p. ; 17 cm.",,
,,,,,ISBN : 978-950-03-0598-3,D,LIB. Y PAP. MELLIS
,,,,,,,
,,,,,,,
592,,,1/31/2012,," Mansilla, Lucio V..",,
,,,,,Una excursión a los Indios Ranquueles (I),,
,,,,," Argentina : Ed. Longseller, 2010 ; 315 p. ; 17 cm.",,
,,,,,ISBN : 978-987-550-681-7,D,LIB. Y PAP. MELLIS
,,,,,,,
,,,,,,,
593,,,1/31/2012,," Mansilla, Lucio V.",,
,,,,,Una excursión a los Indios Ranqueles (II),,
,,,,," Argentina : Ed. Longseller, 2010 ; 286 p. ; 17 cm.",,
,,,,,ISBN : 978-987-550-683-1,D,LIB. Y PAP. MELLIS
,,,,,,,
,,,,,,,
594,,,1/31/2012,," Frank, Ana",,
,,,,,Diario,,
,,,,," Agentina : Ed. Debolsillo, 2010 ; 294 p. ; 20 cm.",,
,,,,, ISBN : 987-1138-67-9,D,LIB. Y PAP. MELLIS
,,,,,,,
,,,,,,,
595,,,1/31/2012,," Fontanarrosa, Roberto",,
596,,,,,Te digo más …,,
,,,,," Argentina : Ed.De La Flor, 2010 ;  312 p. ; 19 cm.",,
,,,,,ISBN : 978-950-515-186-8,D,LIB. Y PAP. MELLIS
,,,,,,,
,,,,,,,
597,,,1/31/2012,," Ocampo, Silvina",,
,,,,,Cuentos completos (Volumen I),,
,,,,," Argentina : Ed. Emecé, 2010 ; 347 p. ; 21 cm.",,
,,,,,ISBN : 978-950-04-3310-5,D,LIB. Y PAP. MELLIS
,,,,,,,
,,,,,,,
598,,,1/31/2012,," Ocampo, Silvina",,
,,,,,Cuentos completos (Volumen II),,
,,,,," Argentina : Ed. Emecé, 2010 ; 356 p. ; 21 cm.",,
,,,,,ISBN : 978-950-04-3311-2,D,LIB. Y PAP. MELLIS
,,,,,,,
,,,,,,,
599,,,1/31/2012,," Ocampo, Silvina",,
,,,,,Cuentos completos (Volumen III),,
,,,,," Argentina : Ed. Emec♪0, 2010 ; 278 p. 21 cm.",,
,,,,,ISBN : 978-950-04-3312-9,D,LIB. Y PAP. MELLIS
,,,,,,,
,,,,,,,
600,,,1/31/2012,," Borges, Jorge Luis",,
,,,,,Obras cpmpletas II  1952 - 1972,,
,,,,," Argentina : Ed. Emecé, 2010 ; 592 p. ; 19 cm.",,
,,,,,ISBN : 978-950-04-3303-7,D,LIB. Y PAP. MELLIS
,,,,,,,
,,,,,,,
601,,,1/31/2012,," Borges, Jorge Luis",,
602,,,,,Obras completas IV  1975 - 1988,,
,,,,," Argentina : Ed. Emecé, 2010 ; 668 p. ; 19 cm.",,
,,,,,ISBN : 978-950-04-3305-4,D ,LIB. Y PAP. MELLIS
,,,,,,,
,,,,,,,
603,,,1/31/2012,," Tolstoi, León",,
604,,,,,La muerte de Iván Ilich,,
,,,,," Argentina : Ed. Longseller, 2010 ; 186 p. ;17 cm.",,
,,,,,ISBN : 978-987-550-673-5,D ,LIB. Y PAP. MELLIS
,,,,,,,
,,,,,,,
605,,,1/31/2012,," García Lorca, Federico",,
606,,,,,Bodas de sangre,,
,,,,," Argentina : Ed. Logseller, 2010 ; 166 p. ; 17 cm.",,
,,,,,ISBN : 978-987-550-598-8,D,LIB. Y PAP. MELLIS
,,,,,,,
,,,,,,,
607,,,1/31/2012,," Neruda, Pablo",,
608,,,,,Antología esencial,,
,,,,," Argentina : Ed. Losada, 2010 ; 375 p. ; 17 cm.",,
,,,,,ISBN : 978-950-03-0253-1,D,LIB. Y PAP. MELLIS
,,,,,,,
,,,,,,,
609,,,1/31/2012,," Guiraldes, Ricardo",,
610,,,,,Don Segundo Sombra,,
,,,,," Argentina : Ed. Logseller, 2010 ; 300 p. 17 cm.",,
,,,,,ISBN : 978-987-550-535-3,D ,LIB. Y PAP. MELLIS
,,,,,,,
,,,,,,,
611,,,1/31/2012,," Brecht, Bertoll",,
,,,,,Vida de Galileo,,
,,,,," Argentina : Ed. Alianza, 2101 ; 116 p. ; 19 cm.",,
,,,,,,,
,,,,,,,
,,,,,ISBN : 978-950-40-0197-3,D,LIB. Y PAP. MELLIS
,,,,,,,
,,,,,,,
612,,,1/31/2012,," Carrol, Lewis",,
,,,,,Alicia en el país de las maravillas,,
,,,,," Argentina : ed. Alianza, 2010 ; il. ; 181 p. ; 19 cm.",,
,,,,,ISBN : 978-950-40-0260-4,D,LIB. Y PAP. MELLIS
,,,,,,,
,,,,,,,
613,,,1/31/2012,," Wells, Herbert G.",,
,,,,,La máquina del tiempo,,
,,,,," Argentina : Ed. Alianza, 2010 ; 132 p. ; 19 cm.",,
,,,,,ISBN : 978-950-40-0260-2,D,LIB. Y PAP. MELLIS
,,,,,,,
,,,,,,,
614,,,1/31/2012,," Quiroga, Horacio",,
,,,,,Cuentos escogidos,,
,,,,," Argentina : Ed. AIQUE, 2010 ; 90p. ; 19 cm.",,
,,,,,ISBN : 978-987-06-0228--6,D,LIB. Y PAP. MELLIS
,,,,,,,
,,,,,,,
615,,,1/31/2012,," Brecht, Bertolt",,
,,,,,Madre coraje y sus hijos ,,
,,,,,"Argentina : ed. Alianza, 2010 ; 89 p. ; 19 cm.",,
,,,,,ISBN : 978-950-40-0198-0,D ,LIB. Y PAP. MELLIS
,,,,,,,
,,,,,,,
616,,,1/31/2012,," Castillo, Abelardo",,
,,,,,Las otras puertas,,
,,,,," Argentina : Ed. Emecé, 2010 ;  174 p. ; 21 cm. ; ",,
,,,,,ISBN : 978-950-04-3306-8,D,LIB. Y PAP. MELLIS
,,,,,,,
,,,,,,,
617,,,1/31/2012,," James, Henry",,
,,,,,Otra vuelta de tuerca,,
,,,,," Argentina : Ed. Longseller, 2010 ; 221 p. ; 17 cm.",,
,,,,,ISBN : 978-987-550-754-8,D,LIB. Y PAP. MELLIS
,,,,,,,
,,,,,,,
618,,,1/31/2012,," Fernandez, Macedonio",,
,,,,,Textos selectos,,
,,,,," Argentina : Ed. Corregidor, 2010 ; 335 p. ; 19 cm.",,
,,,,,ISBN : 978-950-05-1181-0,D ,LIB. Y PAP. MELLIS
,,,,,,,
,,,,,,,
619,,,1/31/2012,," Onetti, Juan Carlos",,
,,,,,Cuentos completos (1933 - 1993),,
,,,,," Argentina : Ed. Alfaguara, 2010 ; 393 p. ; 22 cm.",,
,,,,,ISBN : 978-987-04-16-87-6,D,LIB. Y PAP. MELLIS
,,,,,,,
,,,,,,,
620,,,1/31/2012,," Vargas Losa, Mario",,
,,,,,La ciudad y los perros,,
,,,,," Argentina : Ed. Alfaguara, 2010 ; 483 P. ; 22 cm.",,
,,,,,ISBN : 978-987-04-1688-3,D,LIB. Y PAP. MELLIS
,,,,,,,
,,,,,,,
621,,,1/31/2012,," Tizón, Héctor",,
,,,,,Fuego en Casabindo,,
,,,,,"Argentina : Ed. Alfaguara, 2010 ; 125 p. ; 21 cm.",,
,,,,,ISBN : 978-987-04-1682-1,D,LIB- Y PAP. MELLIS
,,,,,,,
,,,,,,,
622,,,1/31/2012,," Bradbury, Ray",,
,,,,,Crónicas marcianas,,
,,,,," Argentina : Ed. Minotauro, 2010 ; 277 p. ; 21 cm.",,
,,,,,ISBN : 978-950-547-146-1,D,LIB. Y PAP. MELLIS
,,,,,,,
,,,,,,,
623,,,1/31/2012,," Tolkien, John Ronald Reuen",,
,,,,,El hobbit,,
,,,,," Argentina : Ed. Minotauro, 2010 ; il. ; 351 p. ; 21 cm.",,
,,,,,ISBN : 978-950-547-148-5,D,LIB. Y PAP. MELLIS
,,,,,,,
,,,,,,,
624,,,1/31/2012,," Dumas, Alexandre",,
,,,,,El Conde de Montecristo TOMO 1,,
,,,,," Argentina :  Ed, ANAYA, 2010 ; 507 p. ; 21 cm.",,
,,,,,ISBN : 978-84-667-1743-4,D,LIB. Y PAP. MELLIS
,,,,,,,
,,,,,,,
625,,,1/31/2012,," Dumas, Alezandre",,
,,,,,El Conde de Montecristo  TOMO 2,,
,,,,," Argentina : Ed. ANAYA, 2010 ; il. ; 1064 p. 21 cm. ",,
,,,,,ISBN : 978-84-667-1743-4,D,LIB. Y PAP. MELLIS
,,,,,,,
626,,,1/31/2012,," Sartre, Jean-Paul",,
,,,,,La suerte está echada  El engranaje,,
,,,,," Argentina : Ed. Losada, 2010 ; 319 p. ; 17 cm-",,
,,,,,ISBN : 978-950-03-0311-8,D,LIB. Y PAP. MELLIS
,,,,,,,
,,,,,,,
627,,,1/31/2012,," Wilde, Oscar",,
,,,,,El retrato de Dorian Gray,,
,,,,," Argentina : Ed. Alianza, 2010 ; 297 p. ; 19 cm.",,
,,,,,ISBN : 978-950-40-0265-9,D,LIB. Y PAP. MELLIS
,,,,,,,
,,,,,,,
628,,,1/31/2012,," Swift, Jonathan",,
,,,,,Los viajes de Gulliver,,
,,,,," Argentina : Ed. Alianza, 2010 ; 349 p. 19 cm.",,
,,,,,ISBN : 978-950-40-0263-5,D,LIB. Y PAP. MELLIS
,,,,,,,
,,,,,,,
629,,,1/31/2012,," Arlt, Roberto",,
,,,,,El juguete rabioso,,
,,,,," Argentina : Ed. Losada, 2010 ; 189 p. 18 cm.",,
,,,,,ISBN : 978-950-03-0605-8,D,LIB. Y PAP. MELLIS
,,,,,,,
,,,,,,,
630,,,1/31/2012,," Dickens, Charles",,
,,,,,Canción de navidad,,
,,,,," Argentina : Ed. Longseller, 2009 ; il. ; 221 p. ; 19 cm.",,
,,,,,ISBN : 978-987-550-881-1,D,LIB. Y PAP. MELLIS
,,,,,,,
,,,,,,,
631,,,1/31/2012,," Defor, Daniel",,
,,,,,Robinson crusoe,,
,,,,," Argentina : Ed. ANAYA, 2010 ; il. ; 334 p. ; 20 cm.",,
,,,,,ISBN : 976-84-207-1227-7,D,LIB. Y PAP. MELLIS
,,,,,,,
,,,,,,,
632,,,1/31/2012,," García Marquez, Gabriel",,
,,,,,Cien años de soledad,,
,,,,," Argentina : Ed. Debolsillo, 2010 ; 494 p. ; 20 cm.",,
,,,,,ISBN : 987-1138-14-8,D,LIB. Y PAP. MELLIS
,,,,,,,
,,,,,,,
633,,,1/31/2012,, Homero,,
,,,,,Ilíada,,
,,,,," Argentina : Ed. Talleres Gráficos Del, 2010 ; 399 p. ; 19 cm.",,
,,,,,ISBN : 978-987-26418-1-8,D,LIB. Y PAP. MELLIS
,,,,,,,
,,,,,,,
634,,,1/31/2012,," Mujica Lainez, Manuel",,
,,,,,Misteriosa Buenos Aires,,
,,,,," Argentina : Ed. Debolsillo, 2010 ; 286 p. ; 20 cm.",,
,,,,,ISBN : 987-566-100-7,D,LIB. Y PAP. MELLIS
,,,,,,,
,,,,,,,
635,,,1/31/2012,," Twain, Mark",,
,,,,,Las aventuras de Tom Sawyer,,
,,,,," Argentina : Ed. Espasa Calpe, 2010 ; 331 p. ; 19 cm.",,
,,,,,ISBN : 978-950-852-254-2,D,LIB. Y PAP. MELLIS
,,,,,,,
,,,,,,,
636,,,1/31/2012,," Puig, Manuel",,
,,,,,El beso de la mujer araña,,
,,,,," Argentina : Ed. Emecé, 2010 ; 245 p. ; 21 cm.",,
,,,,,ISBN : 978-950-04-3319-8,D,LIB. Y PAP. MELLIS
,,,,,,,
,,,,,,,
637,,,1/31/2012,," Cervantes Saavedra, Miguel de",,
,,,,,Don Quijote de la Mancha,,
,,,,," Argentina : Ed. Alfaguara, 2010 ; il. ; 395 p. ; 20 cm.",,
,,,,,ISBN : 978-987-04-1365-3,D,LIB. Y PAP. MELLIS
,,,,,,,
,,,,,,,
638,,,1/31/2012,, Saint-Exupéry,,
,,,,,El Principito,,
,,,,," Argentina : Ed. Emecé, 2010 ; il. ; 109 p. ; 20 cm.",,
,,,,,ISBN : 978-950-04-26-40-4,D,LIB. Y PAP. MELLIS
,,,,,,,
,,,,,,,
639,,,1/31/2012,," Huxley, Aldous",,
,,,,,Un mundo feliz,,
,,,,," Argentina : Ed. Debolsillo, 2010 ; 254 p. ; 20 cm.",,
,,,,,ISBN : 987-1138-51-2,D,LIB. Y PAP. MELLIS
,,,,,,,
,,,,,,,
640,,,1/31/2012,," Shakespeare, William",,
,,,,,Macbeth,,
,,,,," Argentina : Ed. Talleres Gráficos DEL, 2010 ; 111p. ; 19 cm.",,
,,,,,ISBN : 978-987-264-18-3-2,D,LIB. Y PAP. MELLIS
,,,,,,,
,,,,,,,
641,,,1/31/2012,," Sabato, Ernesto",,
,,,,,Sobre héroes y tumbas,,
,,,,," Argentina : Ed. Booket, 2010 ; 508 p. ; 20 cm.",,
,,,,,ISBN : 978-950-04-3314-3,D ,LIB. Y PAP. MELLIS
,,,,,,,
,,,,,,,
642,,,310/01/2012,, Moliere,,
,,,,,Tartrufo y el misantropo,,
,,,,," Argentina : Ed. Espasa-Calpe, 2010 ; 243 p. ; 18 cm.",,
,,,,,ISBN : 978-950-852-253-5,D,LIB. Y PAP. MELLIS
,,,,,,,
,,,,,,,
643,,,1/31/2012,," Nuñez Cabeza de Vaca, Alvar",,
,,,,,Naufragios,,
,,,,," Argentina : Ed. Alianza, 2010 ; 185 p. ; 19 cm.",,
,,,,,ISBN : 978-950-40-0262-8,D,LIB. Y PAP. MELLIS
,,,,,,,
,,,,,,,
644,,,1/31/2012,," Rulfo, Juan",,
,,,,,Pedro Paramo. El llano en llamas,,
,,,,," Argentina : Ed. Booket, 2010 ; 316 p. ; 19 cm.",,
,,,,,ISBN : 978-987-580-405-0,D,LIB. Y PAP. MELLIS
,,,,,,,
,,,,,,,
645,,,1/31/2012,," Darío, Rubén",,
,,,,,Cuentos de vida y esperanza y otros poemas,,
,,,,,"Argentina : Ed. Longseller, 2010 ; 155 p. ; 17 cm.",,
,,,,,ISBN : 978-987-550-691-6,D,LIB. Y PAP. MELLIS
,,,,,,,
,,,,,,,
646,,,1/31/2012,," Jiménez, Juan Ramón",,
,,,,,Platero y Yo,,
,,,,," Argentina : Ed. Longseller, 2010 ; 167 p. ; 17 cm.",,
,,,,,ISBN : 978-987-550-436-3,D,LIB. Y PAP. MELLIS
,,,,,,,
,,,,,,,
647,,,1/31/2012,," Denevi, Marco",,
,,,,,Cuentos selectos,,
,,,,," Argentina : Ed. Corregido, 2010 ; 398 p. ; 19 cm.",,
,,,,,ISBN : 978-950-05-1111-7,D,LIB. Y PAP. MELLIS
,,,,,,,
,,,,,,,
648,,,1/31/2012,," Discépolo, Armando",,
,,,,,El grotesco criollo,,
,,,,," Argentina : Ed. Colihue, 2010 ; il. ; 209 p. ; 17 cm. ",,
,,,,,ISBN : 978-950-563-661-7,D,LIB. Y PAP. MELLIS
,,,,,,,
,,,,,,,
649,,,1/31/2012,," Beckett, Samuel",,
,,,,,Esperando a Godot,,
,,,,,"Argentina :  Ed. TusQuets, 2010 ; 155 p. ; 18 cm. ",,
,,,,,ISBN : 978-950-9779-79-2,D,LIB. Y PAP. MELLIS
,,,,,,,
,,,,,,,
650,,,1/31/2012,," Verne, Julio",,
,,,,,Viaje al centro de la tierra,,
,,,,," Arentina : Ed. Alianza, 2010 ; il. ; 310 p. ; 19 cm.",,
,,,,,ISBN : 978-950-40-0264-2,D,LIB. Y PAP. MELLIS
,,,,,,,
,,,,,,,
651,,,1/31/2012,," Monterroso, Augusto",,
,,,,,Cuentos,,
,,,,," Argentina : Ed. Alianza, 2010 ; 173 p. ; 19 cm.",,
,,,,,ISBN : 978-950-40-0204-8,D,LIB. Y PAP. MELLIS
,,,,,,,
,,,,,,,
652,,,1/31/2012,," Arlt, Robert",,
,,,,,Los siete locos,,
,,,,," Argentina : Ed. Losada, 2010 ; 349 p. 17 cm.",,
,,,,,ISBN : 978-950-03-0620-1,D,LIB. Y PAP. MELLIS
,,,,,,,
,,,,,,,
653,,,1/31/2012,," Lugones, Leopoldo",,
,,,,,Las fuerzas extrañas,,
,,,,," Argentina : Ed. AIQUE, 2010 ; 136 p. 18 cm.",,
,,,,,ISBN : 978-987-06-0220-0,D,LIB. Y PAP. MELLIS
,,,,,,,
,,,,,,,
654,,,1/31/2012,," Tizón, Héctor",,
,,,,,Fuego en  Casabindo,,
,,,,,"Argentina : Ed.Algaguara, 2010 ; 125 p. ; 21 cm.",,
,,,,,ISBN : 978-987-04-1682-1,D,LIB. Y PAP. MELLIS
,,,,,,,
,,,,,,,
655,,,1/31/2012,," Cooper Fenimore, James",,
,,,,,El último mochicano,,
,,,,, Argentina : Ed. Cátedra. 2010 ; 398 p. ; 20 cm.,,
,,,,,ISBN : 978-84-376-1526-4,D,LIB. Y PAP. MELLIS
,,,,,,,
,,,,,,,
656,,,1/31/2012,," Graves, Robert",,
,,,,,"Los mitos griegos, 2",,
,,,,," Argentina : Ed. Alianza, 2010 ; 400 p. ; 20 cm.",,
,,,,,ISBN : 978-950-40-0209-3,D,LIB. Y PAP. MELLIS
,,,,,,,
,,,,,,,
657,,,1/31/2012,," Marechal, Leopoldo",,
,,,,,Adán Buenosayres,,
,,,,," Argentina : Ed. Emecé, 2010 ; 611p. ; 22 cm.",,
,,,,,ISBN : 978-950-04-3308-2,D,LIB. Y PAP. MELLIS
,,,,,,,
,,,,,,,
658,,,5/10/2012,," Argibay, Pablo",,
,,,,,Cortar y pegar transplanta de órganos y reconstrucción del cuarpo humano,,
,,,,," Argentina : Ed. Siglo Veintiuno, 2007 ; il. ; 124 p. ; 19 cm.",,
,,,,,ISBN : 978-987-1220-79-3,D,MUNICIPIO DE ORO VERDE
,,,,,,,
,,,,,,,
659,,,5/10/2012,," Cereijido, Marcelino",,
,,,,,Elogio del desequilibrio en busca del orden y el desorden en la vida,,
,,,,," Arbentina: Ed. Siglo Veintiuno, 2012 ; il. ; 126 p. ; 19 cm.",,
,,,,,ISBN : 978-987-629-070-8,D,MUNICIPIO DE ORO VERDE
,,,,,,,
,,,,,,,
660,,,5/10/2012,," ROSENVASSER Feher, Elsa",,
,,,,,"Simetría izquierda y derecha, antes y despues, chico y grande en el mundo",,
,,,,," Argentina : Ed. Siglo Veintiuno, 2012 ; il. ; 172 p. ; 19 cm.",,
,,,,,ISBN : 978-987-629-101-9,D,MUNICIPIO DE ORO VERDE
,,,,,,,
,,,,,,,
661,,,5/10/2012,," Lema, Martín",,
,,,,,Guerra biológica y bioterrorismo,,
,,,,," Argentina : Ed. Siglo Veintiuno, 2012 ; il. ; 135 p. ; 19 cm.",,
,,,,,ISBN : 978-987-1220-68-7,D,MUNICIPIO DE ORO VERDE
,,,,,,,
,,,,,,,
662,,,5/10/2012,," Paenza, Adrián",,
,,, ,,Matemática … ¿estás ahí?,,
,,,,," Argentina : Ed. Siglo Veintiuno, 2012 ; il. ; 255 p. ; 19 cm.",,
,,,,,ISBN : 978-987-629-065-4,D,MUNICIPIO DE ORO VERDE
,,,,,,,
,,,,,,,
663,,,5/10/2012,," Gello, Gabriel",,
,,,,,El huevo y la gallina manual de instrucciones para construir un animal,,
,,,,," Argentina : ed. Siglo Veintiuno, 2011 ; il. ; 127 p. ; 19 cm.",,
,,,,,ISBN : 978-987-1105-70-0  ,D,MUNICIPIO DE ORO VERDE
,,,,,,,
,,,,,,,
664,,,5/10/2012,," Mindlin, Gabriel",,
,,,,,Causas y azares la historia del caos y de los sitemas complejos,,
,,,,,"Argentina : Ed. Siglo Veintiuno, 2012 ; il. ; 124 p. ; 19 cm.",,
,,,,,ISBN : 978-987-629-037-1,D,MUNICIPIO DE ORO VERDE
,,,,,,,
,,,,,,,
665,,,5/10/2012,," Calcagno, Javier - Lovrich, Gustavo",,
,,,,,El mar hizo falta tanta agua para disolver tanta sal,,
,,,,," Argentina : Ed. Siglo Veintiuno, 2011 ; il. ; 134 p. ; 19 cm.",,
,,,,,ISBN : 978-987-1220-97-0,D,MUNICIPIO DE ORO VERDE
,,,,,,,
,,,,,,,
666,,,5/10/2012,," Alzogaray, Raúl",,
,,,,,El elixir de la muerte y otras historias con veneno,,
,,,,," Argentina : Ed. Siglo Veintiuno, 2011 ; il. ; 127 p. ; 19 cm.",,
,,,,,ISBN : 978-987-1220-91-5,D,MUNICIPIO DE ORO VERDE
,,,,,,,
,,,,,,,
667,,,5/10/2012,," Cappozzo, Luis",,
,,,,,Agua salada y sangre caliente historias de mamíferos marinos,,
,,,,," Argentina : Ed. Siglo Veintiuno, 2012 ; il. ; 125 p. ; 19 cm.",,
,,,,,ISBN : 978-987-1220-49-6,D,MUNICIPIO DE ORO VERDE
,,,,,,,
,,,,,,,
668,,,5/10/2012,," Schávelzon, Daniel - Igareta, Ana",,
,,,,,Viejos son los trapos,,
,,,,,"de arqueología, ciudades y cosas que hay debajo de los pisos",,
,,,,," Argentina : Ed. Siglo Veintiuno, 2011 ; il. ; 123 p. ; 19 cm.",,
,,,,,ISBN : 978-987-1220-97-7,D,MUNICIPIO DE ORO VERDE
,,,,,,,
,,,,,,,
669,,,5/10/2012,," Kreimer, Pablo",,
,,,,,El científico también es un ser humano,,
,,,,,ciencia bajo la lupa,,
,,,,," Argentina : Ed. Siglo Veintiuno, 2011 ; il. ; 141p. ; 19 cm.",,
,,,,,ISBN: 978-987-629-084-5,D,MUNICIPIO DE ORO VERDE
,,,,,,,
,,,,,,,
670,,,5/10/2012,," De Ambrosio, Martín",,
,,,,,El mejor amigo de la ciencia historias con perros y científicos,,
,,,,," Argentina : Ed. Siglo Veintiuno, 2012 ; 110 p. ; 19 cm.",,
,,,,,ISBN : 978-987-1105-90-8,D,MUNICIPIO DE ORO VERDE
,,,,,,,
,,,,,,,
671,,,5/10/2012,," Delicia, Pablo Javier",,
,,,,,Un pesado barrilete… la razón,,
,,,,," Argentina : Ed. Entre Ríos,2012 ; il. ; 140 p. ; 20 cm.",,
,,,,,ISBN : 978-987-05-8905-1,D,MUNICIPIO DE ORO VERDE
,,,,,,,
,,,,,,,
672,,,5/29/2012,, Pequeños Clásicos,,
,,,,,El patito feo,,
,,,,," Argentina : Ed. SIGMAR, 2009 ; il. ; 13 cm.",,
,,,,,ISBN : 978-950-11-1665-6,D,MUNICIPIO DE ORO VERDE
,,,,,,,
,,,,,,,
673,,,5/29/2012,, Pequeños Clásicos,,
,,,,,Gulliver en el país de los enanos,,
,,,,," Argentina : Ed. SIGMAR, 2009 ; il. ; 13 cm.",,
,,,,,ISBN : 978-950-11-1739-4,D,MUNICIPIO DE ORO VERDE
,,,,,,,
,,,,,,,
674,,,5/29/2012,, Pequeños Clásicos,,
,,,,,El Sastrecillo valiente,,
,,,,," Argentina : Ed. SIGMAR, 2009 ; il. ; 13 cm.",,
,,,,,ISVN : 978-950-11-1735-6,D  ,MUNICIPIO DE ORO VERDE
,,,,,,,
,,,,,,,
675,,,5/29/2012,, Pequeños Clásicos,,
676,,,,,El gato con botas,,
677,,,,," Argentina : Ed. SIGMAR, 2009 ; il. ; 13 cm.",,
,,,,,ISBN : 978-950-11-1660-1,D,MUNICIPIO DE ORO VERDE
,,,,,,,
,,,,,,,
678,,,5/29/2012,, CLASICOS Baby,,
,,,,,Blancanieves y los siete enanitos,,
,,,,," Argentia : Ed. Artemisa, 2011 ; il. ; 8 p. ; 13 cm.",,
,,,,,ISBN : 978-987-674-066-1,D,MUNICIPIO DE ORO VERDE
,,,,,,,
,,,,,,,
679,,,5/29/2012,, Pequeños Clásicos,,
,,,,,Blancanieves y los siete enenitos,,
,,,,," Argentina : Ed. SIGMAR, 2009 ; il. ; 13 CM.",,
,,,,,ISBN : 978-950-11-1661-8,D,MUNICIPIO DE ORO VERDE
,,,,,,,
,,,,,,,
680,,,5/29/2012,, Pequeños Clásicos,,
681,,,,,El Traje del Emperador,,
682,,,,," Argentina : Ed. SIGMAR, 2009 ; il. ; 13 cm.",,
,,,,,ISBN : 978-950-11-1734-9,D,MUNICIPIO DE ORO VERDE
,,,,,,,
,,,,,,,
683,,,5/29/2012,, Pequeños Clásicos,,
684,,,,,La Bella Durmiente,,
685,,,,," Argentina : Ed. SIGMAR, 2009  , il. ; 13 cm.",,
,,,,,ISBN : 978-950-11-1663-2,D,MUNICIPIO DE ORO VERDE
,,,,,,,
,,,,,,,
686,,,5/29/2012,, CLASICOS Baby,,
687,,,,,Peter Pan y el país de nunca jamás,,
,,,,," Argentina : Ed. Aretemisa, 2011 ; il. ; 8p. ; 13 cm",,
,,,,,ISBN : 978-987-674-064-7,D,MUNICIPIO DE ORO VERDE
,,,,,,,
,,,,,,,
688,,,5/29/2012,, Pequeños Clásicos,,
,,,,,Peter Pan,,
,,,,," Argentina : Ed. SIGMAR, 2009 ; il. ; 13 cm.",,
,,,,,ISBN : 978-950-11-1733-2,D,MUNICIPIO DE ORO VERDE
,,,,,,,
,,,,,,,
689,,,5/29/2012,, Pequeños Clásicos,,
,,,,,Hansel y Gretel,,
,,,,," Argentina : Ed- SIGMAR, 2009 ; il. ; 13 cm",,
,,,,,ISBN : 978-950-11-1664-9,D,MUNICIPIO DE ORO VERDE
,,,,,,,
,,,,,,,
690,,,5/29/2012,, Pequeños Clásicos,,
691,,,,,Caperucita Roja,,
692,,,,," Argentina : Ed. SIGMAR, 2009 ; il. ; 13 cm.",,
693,,,,,ISBN : 978-950-11-1658-8,D,MUNICIPIO DE ORO VERDE
,,,,,,,
,,,,,,,
694,,,5/29/2012,, CLASICOS Baby,,
695,,,,,El soldadito de plomo,,
696,,,,," Argentina : Ed. Artemisa, 2011 ; il. ; 8 p. ; 13 cm.",,
697,,,,,ISBN : 978-987-674-061-6,D,MUNICIPIO DE ORO VERDE
,,,,,,,
,,,,,,,
698,,,5/29/2012,, CLASICOS Baby,,
699,,,,,Aladino,,
700,,,,," Argentina : Ed. Artemisa, 2011 ; il. ; 8 p. ; 13 cm.",,
701,,,,,ISBN : 978-987-674-068-5,D,MUNICIPIO DE ORO VERDE
702,,,,,,,
,,,,,,,
,,,,,,,
703,,,5/29/2012,, CLASICOS Baby,,
704,,,,,La Bella y La Bestia,,
,,,,," Argentina : Ed. Artemisa, 2011 ; il. ; 8 p. ; 13 cm.",,
,,,,,ISBN : 978-987-674-067-8,D,MUNICIPIO DE ORO VERDE
,,,,,,,
,,,,,,,
705,,,5/29/2012,, CLASICOS Baby,,
706,,,,,Las aventuras de Pinocho,,
707,,,,," Argentina : Ed. Artemisa, 2011 ; il. ; 8 p. ; 13 cm.",,
,,,,,ISBN : 978-987-674-063-0,D,MUNICIPIO DE ORO VERDE
,,,,,,,
,,,,,,,
708,,,5/29/2012,, Pequeños Clásicos,,
,,,,,Pinocho,,
,,,,," Argentina : Ed. SIGMAR, 2009 ; il. ; 13 cm.",,
,,,,,ISBN : 978-950-11-1662-5,D,MUNICIPIO DE ORO VERDE
,,,,,,,
,,,,,,,
709,,,5/29/2012,," Oesterheld, Héctor G. - Solano López, Francisco",,
,,,,,El Eternauta. La Historia original ,,
,,,,,"Argentina : Ed. DOEDYTORES, 2008 ; il. ; 351 p. ; 13  cm.",,
,,,,,ISBN : 978-987-985-33-2,D,
,,,,,,,
,,,,,,,
710,,,5/29/2012,, Otro Río Que Pasa,,
,,,,,Un siglo de poesía Argentina Contemporánea,,
,,,,,"Argentina : Ed. BAJOLALUNA, 2010  ; 294 p. ; 19 cm.",,
,,,,,ISBN : 978-987-183-2-6,D,
,,,,,,,
,,,,,,,
711,,,5/29/2012,, CLASICOS Baby,,
,,,,,La Bella y La Bestia,,
,,,,," Argentina : Ed. Artemisa,2011 ; il. ; 8 p. 16 cm.",,
,,,,,ISBN : 978-987-674-067-8,D,MUNICIPIO DE ORO VERDE
,,,,,,,
,,,,,,,
712,,,5/29/2012,," Fisher, Robert",,
,,,,,El caballero de la armadura oxidada,,
,,,,," Argentina : Ed. OBELISCO, 2011 ; il. ; 107 p. 20 cm",,
,,,,,ISBN : 978-84-9777-230-3,C,LIB. Y PAP. MELLIS
,,,,,,,
,,,,,,,
713,,,9/18/2012,," Quiroga, Horacio",,
,,,,,El almohadoón de plumas y otros cuentos,,
,,,,," Argentina : Ed. ALFAGUARA, 2009 ; 174 p. ; 21 cm.",,
,,,,,ISBN : 978-987-07-0462-1,D,BALLET MUN. DE ADULTOS
,,,,,,,
,,,,,,,
714,,,9/18/2012,," Conrad, Joseph",,
,,,,,El corazón de las tinieblas,,
,,,,," Argentina : Ed. ALFAGUARA, 2009 ; 157p. ; 21 cm.",,
,,,,,ISBN : 978-987-07-0468-3,D,BALLET MUN. DE ADULTOS
,,,,,,,
,,,,,,,
715,,,9/18/2012,," Tzu, Sun",,
,,,,,El arte de la guerra,,
,,,,," Argentina : Ed. BEEME, 2008 ; 79 p. ; 19 cm.",,
,,,,,ISBN : 978-987-24256-6-1,D,BALLET MUN. DE ADULTOS
,,,,,,,
,,,,,,,
716,,,9/18/2012,," Poe, Edgar Allan",,
,,,,,El gato negro : el escarabajo de oro,,
,,,,," Argentina : Ed. BEEME, 2009 ; 95 P. ; 19 cm.",,
,,,,,ISBN : 978-987-1530-42-7,D ,BALLET MUN. DE ADULTOS
,,,,,,,
,,,,,,,
717,,,9/18/2012,," Shakespeare, William",,
,,,,,Romeo y Julieta,,
,,,,," Argentina : Ed. BEEME, 2008 ; 109 P. ; 19 cm.",,
,,,,,ISBN : 978-987-24383-1-9,D,BALLET MUN. DE ADULTOS
,,,,,,,
,,,,,,,
718,,,9/18/2012,," Kafka, Franz",,
,,,,,Metamorfosis,,
,,,,," Argentina : Ed. BEEME, 2008 ; 79 P. ; 19 cm.",,
,,,,,ISBN : 978-987-24256-4-7,D,BALLET MUN. DE ADULTOS
,,,,,,,
,,,,,,,
719,,,9/18/2012,," Shelley, Mary W.",,
,,,,,Frankestein,,
,,,,," Argentina : Ed. BEEME, 2010 ; 185 P. ; 19 cm.",,
,,,,,ISBN : 978-987-1594-96-2,D,BALLET MUN. DE ADULTOS
,,,,,,,
,,,,,,,
720,,,9/18/2012,, LATINBOOKS Internacional,,
,,,,,El mundo submarino: Historias con dos finales,,
,,,,," Uruguay : Ed. LATINBOOKS, 2010 ; il. ; 20 p. ; 27 cm.",,
,,,,,ISBN : 978-9974-684-32-4,D,BALLET MUN. DE ADULTOS
,,,,,,,
,,,,,,,
721,,,9/18/2012,, LATINBOOKS Internacional,,
,,,,,Los tres monstruos: Historias con dos finales ,,
,,,,," Uruguay : Ed LATINBOOKS, 2010 ; il. ; 20 p. ; 27 cm.",,
,,,,,ISBN : 978-9974-684-29-4,D,BALLET MUN. DE ADULTOS
,,,,,,,
,,,,,,,
722,,,9/18/2012,, LATINBOOKS Internacional,,
,,,,,Tum y el dragón de fuego,,
,,,,," Uruguay : Ed. LATINBOOKS, 2010 ; il. ; 20 p. ; 27 cm.",,
,,,,,ISBN : 978-9974-684-31-7,D,BALLET MUN. DE ADULTOS
,,,,,,,
,,,,,,,
723,,,11/6/2012,," Loza, Cristina",,
,,,,,La hora del lobo,,
,,,,," Argentina : Ed. Emecé, 2008 ; 345 p. ; 23 cm.",,
,,,,,ISBN : 978-950-04-3072-5,D,MONICA BORGOGNO
,,,,,,,
,,,,,,,
724,,,11/6/2012,," Zicolillo, Jorge",,
,,,,,Damasita Boedo y el enigma de la muierte de Lavalle,,
,,,,," Argentina ; Ed. Sudaméricana, 2002 ; 191 p. ; 22 cm.",,
,,,,,ISBN : 950-07-2198-8,D,MONICA BORGOGNO
,,,,,,,
,,,,,,,
725,,,11/6/2012,," King, Susan",,
,,,,,El don de Michaelmas,,
,,,,," España : Ed. URANO, 2006 ; 336 P. ; 22 CM.",,
,,,,,ISBN : 84-7953-295-5,D,MONICA BORGOGNO
,,,,,,,
,,,,,,,
726,,,11/6/2012,," Lapierre, Dominique - Moro Javier",,
,,,,,Era medianoche en Bhopal,,
,,,,,"Argentina  : Ed. Planta, 2001 ; il. ; 419 p. ; 22 cm.",,
,,,,,ISBN : 84-08-03845-1,D,MONICA BORGOGNO
,,,,,,,
,,,,,,,
727,,,11/6/2012,," Morales Solá, Joaquín",,
,,,,,El sueño eterno Ascenso y caída de la Alianza,,
,,,,," Argentina : Ed. Planeta, 2001 ; 297 p. ; 22 cm.",,
,,,,,ISBN : 950-49-0927-2,D,MONICA BORGOGNO
,,,,,,,
,,,,,,,
728,,,11/6/2012,," Scott Chessman, Harriet",,
,,,,,Lydia Cassat leyendo el periódico matinal,,
,,,,," España : Ed. B S. A., 2003 ; il. ; 215 p. ; 22 cm.",,
,,,,,ISBN : 84-666-1067-7,D,MONICA BORGOGNO
,,,,,,,
,,,,,,,
729,,,11/6/2012,," Swann, Maxime",,
,,,,,Chicas serias,,
,,,,," Argentina : Ed. Emecé, 2005 ; 254 p. ; 22 cm.",,
,,,,,ISBN : 950-04-2642-0,D,MONICA BORGOGNO
,,,,,,,
,,,,,,,
730,,,11/6/2012,," Orgambide, Pedro",,
,,,,,El Páramo,,
,,,,," Argentina : Ed. Ameghino, 1999 ; 219 p. ; 22 cm.",,
,,,,,ISBN : 987-9216-70-9,D,MONICA BORGOGNO
,,,,,,,
,,,,,,,
731,,,11/6/2012,," VILLEGAS, Bertraud",,
,,,,,La Perricholi Una reina para Lima   ,,
,,,,," España : Ed. Sudamericana, 1999 ; 319 p. ; 22 cm.",,
,,,,,ISBN : 950-07-1489-2,D,MONICA BORGOGNO
,,,,,,,
,,,,,,,
732,,,11/6/2012,," Shua, Ana María",,
,,,,,Soy Paciente,,
,,,,," Argentina : Ed. Sudamericana, 1996 ; 134 p. ; 21 cm.",,
,,,,,ISBN : 950-07-1163-X,D,MONICA BORGOGNO
,,,,,,,
,,,,,,,
733,,,11/6/2012,," Keyes, Marian",,
,,,,,Maggie ve la luz,,
,,,,," Argentina : Ed. Sudamericana, 2006 ; 398 p. 18 cm.",,
,,,,,ISBN : 987-566-141-4,D,MONICA BORGOGNO
,,,,,,,
,,,,,,,
734,,,11/6/2012,," Cabrea, Ana María",,
,,,,,Cristián Demaría más allá de Felicitas,,
,,,,," Argentina : Ed. Sudamaericana, 2000 ; 162 p. ; 22 cm.",,
,,,,,ISBN : 950-07-1743-3,D,MONICA BORGOGNO
,,,,,,,
,,,,,,,
735,,,11/6/2012,," Vigil, Mercedes",,
,,,,,"Matilde, la mujer de Batlle",,
,,,,,"Argentina : Ed. Planeta, 2003 ; 283 p. ; 22 cm.",,
,,,,,ISBN : 950-49-1095-5,D,MONICA BORGOGNO
,,,,,,,
,,,,,,,
736,,,11/6/2012,," Van Bredan, Orlando",,
,,,,,Teoría del desamparo,,
,,,,," Argentina : Ed. Emecé, 2007 ; 211 p. ; 22 cm.",,
,,,,,ISBN : 978-930-04-2923-8,D,MONICA BORGOGNO
,,,,,,,
,,,,,,,
737,,,11/6/2012,," Bonelli, Florencia",,
,,,,,Indias Blancas,,
,,,,," Argentina : Ed. Plaza & Jané, 2006 ; 445 p. ; 22 cm.",,
,,,,,ISBN : 950-644-065-4,D,MONICA BOGOGNO
,,,,,,,
,,,,,,,
738,,,11/6/2012,," Binchi, Maeve",,
,,,,,Enciende un vela,,
,,,,," Argentina : Ed. Emecé, 2000 ; 365 p. ; 22 cm.",,
,,,,,ISBN : 950-04-2138-0,D,MONICA BORGOGNO
,,,,,,,
,,,,,,,
739,,,11/6/2012,," Bverley, Jo",,
,,,,,Atrevida,,
,,,,," España : Ed. Urano, 1999 ; 357p. ; 22 cm.",,
,,,,,ISBN : 84-7953-294-7,D,MONICA BORGOGNO
,,,,,,,
,,,,,,,
740,,,11/6/2012,," Binelli, Florencia",,
,,,,,Indias Blancas La vuelta del ranquel,,
,,,,," Argentina : Ed. Plaza & Janés, 2005 ; 427 p. ; 22 cm.",,
,,,,,ISBN : 930-644-072-7,D,MONICA BORGOGNO
,,,,,,,
,,,,,,,
741,,,11/6/2012,," Tademy, Lalita",,
,,,,,El ábol de Emily,,
,,,,," España : Ed. Diagonal, 2002 ; 492 p. ; 23 cm.",,
,,,,,ISBN : 84-95808-90-0,D,MONICA BORGOGNO
,,,,,,,
,,,,,,,
742,,,11/6/2012,," Caparrós, Martín",,
,,,,,Un día en la vida de Dios,,
,,,,," Argentina : Ed. Booket, 2007 ; 314 p. ; 18 cm.",,
,,,,,ISBN : 978-987-580-227-8,D,MONICA BORGOGNO
,,,,,,,
,,,,,,,
743,,,11/6/2012,," Haynes, Melinda",,
,,,,,Madreperla,,
,,,,," España : Ed. Ediciones B, 2000 ; 506 p. ; 24 cm.",,
,,,,,ISBN : 84-406-9927-4,D,MONICA BORGOGNO
,,,,,,,
,,,,,,,
744,,,11/6/2012,," Hobhouse, janet",,
,,,,,The furies,,
,,,,," EEUU : Ed. Simon & Schuster, 1993 ; 344 p. ; 19 cm.",,
,,,,,ISBN : 0-671-71813-4,D,MONICA BORGOGNO
,,,,,,,
,,,,,,,
745,,,11/6/2012,," Ruiz Zafón, Carlos",,
,,,,,La sombra del viento,,
,,,,," Argentina : Ed. Planeta, 2004 ; 478 p. ; 22 cm.",,
,,,,,ISBN : 950-49-1036-X,D ,MONICA BORGOGNO
,,,,,,,
,,,,,,,
746,,,11/6/2012,," Alcántara, Nelida",,
,,,,,Brotes del alma,,
,,,,," Argentina : Ed. Grupo Brotes, 2010 ; 128 p. ; 20 cm.",,
,,,,,ISBN  978-987-2557-1-0,D,MONICA BORGONIO
,,,,,,,
,,,,,,,
747,,,11/6/2012,," McLarty, Ron",,
,,,,,Una historia en bicicleta,,
,,,,," Argentina : Ed. ALFAGUARA, 2009 ; 446 p. ; 22 cm.",,
,,,,,ISBN : 987-04-0447-2,D,MONICA BORGOGNO
,,,,,,,
,,,,,,,
748,,,11/6/2012,," Vargas Llosa, Mario",,
,,,,,Travesuras de la niña mala,,
,,,,,"Argentina : Ed. ALFAGUARA, 2006 ; 375 p. ; 22 cm.",,
,,,,,ISBN : 987-04-0398-0,D,MONICA BORGOGNO
,,,,,,,
,,,,,,,
749,,,11/6/2012,," Sevilla, Ariel - Sevilla, Fabián",,
,,,,,La Vendimia para ver,,
,,,,, Argentina : Ed. Turismo y Cultura de mendoza,,
,,,,,                      il. ; 167 p. 25 cm.,D,MONICA BORGOGNO
,,,,,,,
,,,,,,,
750,,,11/6/2012,," Allende, Isabel",,
,,,,,El reino del dragón de oro,,
,,,,," Argentina : Ed. Sudamericana, 2004 ; 332 p. ; 20 cm.",,
,,,,,ISBN : 950-07-2481-2,D,MONICA BORGOGNO
,,,,,,,
,,,,,,,
751,,,11/6/2012,,"Montero, Rosa",,
,,,,,La hija del caníbal,,
,,,,," España : Ed. Espasa, 1997 ; 359 p. ; 18 cm.",,
,,,,,ISBN : 84-239-7669-6,D,MONICA BORGONIO
,,,,,,,
,,,,,,,
752,,,11/6/2012,," Ullmann, Linn",,
,,,,,Antes de que te duermas,,
,,,,," Argentina : Ed. Grijalbo, 2001 ; 315 p. ; 17 cm.",,
,,,,,ISBN : 84-397-0684-7,D,MONICA BORGOGNO
,,,,,,,
,,,,,,,
753,,,11/6/2012,," Dario, Ruben ",,
,,,,,Antoligía poética,,
,,,,," Argentina : Ed. Orbis, 1982 ; 235 p. ; 18 cm. ",,
,,,,,ISBN : 950-614-048-0,D,MONICA BORGOGNO
,,,,,,,
,,,,,,,
754,,,11/6/2012,," Dumas, Alejandro",,
,,,,,La dama de las camelias,,
,,,,," Argentina : Ed. Orbis, 1982 ; 249 p. ; 18 cm.",,
,,,,,ISBN : 950-614-345-5,D,MONICA BORGOGNO
,,,,,,,
,,,,,,,
755,,,11/6/2012,," Bernstein, Gustavo",,
,,,,,La Patria peregrina,,
,,,,," Argentina : Ed. Emecé, 2001 ; 323 p. ; 21 cm.",,
,,,,,ISBN : 950-04-2244-1,D,MONICA BORGOGNO
,,,,,,,
,,,,,,,
756,,,11/6/2012,," Bianchy, Maeve",,
,,,,,Escuela de ilusiones,,
,,,,," Argentina : Ed. Emecé, 1999 ; 429 p. ; 22 cm.",,
,,,,,ISBN : 950-04-1982-3,D,MONICA BORGOGNO
,,,,,,,
,,,,,,,
757,,,11/6/2012,," Segal, Erich",,
,,,,,Actos de fe,,
,,,,," Argentina : Ed. Planta, 1992 ; 431 p. ; 21 cm.",,
,,,,,ISBN : 950-742-219-6,D,MONICA BORGOGNO
,,,,,,,
,,,,,,,
758,,,11/6/2012,," Allende, Isabel",,
,,,,,La suma de los días,,
,,,,," Argentina : Ed. Sudamericanna,2007 ; 361 p. ; 24 cm.",,
,,,,,ISBN :978-950-07-2859-1,D,MONICA BORGOGNO
,,,,,,,
,,,,,,,
759,,,11/6/2012,," Eco, Humberto",,
,,,,,Confesiones de un joven novelista,,
,,,,," Argentina : Ed. Sudamericana, 2012 ; 221 p. ; 18 cm.",,
,,,,,ISBN : 978-950-07-4007-4,D,MUNICIPIO DE ORO VERDE
,,,,,,,
,,,,,,,
760,,,11/6/2012,," Eco, Humberto",,
,,,,,El nombre de la rosa,,
,,,,," Argentina : Ed. Sudamericana, 2012 ; 505 p. ; 18 cm.",,
,,,,,ISBN : 978-950-07-4006-7,D,MUNICIPIO DE ORO VERDE
,,,,,,,
,,,,,,,
761,,,11/6/2012,," Eco, Humberto",,
,,,,,Nadie acabará con los libros,,
,,,,," Argentina : Ed. Sudamericana, 2012 ; 241 p. ; 18 cm.",,
,,,,,ISBN : 978-950-07-4008-1,D,MUNICIPIO DE ORO VERDE
,,,,,,,
,,,,,,,
762,,,11/6/2012,," Delicia, Pablo ",,
,,,,,Bio da para todo… y para todos,,
,,,,," Argentina : Oro Verde, 2012 ; il. ; 98 p. ; 20 cm.",,
,,,,,ISBN : 978-987-33-1911-2,D,MUNICIPIO DE ORO VERDE
,,,,,,,
,,,,,,,
763,,,11/6/2012,," Janes, Roe",,
,,,,,Los 100 cuentos mas bellos del mundo,,
,,,,," Argentina : Ed. SIGMAR, 2011 ; il. ; 69 p. ; 28 cm.",,
,,,,,ISBN : 978-95011-0638-1,D,BALLET MUN. DE ADULTOS
,,,,,,,
,,,,,,,
764,,,11/6/2012,," Andreone, Aidé",,
,,,,,Cuentos para ir a dormir y soñar,,
,,,,," Argentina : Ed. Guadal, 2007 ; il. ; 37 p. ; 27 cm.",,
,,,,,ISBN : 978-987-679-572-3,D,BALLET MUN. DE ADULTOS
,,,,,,,
,,,,,,,
765,,,11/6/2012,, ELEFANTINO,,
,,,,,El universo de mis princesas,,
,,,,," Argentina : Ed. BEEME, 2011 ; il. ; 43 p. ; 27 cm.",,
,,,,,ISBN : 978-987-669-169-7,D,BALLET MUN. DE ADULTOS
,,,,,,,
,,,,,,,
766,,,11/6/2012,," Vaccarini, Franco",,
,,,,,El mágico mundo de las hechiceras,,
,,,,," Uruguay : Latinbooks, 2009 ; il. ; 55 p. ; 34 cm.",,
,,,,,ISBN : 978-9974-684-34-8,D,BALLET MUN. DE ADULTOS
,,,,,,,
,,,,,,,
,,,,,,,
,,,,,,,
767,,,11/6/2012,," Eco, Humberto",,
,,,,,El péndulo de Foucault  1,,
,,,,," Argentina : Ed. Sudamericana, 2012 ; 413 p. ; 18 cm.",,
,,,,,ISBN : 978-950-07-4009-8,D,MUNICIPIO DE ORO VERDE
,,,,,,,
,,,,,,,
768,,,11/6/2012,," Eco, Humberto",,
,,,,,El péndulo de Foucault  2,,
,,,,," Argentina : Ed. Sudamericana, 2012 ; 412 p. ; 18 cm.",,
,,,,,ISBN : 978-950-07-4010-4,D,MUNICIPIO DE ORO VERDE
,,,,,,,
,,,,,,,
769,,,11/6/2012,,"  Eco, Humberto",,
,,,,,A paso de cangrejo,,
,,,,," Argentina : Ed. Sudamericana, 2012 ; 387 p. ; 18 cm.",,
,,,,,ISBN : 978-950-07-4014-2,D,MUNICIPIO DEW ORO VERDE
,,,,,,,
,,,,,,,
770,,,11/6/2012,," Eco, Humberto",,
,,,,,La estructura aucente,,
,,,,," Argentina : Ed. Sudamericana, 2012 ; 511 p. ; 18 cm.",,
,,,,,ISBN : 978-950-07-4021-0,D,MUNICIPIO DE ORO VERDE
,,,,,,,
,,,,,,,
771,,,1/23/2013,," Eco, Humberto",,
,,,,,Lector in fabula,,
,,,,, Aregentina : Ed. Sudamericana. 2012 ; 313 P. ; 18 CM.,,
,,,,,ISBN : 978-950-07-4020-3,D,MUNICIPIO DE ORO VERDE
,,,,,,,
,,,,,,,
772,,,1/23/2013,," Eco, Humberto",,
,,,,,La misteriosa llam de la Reina Loana,,
,,,,," Argentina : Ed. Sudamericana, 2012 ; 503 p. ; 18 cm.",,
,,,,,ISBN : 978-950-07-4015-9,D,MUNICIPIO DE ORO VERDE
,,,,,,,
,,,,,,,
773,,,1/23/2013,," Eco, Humberto",,
,,,,,El cementerio de Praga,,
,,,,," Argentina : Ed. Sudamericana, 2012 ; 584 p. ; 18 cm.",,
,,,,,ISBN : 978-950-07-40128,D,MUNICIPIO DE ORO VERDE
,,,,,,,
,,,,,,,
774,,,1/23/2013,," Eco, Humberto",,
,,,,,Sobre Literatura,,
,,,,," Argentina : Ed. Sudamericana, 2012 ; 346 p. ; 18 cm.",,
,,,,,ISBN : 978-950-07-4013-5,D ,MUNICIPIO DE ORO VERDE
,,,,,,,
,,,,,,,
775,,,1/23/2013,," Eco, Humberto",,
,,,,,Baudolino 1,,
,,,,," Argentina : Ed. Sudamericana, 2013 ; 277 ; 18 cm.",,
,,,,,ISBN : 978-950-07-4018-0,D,MUNICIPIO DE ORO VERDE
,,,,,,,
,,,,,,,
776,,,1/23/2013,," Eco, Humberto",,
,,,,,La Isla del día de antes,,
,,,,, Argentina : Ed. Sudamericana; 2013 ; 588 p. ; 18 cm.,,
,,,,,ISBN : 978-950-07-4017-3,D,MUNICIPIO DE ORO VERDE
,,,,,,,
,,,,,,,
777,,,1/23/2013,," Eco,Humberto",,
,,,,,Apocalipticos e integrados,,
,,,,," Argentina : Ed. Sudamericana, 2013 ; 431 p. ; 18 cm",,
,,,,,ISBN : 978-950-07-4016-6,D,MUNICIPIO DE ORO VERDE
,,,,,,,
,,,,,,,
778,,,1/23/2013,," Eco, Humberto",,
,,,,,Baudolino 2,,
,,,,," Argentina : Ed. Sudemaricana, 2013 ; 259 p. ; 18 cm.",,
,,,,,ISBN : 978-950-07-4019-7,D,MUNICIPIO DE ORO VERDE
,,,,,,,
,,,,,,,
779,,,1/23/2013,," Eco, Humberto",,
,,,,,Decir casi lo mismo,,
,,,,," Argentina : Ed. Sudemaricana, 2013 ; 542 p. ; 18 cm.",,
,,,,,ISBN : 978-950-07-4177-4,D,MUNICIPIO DE ORO VERDE
,,,,,,,
,,,,,,,
780,,,1/23/2013,," Eco, Humberto",,
,,,,,Cinco escritos morales,,
,,,,," Argentina : Ed. Sudemaricana, 2012 ; 138 p. ; 18 cm.",,
,,,,,ISBN : 978-950-4011-1,D,MUNICIPIO DE ORO VERDE
,,,,,,,
,,,,,,,
781,,,1/23/2013,," Eco, Humberto",,
,,,,,Arte y belleza en la estética medieval,,
,,,,," Argentina : Ed. Sudemaricana, 2013 ; 265 p. ; 18 cm.",,
,,,,,ISBN : 978-980-07-4178-1,D,MUNICIPIO DE ORO VERDE
,,,,,,,
,,,,,,,
782,,,1/23/2013,," Eco, Humberto",,
,,,,,Construir al enemigo ,,
,,,,," Argentina : Ed. Sudamericana, 2013 ; 319 p- ; 18 cm.",,
,,,,,ISBN : 978-950-07-4181-1,D,MUNICIPIO DE ORO VERDE
,,,,,,,
,,,,,,,
783,,,2/2/2013,," Eco, Humberto",,
,,,,,De los espejos y otros ensayos,,
,,,,," Argentina : Ed. Sudemericana, 2013 ; 461 p. ; 18 cm.",,
,,,,,ISBN : 978-950-07-4182-8,D,MUNICIPIO DE ORO VERDE
,,,,,,,
,,,,,,,
784,,,2/2/2013,, De Santis,,
,,,,,Lucas Lens y el museo,,
,,,,," Argentina : Ed. ALFAGUARA, 2012 ; il. ; 93 p. ; 19 cm.",,
,,,,,ISBN : 978-987-04-0063-9,D,LIB. Y PAP. MELLIS
,,,,,,,
,,,,,,,
785,,,2/2/2013,, Walsh Maria Elena,,
,,,,,El reino del revés,,
,,,,," Argentina : Ed. ALFAGUARA, 2013 ; il. ; 86 p. ; 27 cm.",,
,,,,,ISBN : 978-987-04-0178-0,C,LIB. Y PAP. MELLIS
,,,,,,,
,,,,,,,
786,,,2/2/2013,,Walsh María Elena,,
,,,,,Cuentopos de Gulubú,,
,,,,," Argentina : Ed. ALFAGUARA, 2013 ; il. ; 94 p. ; 27 cm.",,
,,,,,ISBN : 978-987-04-0181-0,C,"LIB. Y PAP, MELLIS"
,,,,,,,
,,,,,,,
787,,,2/2/2013,, Walsh  María Elena,,
,,,,,Dailan Kifki,,
,,,,," Argentina : Ed. Alfaguara, 2013 ; il. ; 183 p. ; 27 cm.",,
,,,,,ISBN : 978-987-04-0177-3,C,LIB. Y PAP. MELLIS
,,,,,,,
,,,,,,,
788,,,2/2/2013,," Eco, Humberto",,
,,,,,La estrategia de la ilusión,,
,,,,," Argentina : Ed. Sudamericana, 2013 ; 367 p. ; 18 cm.",,
,,,,,ISBN : 978-950-07-4183-5,D,MUNICIPIO DE ORO VERDE
,,,,,,,
,,,,,,,
789,,,2/2/2013,," Eco, Humberto",,
,,,,,Entre mentira e ironía,,
,,,,," Argentina : Ed. Sudamericana, 2013 ; 128 p. 18 cm.",,
,,,,,ISBN : 978-980-07-4184-2,D,MUNICIPIO DE ORO VERDE
,,,,,,,
,,,,,,,
790,,,2/2/2013,," Eco, Humberto",,
,,,,,Segundo diario mínimo,,
,,,,," Argentina : Ed. Sudamericana, 2013 ; 323 p. 18 cm.",,
,,,,,ISBN : 978-950-07-4186-6,D,MUNICIPIO DE ORO VERDE
,,,,,,,
,,,,,,,
791,,,4/15/2013,," Walsh, María Elena",,
,,,,,Zoo loco,,
,,,,," Argentina : Ed. Alfaguara, 2013 ; il. ; 69 p. ; 27 cm. ",,
,,,,,ISBN : 978-987-04-0173-5,C,LIB. Y PAP. MELLIS
,,,,,,,
,,,,,,,
792,,,4/15/2013,," Eco, Humberto",,
,,,,,Kant y el ornitorrinco,,
,,,,," Argentina : Ed. Sudamericana, 2013 ; 459 p. ; 18 cm.",,
,,,,,ISBN : 978-950-07-4185-9,D,MUNICIPIO DE ORO VERDE
,,,,,,,
,,,,,,,
793,,,4/15/2013,," Eco, Humberto",,
,,,,,El superhombre de masas,,
,,,,," Argentina : Ed. Sudemaricana, 2013 : 220 p. ; 18 cm.",,
,,,,,ISBN : 978-950-07-4187-3,D,MUNICIPIO DE ORO VERDE
,,,,,,,
,,,,,,,
794,,,4/15/2013,," García Márquez, Gabriel",,
,,,,,Cien años de soledad,,
,,,,," Argentina : Ed. Sudamericana, 2009 ; 494 p. ; 18 cm.",,
,,,,,ISBN : 987-1138-14-8,D,MIGUEL  MAIN
,,,,,,,
,,,,,,,
795,,,4/15/2013,," Miguens, Silvia",,
,,,,,Ana y el Virrey,,
,,,,," Argentina : Ed. Sudamericana, 2006 ; 254 p. ; 18 cm.",,
,,,,,ISBN : 987-566-106-6,D,MIGUEL MAIN
,,,,,,,
,,,,,,,
796,,,4/15/2013,," Rulfo, Juan",,
,,,,,Pedro Páramo el llano en llamas,,
,,,,," Argentina : Ed. Booket, 2008 ; 316 p. ; 18 cm.",,
,,,,,ISBN : 978-987-580-162-2,D,MIGUEL MAIN
,,,,,,,
,,,,,,,
797,,,4/15/2013,,"  Roa Bastos, Augusto",,
,,,,,Yo el Supremo,,
,,,,," España : Ed. RBA Editores, 1993 ; 511 p. ; 21 cm.",,
,,,,,ISBN : 84-473-0205-9,D,MIGUEL MAIN
,,,,,,,
,,,,,,,
798,,,4/18/2013,," Walsh, Rodolfo  J.",,
,,,,,¿Quién mató a Rosendo?,,
,,,,," Argentina : Ed. De la Flor, 2011 ; 171 p. ; 19 cm.",,
,,,,,ISBN : 978-950-515-353-4,C,LIB. Y PAP. MELLIS
,,,,,,,
,,,,,,,
799,,,4/18/2013,," Escuedero, Laura",,
800,,,,,El rastro de la sepiente,,
801,,,,," Argentina : Ediciones SM, 2011 ; 183 p ; 18 cm.",,
801,,,,,ISBN : 978-987-573-570-5,C,LIB. Y PAP. MELLIS
803,,,,,,,
,,,,,,,
,,,,,,,
804,,,4/18/2013,," Martínez Sccardi, Fabián",,
805,,,,,Patagonia iluminada,,
806,,,,," Argentina : Ediciones SM, 2012 ; 195 p. 19 cm. ",,
807,,,,,ISBN : 978--987-573-671-9,C,LIB. Y PAP. MELLIS
808,,,,,,,
,,,,,,,
,,,,,,,
809,,,4/18/2013,," Helguera, Magdalena",,
810,,,,,Con tigo de la mano,,
811,,,,," Argentina : Ediciones SM, 2011 ; il. ; 139 p. ; 19 cm.",,
812,,,,,ISBN : 978-987-573-571-2,C,LIB. Y PAP. MELLIS
813,,,,,,,
,,,,,,,
,,,,,,,
814,,,4/18/2013,," Pescetti, Luis María",,
815,,,,,Frin,,
816,,,,," Argentina : Ed. ALFAGUARA, 2013 ; 203 P. ; 19 cm.",,
817,,,,,ISBN : 978-987-04-0069-1,C,LIB. Y PAP. MELLIS
818,,,,,,,
,,,,,,,
,,,,,,,
819,,,4/18/2013,," Escudero, Laura",,
820,,,,,Heredé un fantasma,,
821,,,,," Argentina : Ediciones SM, 2005 ; 174 p. ; 18 cm. ",,
822,,,,,ISBN : 978-987-573-020-5,C,LIB. Y PAP. MELLIS
823,,,,,,,
,,,,,,,
,,,,,,,
824,,,4/18/2013,," Durini, Angeles",,
825,,,,,¿Quién le tiene miedo a Demetrio Latov?,,
826,,,,," Argentina : Ediciones SM, 2002 ; il. ; 150 p. ; 18 cm. ",,
827,,,,,ISBN : 978-987-573-000-7,C,LIB. Y PAP. MELLIS
828,,,,,,,
,,,,,,,
,,,,,,,
829,,,4/18/2013,," Accarini, Franco",,
830,,,,,Otra forma de vida,,
831,,,,," Argentina : Ediciones SM, 2009 ; 133 p. ; 18 cm.",,
832,,,,,ISBN : 978-987-573-7,C,LIB Y PAP. MELLIS
833,,,,,,,
,,,,,,,
,,,,,,,
834,,,4/18/2013,," Kipling, Rudyard",,
835,,,,,El libro de la selva . Una versión para chicos,,
836,,,,," Argentina : Ed. Estrada, 2012 ; il. ; 101 p. 18 cm.",,
837,,,,,ISBN : 978-950-01-1408-0,C,LIB Y PAP. MELLIS
838,,,,,,,
,,,,,,,
,,,,,,,
839,,,4/18/2013,," Roediger, Sandra Elisabet (adaptación)",,
840,,,,,Cuentos clásicos para pensar I,,
841,,,,," Argentina : Ed. Santa María, 2010 ; il. ; 94 p. ; 20 cm. ",,
842,,,,,ISBN : 978-987-616-037-7,C,LIB. Y PAP. MELLIS
843,,,,,,,
,,,,,,,
,,,,,,,
844,,,4/18/2013,," Durini, Angeles y Otros",,
845,,,,,La katana perdida,,
846,,,,," Argentina : Editoria SM, 2011 ; 181 p. ; 18 cm.",,
847,,,,,ISBN : 978-987-573-670-2,C,LIB. Y PAP. MELLIS
848,,,,,,,
,,,,,,,
,,,,,,,
849,,,4/18/2013,," Huidobro, Norma",,
850,,,,,"Octubre, un crimen", ,
851,,,,," Argentina : Editorial SM,2004 ; 201 p. ; 18 cm.",,
852,,,,,ISBN : 978-957-573-002-1,C,LIB. Y PAP. MELLIS
853,,,,,,,
,,,,,,,
,,,,,,,
854,,,4/18/2013,," Erbiti, Alejandra (Adaptación)",,
855,,,,,Simbad el marino,,
856,,,,," Uruguay : Ed. Latinbooks, 2010 ; il. ; 21 cm.",,
857,,,,,ISBN : 978-9974-8032-8-2,C,LIB.Y PAP. MELLIS
,,,,,,,
,,,,,,,
858,,,4/18/2013,," Gaetán, Maura (Adaptación)",,
859,,,,,Pulgarcito,,
860,,,,,"Argentina : Ed. SIGMAR, 2011 ; il. ; 18 cm",,
861,,,,,ISBN : 978-950-11-2332-6,C,LIB. Y PAP. MELLIS
862,,,,,,,
,,,,,,,
,,,,,,,
863,,,4/18/2013,,  ELEFANTINO,,
864,,,,,Peter Pan,,
,,,,,"Argentina : Ed. Beeme, 2011 ; il. ; 17 cm.",,
,,,,,ISBN : 978-987-669-124-6,C,LIB. Y PAP. MELLIS
,,,,,,,
,,,,,,,
865,,,4/18/2013,, ELEFANTINO,,
866,,,,,Peter Pan,,
867,,,,," Argentina : Ed. Beeme, 2010 ; il. ; 11 p. ; 26 cm. ",,
,,,,,ISBN : 978-987-669-041-6,C,LIB. Y PAP. MELLIS
,,,,,,,
,,,,,,,
868,,,4/18/2013,, ELEFANTINO,,
869,,,,,el mago de Oz,,
870,,,,," Argentina : Ed. Beeme, 2010 ; il. ; 11 p. ; 26 cm.",,
871,,,,,ISBN : 978-987-669-040-9,C,LIB. Y PAP. MELLIS
872,,,,,,,
,,,,,,,
,,,,,,,
873,,,4/18/2013,," Grimm, Jacob",,
874,,,,,Los músicos de Bremen,,
,,,,," Argentina : Ed. Colihue, 2008 ; il. ; 21 cm.",,
,,,,,ISBN : 978-950-581-488-6,C,LIB. Y PAP. MELLIS
,,,,,,,
,,,,,,,
875,,,4/18/2013,, ELEFANTINO,,
876,,,,,El gato con botas,,
877,,,,," Argentina : Ed. Beeme, 2009 ; il. ; 8p. ; 24 cm.",,
878,,,,,ISBN : 978-987-1530-59-5,C,"LIB. Y PAP, MELLIS"
879,,,,,,,
,,,,,,,
,,,,,,,
880,,,4/22/2013,," Aira, César",,
,,,,,Cumpleaños,,
,,,,," Argentina : Ed. DEBOLSILLO, 2013 ; 104 p. ; 18 cm.",,
,,,,,ISBN : 978-987-566-862-1,C,LIB. EL ATENEO
,,,,,,,
,,,,,,,
881,,,4/22/2013,,"  Pescetti, Luis María",,
,,,,,"Te amo, lectura (Natacha)",,
,,,,," Argentina : Ed. ALFAGUARA, 2012 ; il. ; 166 p. ; 19 cm.",,
,,,,,ISBN : 978-987-04-1483-4,C,LIB. EL ATENEO
,,,,,,,
,,,,,,,
882,,,4/22/2013,," Pescetti, Luis María",,
,,,,,Querido diario (Natacha),,
,,,,," Argentina : Ed. ALFAGUARA, 2012 ; il. ; 138 p. ; 19 cm.",,
,,,,,ISBN : 978-987-04-0976-2,C,LIB. EL ATENEO
,,,,,,,
,,,,,,,
883,,,4/22/2013,," Pescetti, Luis María",,
,,,,,Chat Natacha chat,,
,,,,," Argentina . Ed. ALFAGUARA, 2012 ; il. ; 123 p. ; 19 cm.",,
,,,,,ISBN : 978-987-04-1120-8,C,LIB. EL ATENEO
,,,,,,,
,,,,,,,
884,,,4/22/2013,," Pescetti, Luis Maía",,
,,,,,¡ Buenísimo Natacha!,,
,,,,," Argentina : Ed. ALFAGUARA, 2008 ; il. ; 138 p. ; 21 cm.",,
,,,,,ISBN : 978-987-04-0977-9,C,LIB. EL ATENEO
,,,,,,,
,,,,,,,
885,,,4/22/2013,,"Pez, Alberto",,
,,,,,Mateo conoce,,
,,,,," Argentina : Ed. LaBrijita de papel, 2008 ; il. 21 cm.",,
,,,,,ISBN : 978-987-1337-35-4,C,LIB. EL ATENEO
,,,,,,,
,,,,,,,
886,,,4/22/2013,,"Porcelli piussi, lisa y Otra",,
,,,,,¡ Ni se te ocurra!,,
,,,,," Argentina : Ed. QUIPU, 2012 ; il. ; 21 cm.",,
,,,,,ISBN : 978-987-504-067-0,C ,LIB. EL ATENEO
,,,,,,,
,,,,,,,
887,,,4/22/2013,," Bustammante, Nelvy",,
,,,,,La araña que vuela,,
,,,,,"Argentina : Ed. Sudamericana, 2008 ; il. ; 24 cm.",,
,,,,,ISBN : 978-950-2950-5,C,LIB. EL ATENEO
,,,,,,,
,,,,,,,
888,,,4/22/2013,," Devetach, Laura",,
,,,,,Cuidado con la osa,,
,,,,," Argentina : Ed. Sudamericana, 2008 ; il. ; 24 cm.",,
,,,,,ISBN : 978-950-07-3000-5,C,LIB. EL ATENEO
,,,,,,,
,,,,,,,
888,,,4/22/2013,, ,,
,,,,,,,
,,,,,,,
,,,,,,,
,,,,,,,
,,,,,,,
889,,,22/04/0213,," Groovie, Annie",,
,,,,,León y sus buenos modales,,
,,,,," Argentina : Ed. Unaluna, 2009 ; il. ; 63 p. ; 20 cm.",,
,,,,,ISBN : 978-987-1296-5,C,LIB. EL ATENEO
,,,,,,,
,,,,,,,
890,,,4/22/2013,,  Canela,,
,,,,,Mona lisa y el libro de la selva,,
,,,,," Argentina : Ed. Sudemericana, 2013 ; il. ; 24 cm.",,
,,,,,ISBN : 978-950-07-4162-0,C,LIB. EL ATENEO
,,,,,,,
,,,,,,,
891,,,4/22/2013,," Granata, Maria",,
,,,,,El gallo Quiquiricó y los zancos traviesos,,
,,,,," Argentina : Ed. Sigmar, 2011; il. ; 21 cm.",,
,,,,,ISBN : 978-950-11-1222-1,C,LIB. EL ATENEO
,,,,,,,
,,,,,,,
892,,,4/22/2013,," Rey, Eva",,
,,,,,Doro el potrillo,,
,,,,," Argentina : Ed. Sigmar, 2011 ; il. ; 21 cm",,
,,,,,ISBN : 978-950-11-3001-0,C,LIB. EL ATENEO
,,,,,,,
,,,,,,,
893,,,4/22/2013,," Rey, Eva",,
,,,,,Milo el viento,,
,,,,," Argentina : Ed. Sigmar, 2011 ; il. ; 21 cm",,
,,,,,ISBN : 978-950-11-3007-2,C,LIB. EL ATENEO
,,,,,,,
,,,,,,,
894,,,4/22/2013,," Rey, Eva",,
,,,,,Un barrio muy especial,,
,,,,," Argentina : Ed. Sigmar, 2011 ; il. ; 21 cm.",,
,,,,,ISBN : 978-950-3002-7,C ,LIB. EL ATENEO
,,,,,,,
,,,,,,,
895,,,4/22/2013,," Rey, Eva",,
,,,,,Sonia la paloma,,
,,,,," Argentina : Ed. Sigmar, 2011  ; il. ; 21 cm",,
,,,,,ISBN : 978-950-11-3005-8,C,LIB. EL ATENEO
,,,,,,,
,,,,,,,
896,,,4/22/2013,," Rey, Eva",,
,,,,,Los juguetes olvidados,,
,,,,," Argentina : Ed. Sigmar, 2011 ; il. ; 21 cm.",,
,,,,,ISBN : 978-950-11-3006-5,C,LIB. EL ATENEO
,,,,,,,
,,,,,,,
897,,,4/22/2013,," Rey, Eva",,
,,,,,Fito el perro,,
,,,,," Argentina : Ed. Sigmar, 2012 ; il. ; 21 cm.",,
,,,,,ISBN : 978-950-11-2996-0,C,LIB. EL ATENEO
,,,,,,,
,,,,,,,
898,,,4/22/2013,," Granata, María",,
,,,,,La selva disfrazada y una alegra visita,,
,,,,,"Argentina : Ed. Sigmar, 2011 ; il. ; 21 cm.",,
,,,,,ISBN : 978-950-11-1211-5,C,LIB. EL ATENEO
,,,,,,,
,,,,,,,
899,,,4/22/2013,," Rey, Eva",,
,,,,,Un barrio muy especial,,
,,,,," Argentina : Ed. Sigmar, 2012 ; il. ; 21 cm,",,
,,,,,ISBN : 978-950-3002-7,C,LIB. EL ATENEO
,,,,,,,
,,,,,,,
900,,,4/22/2013,," Rey, Eva",,
,,,,,Doro el potrillo,,
,,,,," Argentina : Ed. Sigmar, 2011 ; il. ; 21 cm.",,
,,,,,ISBN : 978-950-11-3001-0,C,LIB. EL ATENEO
,,,,,,,
,,,,,,,
901,,,4/22/2013,," Pez, Alberto",,
,,,,,Un regalo delicioso,,
,,,,," Argentina : Ed. Sudamericana, 2011 ; il. ; 24 cm.",,
,,,,,ISBN : 950-07-2676-9,C,LIB. EL ATENEO
,,,,,,,
,,,,,,,
902,,,4/22/2013,," Méndez, Natalia",,
,,,,,El circo fantástico de los hermanos A B C,,
,,,,," Argentina : Ed. Sudamericana, 2011 ; il. ; 21 cm.",,
,,,,,ISBN : 978-950-07-2878-2,C,LIB. EL ATENEO
,,,,,,,
,,,,,,,
903,,,4/22/2013,," Blanco, Malena & Calvo, Nónica",,
,,,,, Y mañana,,
,,,,," Argentina : Ed. QUIPU, 2011 ; il. ; 20 cm.",,
,,,,,ISBN : 978-987-504-052-6,C,LIB. EL ATENEO
,,,,,,,
,,,,,,,
904,,,4/22/2013,," Rey, Eva",,
,,,,,"Ronrón, el gato",,
,,,,," Argentina : Ed. SIGMAR, 2012 ; il. ; 20 cm. ",,
,,,,,ISBN : 978-950-11-2997-7,C,LIB. EL ATENEO
,,,,,,,
,,,,,,,
905,,,4/22/2013,, Delgado Myriam y Otras,,
,,,,,La aventura de la palabra Lengua y Literatura polimodal I,,
,,,,," Argentina : Ed. Comunicarta, 2010 ; il. ; 141 p. ; 27 cm. ",,
,,,,,ISBN : 978-987-1151-10-3,C,LIB. EL ATENEO
,,,,,,,
,,,,,,,
906,,,4/22/2013,," Allende, Isabel",,
,,,,,El cuaderno de maya,,
,,,,," Argentina : Ed. DEBOLSILO, 2013 ; 442 p. ; 18 cm.",,
,,,,,ISBN : 978-987-566-867-6,C,LIB. EL ATENEO
,,,,,,,
,,,,,,,
907,,,4/22/2013,," Aira, César",,
,,,,,Festival,,
,,,,,"Argentina : Ed. Mansalva, 2012 ; 126 p. ; 21 cm. ",,
,,,,,ISBN : 978-987-1474-49-3,C,LIB. EL ATENEO
,,,,,,,
,,,,,,,
908,,,4/22/2013,," Belli, Gioconda",,
,,,,,El infinito en la palma de la mano,,
,,,,," Argentina : Ed. Seix Barral, 2008 ; 237 p. ; 22 cm.",,
,,,,,ISBN : 978-950-731-577-0,C,LIB. EL ATENEO
,,,,,,,
,,,,,,,
909,,,4/22/2013,," Aira, César",,
,,,,,El pequeño monje budista,,
,,,,," Argentina : Ed. MANSALVA, 2005 ; 90 p. ; 21 cm.",,
,,,,,ISBN : 987-22648-4-8,C,LIB. EL ATENEO
,,,,,,,
,,,,,,,
910,,,4/22/2013,," Aira, César",,
,,,,,Cecil Taylor,,
,,,,," Argentina : Ed. MANSALVA, 2011 ; 77 p. ; 23 cm.",,
,,,,,ISBN : 978-987-1474-42-4,C,LIB. EL ATENEO
,,,,,,,
,,,,,,,
911,,,4/22/2013,," Bovo, Ana María",,
,,,,,Cuentos de humor y amor 2,,
,,,,," Argentina : Ed. Emecé, 2012 ; 129 p. ; 19 cm.",,
,,,,,ISBN : 978-950-04-3454-6,C,LIB. EL ATENEO
,,,,,,,
,,,,,,,
912,,,4/22/2012,," Caruso, Giacinta",,
,,,,,El Triángulo de Rembrandt,,
,,,,," Argentina : Ed. El Ateneo, 2007 ; 254 p. ; 23 cm.",,
,,,,,ISBN : 978-950-02-5925-5,C,LIB. EL ATENEO
,,,,,,,
,,,,,,,
913,,,4/22/2013,," Belli, Gioconda",,
,,,,,Waslada La búsqueda de una civilización perdida,,
,,,,," Argentina : Ed. Seix Barral, 2011 ; 339 p. ; 22 cm.",,
,,,,,ISBN : 978-950-731-525-1,C,LIB. EL ATENEO
,,,,,,,
,,,,,,,
914,,,4/22/2013,," Belli, Gioconda",,
,,,,,Escándalo de miel,,
,,,,," Argentina : Ed. Seix Barral, 2011 ; 236 p. ; 22 cm.",,
,,,,,ISBN : 978-950-731-619-7,C,LIB. EL ATENEO
,,,,,,,
,,,,,,,
915,,,4/22/2013,," Bonelli, Florencia",,
,,,,,Caballo de fuego,,
,,,,," Argentina : Ed. ALFAGUARA, 2012 ; 653 p. ; 23 cm.",,
,,,,,ISBN : 978-987-04-1783-5,C,LIB. EL ATENEO
,,,,,,,
,,,,,,,
916,,,4/22/2013,," Canfield, Jack y Otros",,
,,,,,Chocolate caliente para el alma que no se rinde,,
,,,,," Argentina : Ed. Atlántida, 2009 ; 407 p. ; 19 cm.",,
,,,,,ISBN : 978-950-08-2548-1,C,LIB. EL ATENEO
,,,,,,,
,,,,,,,
917,,,4/22/2013,," Canfield, Jack y Otros",,
,,,,,Chocolate caliente para el alma de los enamorados ,,
,,,,," Argentina : Ed. Atlántida,2010 ; 336 p. ; 19 cm.",,
,,,,,ISBN : 978-950-08-2986-1,C,LIB. EL ATENEO
,,,,,,,
,,,,,,,
918,,,4/22/2013,," Cook, Robin",,
,,,,,Toxina,,
,,,,,"Argentina : Ed. Debolsillo, 2012 ; 420 p. ; 18 cm.",,
,,,,,ISBN : 978-987-773-0,C,LIB. EL ATENEO
,,,,,,,
,,,,,,,
919,,,4/22/2013,," Cook, Robin",,
,,,,,Intervención,,
,,,,," Argentina : Ed. Debolsillo, 2012 ; 397 p. ; 18 cm.",,
,,,,,ISBN : 978-987-566-822-5,C,LIB. EL ATENEO
,,,,,,,
,,,,,,,
920,,,4/22/2013,,"Cook, Robin",,
,,,,,ADN,,
,,,,," Argentina : Ed. Debolsillo, 2009 ; 520 p. ; 18 cm.",,
,,,,,ISBN : 978-987-566-514-9,C,LIB. EL ATENEO
,,,,,,,
,,,,,,,
921,,,4/22/2013,," Camilleri, Andrea",,
,,,,,La danza de la gaviota,,
,,,,," Argentina : Ed. Salamandra, 2012 ; 221 p. ; 22 cm.",,
,,,,,ISBN : 978-84-9838-487-1,C,LIB. EL ATENEO
,,,,,,,
,,,,,,,
922,,,4/22/2013,," Corona, Laurel",,
,,,,,Las cuatro esteciones,,
,,,,," Argentina : Ed. El Ateneo, 2010 ; 396 p. ; 23 c.",,
,,,,,ISBN : 978-950-02-0469-9,C,LIB. EL ATENEO
,,,,,,,
,,,,,,,
923,,,4/22/2013,," Cast, P. C. y Cast, Kristin",,
,,,,,Tentada,,
,,,,," España : Ed. Cast, 2009 ; 286 p. ; 22 cm.",,
,,,,,ISBN : 978-84-9800-675-9,C,LIB. EL ATENEO
,,,,,,,
,,,,,,,
924,,,4/22/2013,," Maas, Pablo, Castillo, José E.",,
,,,,,Economía,,
,,,,," Argentina : Ed. AIQUE, 2012 ; il. ; 196 p. ; 23 cm.",,
,,,,,ISBN : 978-950-701-859-6,C,LIB. EL ATENEO
,,,,,,,
,,,,,,,
925,,,4/22/2013,," Diana, Marta",,
,,,,,Mujeres guerrilleras,,
,,,,," Argentina : Ed. Bookt,2011 ; 450 p. ; 18 cm. ",,
,,,,,ISBN : 978-987-580-875-5,C,LIB. EL ATENEO
,,,,,,,
,,,,,,,
926,,,4/22/2013,," Emptaz, Erik",,
,,,,,La maldición de La Medusa,,
,,,,," Argentina : Ed. El Ateneo, 2006 ; 237 p. ; 23 cm. ",,
,,,,,ISBN : 950-02-3085-2,C,LIB. EL ATENEO
,,,,,,,
,,,,,,,
927,,,4/22/2013,," Fogwill, Rodolfo",,
,,,,,Vivir afuera,,
,,,,," Argentina : Ed. El Ateneo,2012 ; 397 p. ; 21 cm.",,
,,,,,ISBN : 978-950-02-0676-1,C,LIB. EL ATENEO
,,,,,,,
,,,,,,,
928,,,4/22/2013,," Fogwill, Rodolfo",,
,,,,,Los pichiciegos,,
,,,,," Argentina : Ed. El ateneo, 2012 ; 252 p. ; 21 cm.",,
,,,,,ISBN : 978-950-02-0663-1,C,LIB. EL ATENEO
,,,,,,,
,,,,,,,
929,,,4/22/2013,," Kennedy Toole, John",,
,,,,,La conjetura de los necios,,
,,,,," España : Ed. ANAGRAMA, 2010 ; 389 p. ; 21 cm.",,
,,,,,ISBN : 978-84-339-3014-9,C,LIB. EL ATENEO
,,,,,,,
,,,,,,,
930,,,4/22/2013,," Troyat, Henri",,
,,,,,La novia eterna de Napoleón,,
,,,,," Argentina : Ed. El Ateneo, 2007 ; 204 p. ; 22 cm.",,
,,,,,ISBN : 978-950-02-3095-7,C,LIB. EL ATENEO
,,,,,,,
,,,,,,,
931,,,4/22/2013,," Eckhart, Tolle",,
,,,,,El poder del ahora un camino hacia la realidad espiritual,,
,,,,," Argentina : Ed. Grijalbo, 2013 ; 225p. ; 21 cm.",,
,,,,,ISBN : 978-950-28-0592-4,C,LIB. EL ATENEO
,,,,,,,
,,,,,,,
932,,,4/22/2013,," Vanoyeke, Violaine",,
,,,,,Nitocris Princesa de Egipto,,
,,,,," Argentina : Ed. El Ateneo, 2008 ; 267 p. ; 23 cm.",,
,,,,,ISBN : 978-950-02-0438-5,C,LIB. EL ATENEO
,,,,,,,
,,,,,,,
933,,,4/22/2013,," Ruiz Zafón, Carlos",,
,,,,,El prisionero del cielo,,
,,,,," Argentina : Ed. Planeta, 2011 ; 379 p. ; 22 cm.",,
,,,,,ISBN : 978-950-49-2757-0,C,LIB. EL TENEO
,,,,,,,
,,,,,,,
934,,,4/22/2013,," Ruiz Zafón, Carlos",,
,,,,,El principe de la niebla,,
,,,,," Argentina : Ed. Booket, 2012 ; 230 p. ; 16 cm.",,
,,,,,ISBN : 978-987-580-321-3,C,LIB. EL ATENEO
,,,,,,,
,,,,,,,
935,,,4/22/2013,," Ruiz Zafón, Carlos",,
,,,,,El palacio de la nedianoche,,
,,,,," Argentina : Ed. Booket, 2012 ; 340 p. ; 18 cm.",,
,,,,,ISBN : 978-987-580-317-6,C,LIB. EL ATENEO
,,,,,,,
,,,,,,,
936,,,4/22/2013,," Ruiz Zafón, Carlos",,
,,,,,La sombra del viento,,
,,,,," Argentina : Ed. Planeta, 2012 ; 575 p. ; 22 cm.",,
,,,,,ISBN : 978-950-49-2547-7,C,LIB. EL ATENEO
,,,,,,,
,,,,,,,
937,,,4/22/2013,," Ruiz Zafón, Carlos",,
,,,,,El juego del ángel,,
,,,,," Argentina : Ed. Planeta, 2013 ; 667 p. ; 22 cm.",,
,,,,,ISBN : 978-950-49-1899-8,C,LIB. EL ATENEO
,,,,,,,
,,,,,,,
938,,,4/22/2013,," Grandes, Almudena",,
,,,,,El corazón helado,,
,,,,," Argentina : Ed. Tusquets, 2012 ; 1242 p. ; 18 cm,",,
,,,,,ISBN : 978-987-1544-29-5,C,LIB. EL ATENEO
,,,,,,,
,,,,,,,
939,,,4/22/2013,," Grisham, John",,
,,,,,La trampa,,
,,,,," Argentina : Ed. DEBILSILLO, 2012 ; 451 p. ; 18 cm.",,
,,,,,ISBN : 978-987-566-857-7,C,LIB. EL ATENEO
,,,,,,,
,,,,,,,
940,,,4/22/2013,," Grishan, John",,
,,,,,Los litigantes,,
,,,,," Argentina : Ed. P&J, 2013 ; 493 p. ; 22 cm.",,
,,,,,ISBN : 978-950-644-265-1,C,LIB. EL ATENEO
,,,,,,,
,,,,,,,
941,,,4/22/2013,," García, Yohana",,
,,,,,Francesco una vida entre el cielo y la tierra,,
,,,,," España : Ed. OCEANO, 2012 ; 221 P. ; 22 CM.",,
,,,,,ISBN: 978-84-494-4804-1,C,LIB. EL ATENEO
,,,,,,,
,,,,,,,
942,,,4/22/2013,," Heker, Liliana",,
,,,,,El fin de la historia,,
,,,,," Argentina : Ed. ALFAGUARA, 2004 ; 286 P. ; 17 CM.",,
,,,,,ISBN : 950-11096-77-7,C,LIB. EL ATENEO
,,,,,,,
,,,,,,,
943,,,4/22/2013,," Hay, Louise L.",,
,,,,,Amatte a ti misma cambiarás tu vida,,
,,,,," Argentina : Ed. URANO, 2012 ; 223 p. ; 22 cm.",,
,,,,,ISBN : 978-987-28194-1-5,C,LIB. EL ATENEO
,,,,,,,
,,,,,,,
944,,,4/22/2013,," Hay, Louise L. y ",,
,,,,,Tú puedes crear una vida excepcional,,
,,,,," Argentina : Ed. URANO, 2012 ; ",,
,,,,,,,
,,,,,,,
945,,,4/22/2013,," King, Stephen",,
,,,,,Cementerio de animales,,
,,,,," Argentina : Ed. DEBOLSILLO, 2012 ; 483 P. ; 18 CM.",,
,,,,,ISBN : 978-987-566-784-6,C,LIB. EL ATENEO
,,,,,,,
,,,,,,,
946,,,4/22/2013,," King, Stephen",,
,,,,,La milla verde,,
,,,,," Argentina : Ed. DEBOLSILLO, 2012 ; 444 P. 19 CM.",,
,,,,,ISBN : 987-1138-96-2,c,lib. El ateneo
,,,,,,,
,,,,,,,
,,,,,,,
947,,,4/22/2013,," Katzenbach, John",,
,,,,,Un final perfecto,,
,,,,," Argentina : Ed. B S.A., 2012 ; 430 p. ; 22 cm.",,
,,,,,ISBN : 978-84-666-52193,C,LIB. EL ATENEO
,,,,,,,
,,,,,,,
948,,,4/22/2013,," Bolívar Moreno, Gustavo",,
,,,,,Sin tetas no hay paraíso,,
,,,,," Argentina : Ed. Grijalbo, 2008 ; 248 p. ; 22 cm.",,
,,,,,ISBN : 978-950-28-0459-0,C,LIB. EL ATENEO
,,,,,,,
,,,,,,,
949,,,4/22/2013,," Mossé, Claude",,
,,,,,La conjura de los Pazzi,,
,,,,," Argentina : El Ateneo, 2007 ; 331 p. ; 22 cm.",,
,,,,,ISBN : 987-950-02-5330-7,C,LIB. EL ATENEO
,,,,,,,
,,,,,,,
950,,,4/22/2013,," Mastretta, Angeles",,
,,,,,La emoción de las cosas,,
,,,,," Argentina : Ed. Seix Barral, 2013 ; 274 p. 22 cm. ",,
,,,,,ISBN : 978-950-731-741-5,C,LIB. EL ATENEO
,,,,,,,
,,,,,,,
951,,,4/22/2013,," Noel, Alyson",,
,,,,,Tentación,,
,,,,," Argentina : Ed. Montena, 2012 ; 343 p. ; 21 cm.",,
,,,,,ISBN : 978-987-1783-17-5,C,LIB. EL ATENEO
,,,,,,,
,,,,,,,
952,,,4/22/2013,," Noel, Alyson",,
,,,,,Desafío,,
,,,,," Argentina : Ed. Montena, 2012 ; 330 p. ; 21 cm",,
,,,,,ISBN : 978-987-1783-32-8,C,LIB. EL ATENEO
,,,,,,,
,,,,,,,
953,,,4/22/2013,," Shua, Ana María",,
,,,,,Todo sobre las mujeres,,
,,,,," Argentina : Ed. Emecé, 2012 ; 356 p. ; 23 cm.",,
,,,,,ISBN : 978-950-04-3478-2,C,LIB. EL ATENEO
,,,,,,,
,,,,,,,
954,,,4/22/2013,," Piñeiro, Claudia",,
,,,,,Las grietas de jara,,
,,,,," Argentina : Ed. Punto de lectura, 2012 ; 250 p. ; 18 cm. ",,
,,,,,ISBN : 978-987-578-185-6,C,LIB. EL ATENEO
,,,,,,,
,,,,,,,
955,,,4/22/2013,," Shua, Ana María",,
,,,,,Todo sobre las mujeres,,
,,,,," Argentina : Ed. Emecé, 2012 ; 356 p. ; 22 cm.",,
,,,,,ISBN : 978-950-04-3478-2,C,LIB. EL ATENEO
,,,,,,,
,,,,,,,
956,,,,," Lenz, Lucas",,
,,,,,Y la mano del emperador,,
,,,,,,,
,,,,,,,
,,,,,,,
,,,,,,,
,,,,,,,
957,,,5/15/2013,," Garzón, Obdulio ",,
,,,,,Hurto virtual,,
,,,,,"Argentina : Ed. Caranday, 2011 ; 144 p. ; 20 cm.",,
,,,,,ISBN : 978-987-26762-0-9,D,OBDULIO GARZON
,,,,,,,
,,,,,,,
958,,,5/15/2013,," Garzón, Obdulio - Villemonte, Silma",,
,,,,,Entre Ríos decimonónica,,
,,,,,recopilaciones de la Historia entrerriana Siglo XIX,,
,,,,, Argentina : Ed.  El Autor. 2010 ; 121 p. ; 20 cm.,,
,,,,,ISBN : 978-987-05-8861-0,D,OBDOLIO GARZON
,,,,,,,
,,,,,,,
959,,,15/052013,,"Garzón, Obdulio",,
,,,,,La isla verde,,
,,,,,Trilogía del costumbrismo entrerriano,,
,,,,," Argentina : Ed. El Autor,2009 ; 116 p. ; 20 cm.",,
,,,,,ISBN : 978-987-05-7865-9,D,OBDULIO GARZON
,,,,,,,
,,,,,,,
960,,,5/15/2013,," Garzón, Obdulio",,
,,,,,Cuentos para chicos no tan chicos,,
,,,,," Argentia : Ed. El Autor, 2009 ; 103 p. ; 20 cm.",,
,,,,,ISBN : 978-987-05-5896-5,D,OBDULIO GARZON
,,,,,,,
,,,,,,,
961,,,5/15/2013,," Garzón, Obdulio",,
,,,,,Pentacuentos Volumen 1,,
,,,,," Argentina : Ed. El Autor, 2009 ; il. ; 59 p. ; 20 cm.",,
,,,,,ISBN : 978-987-05-6493-5,D,OBDULIO GARZON
,,,,,,,
,,,,,,,
962,,,5/15/2013,," Garzón, Obdulio",,
,,,,,Pentacuentos Volumen 2,,
,,,,," Argentina : Ed. El Autor, 2009 ; il. ; 43 p. ; 20 cm.",,
,,,,,ISBN : 978-987-05-6492-8,D,OBDULIO GARZON
,,,,,,,
,,,,,,,
963,,,5/15/2013,," Garzón, Obdulio",,
,,,,,Pentacuentos Volumen 3,,
,,,,," Argentina : Ed. El Autor, 2009 ; il. ; 76 p. ; 20 cm.",,
,,,,,ISBN : 978-987-05-64971-1,D,OBDULIO GARZON
,,,,,,,
,,,,,,,
964,,,5/15/2013,," Garzón, Obdulio",,
,,,,,Pentacuentos Volumen 4,,
,,,,," Argentina : Ed. El Autor, 2009 ; il. ; 64 p. ; 20 cm.",,
,,,,,ISBN : 978-987-05-6490-4,D,OBDULIO GARZON
,,,,,,,
,,,,,,,
965,,,15/052013,," Garzón, Obdulio ",,
,,,,,5 Cuentitos,,
,,,,," Argentina : Ed. El Autor, 2009 ; il. ; 48 p. ; 20 cm.",,
,,,,,ISBN : 978-987-05-7866-6,D,OBDULIO GARZON
,,,,,,,
,,,,,,,
966,,,5/15/2013,," Basch, Adela ",,
,,,,,"¡Contemos uno, dos, tres y vayamos a 1810!",,
,,,,," Argentina : Ed. ALFAGUARA, 2010 ; il. ; 75 p. ; 19 cm.",,
,,,,,ISBN : 978-987-04-1409-4,D,OBDULIO GARZON
,,,,,,,
,,,,,,,
967,,,5/15/2013,," Schujer, Silvia",,
,,,,,Un cuento de amor en mayo,,
,,,,," Argentina : Ed. ALFAGUARA, 2010 ; il. ; 86 p. ; 19 cm.",,
,,,,,ISBN : 978-987-04-1397-4,D,OBDULIO GARZON
,,,,,,,
,,,,,,,
968,,,5/15/2013,," Scalabrini Ortiz, Raúl",,
,,,,,La manga,,
,,,,," Argentina : Ed. Lancelot, 2009 ; 124 p. ; 18 cm.",,
,,,,,ISBN : 978-987-1615-03-2,D,OBDULIO GARZON
,,,,,,,
,,,,,,,
969,,,5/15/2013,," Jauretche, Arturo",,
,,,,,Polémicas,,
,,,,," Argentina : Ed. Peña Lillo, 2007 ; 15 p. ; 23 cm ",,
,,,,,ISBN : 978-950-517-039-5,D ,OBDULIO GARZON
,,,,,,,
,,,,,,,
970,,,5/15/2013,," Scalabrini Ortiz, Raúl",,
,,,,,Historia de los ferrocarriles Argentinos,,
,,,,," Argentina : Ed. Lancelot, 2009 ; 404 p. ; 18 cm.",,
,,,,,ISBN : 978-987-22621-8-1,D,OBDULIO GARZON
,,,,,,,
,,,,,,,
971,,,5/15/2013,," Verbitsky, Horacio",,
,,,,,El vuelo,,
,,,,," Argentina : Ed. Sudemaricana, 2004 ; 249 p. ; 22 cm.",,
,,,,,ISBN : 950-07-2474-X,D,OBDULIO GARZON
,,,,,,,
,,,,,,,
972,,,5/15/2013,," Mansilla, Lucio V.",,
,,,,,Una excursión a los Indios Ranqueles,,
,,,,," Argentina : Ed. Agebe, 2008 ; 403 P. ; 19 cm.",,
,,,,,ISBN : 987-20562-0-X,D,OBDULIO GARZON
,,,,,,,
,,,,,,,
973,,,5/15/2013,," Scalabrini Ortiz, Raúl",,
,,,,,Política Británica en el Río de La Plata,,
,,,,," Argentina : Ed. Lancelot, 2009 ; 339 p. ; 18 cm.",,
,,,,,ISBN : 978-987-1615-02-5,D,OBDULIO GARZON
,,,,,,,
,,,,,,,
974,,,5/21/2013,," Smith, Wilbur",,
,,,,,Muere el gorrión,,
,,,,," Argentina : Ed. Booket, 2011 ; 526 p. ; 18 cm.",,
,,,,,ISBN : 978-987-580-434-0,C,LIB. EL ATENEO
,,,,,,,
,,,,,,,
975,,,5/21/2013,," Smith, Wilbur",,
,,,,,Zorro dorado,,
,,,,," Argentina : Ed. Booket,2011 ; 526 p. ; 18 cm.",,
,,,,,ISBN : 978-987-580-082-3,C,LIB. EL ATENEO
,,,,,,,
,,,,,,,
976,,,5/21/2013,," Stoppello, Julián",,
,,,,,Perro preso,,
,,,,," Argentina : Ed. Fund. La Hendija, 2010 ; il. ; 153 p. ; 20 cm.",,
,,,,,ISBN : 978-987-25720-2-0,C,LIB. EL ATENEO
,,,,,,,
,,,,,,,
977,,,5/21/2013,," Stoppello, Julián",,
,,,,,Male letra,,
,,,,," Argentina : Ed. Fund. La Hendija, 2012 ; 78 p. ; 20 cm.",,
,,,,,ISBN : 978-987-1808-36-6,C,LIB. EL ATENEO
,,,,,,,
,,,,,,,
978,,,2/21/2013,," Reato, Fabián",,
,,,,,La rueda de la fortuna,,
,,,,," Argentina : Ed. Fund. La hendija, 2012 ; 183 p. ; 20 cm.",,
,,,,,ISBN : 978-987-1808-32-8,C ,LIB. EL ATENEO
,,,,,,,
,,,,,,,
979,,,5/21/2013,," Reato, Fabián",,
,,,,,Esparadrapo,,
,,,,," Argentina : Ed. Fund. La Hendija, 2008 ; 199 p. ; 20 cm.",,
,,,,,ISBN : 978-987-23931-2-0,C ,LIB. EL ATENEO
,,,,,,,
,,,,,,,
980,,,5/21/2013,," Cook, Robin",,
,,,,,Intervención,,
,,,,," Argentina : Ed. Debolsillo, 2012 ; 397 p. ; 18 cm.",,
,,,,,ISBN : 978-987-566-822-5,C,LIB. EL ATENEO
,,,,,,,
,,,,,,,
981,,,5/21/2013,," Cook, Robin ",,
,,,,,Toxina,,
,,,,," Argentina : Ed. Debolsillo, 2012 ; 420 p. ; 18 cm.",,
,,,,,ISBN : 978-987-566-773-0,C,LIB. EL ATENEO
,,,,,,,
,,,,,,,
982,,,5/21/2013,," Larsson, Stieg",,
,,,,,Los hombres que no amaban a las mujeres,,
,,,,," Argentina : Ed. Booket, 2013 ; 677 p. ; 19 cm.",,
,,,,,ISBN : 978-987-580-489-0,C,LIB. EL ATENEO
,,,,,,,
,,,,,,,
983,,,5/21/2013,," Larsson, Stieg",,
,,,,,La chica que soñaba con una cerilla y un bidón de gasolina,,
,,,,," Argentina : Ed. Booket, 2013 ; 772 p. ; 19 cm.",,
,,,,,ISBN : 978-987-580-487-6,C,LIB. EL ATENEO
,,,,,,,
,,,,,,,
984,,,5/21/2013,," Larsson, Stieg",,
,,,,,La reina en el palaciode las corrientes de aire,,
,,,,," Argentina : Ed. Booket, 2007 ; 868 p. ; 19 cm.",,
,,,,,ISBN : 978-84-233-4329-4,C,LIB. EL ATENEO
,,,,,,,
,,,,,,,
985,,,5/21/2013,," García Márquez, Gabriel",,
,,,,,Doce cuentos peregrinos,,
,,,,," Argentina : Ed. Debolsillo, 2012; 221 p. ; 18 cm.",,
,,,,,ISBN : 987-1138-09-1,C,LIB. EL ATENEO
,,,,,,,
,,,,,,,
986,,,5/21/2013,," Prry, Anne",,
,,,,,Falsa inocencia,,
,,,,," Argentina : Ed. B, 2011 ; 383 p. 22 cm.",,
,,,,,ISBN :978-84-666-4295-8,C,LIB. EL ATENEO
,,,,,,,
,,,,,,,
987,,,5/21/2013,," Menu-Marque, Carlos",,
,,,,,Ilustres desconocidos,,
,,,,," Argentina :  Ed. La Hendija, 2013 ; il. ; 207 p. ; 20 cm.",,
,,,,,ISBN : 978-987-1808-40-3,C,LIB. EL ATENEO
,,,,,,,
,,,,,,,
988,,,5/21/2013,," Zancolli, Eduardo R.",,
,,,,,el misterio de las coincidencias,,
,,,,," Argentina : Ed.Del Nuevo Extremo, 2011 ; 303 p. 19 cm.",,
,,,,,ISBN : 978-987-609-111-4,C,LIB. EL ATENEO
,,,,,,,
,,,,,,,
989,,,5/21/2013,," Wilde, Oscar",,
,,,,,El fantasma de Canterville y otro cuentos,,
,,,,," Argentina : Ed. Gradifco, 2007 ; 127 p. ; 18 cm.",,
,,,,,ISBN : 978-987-1093-38-0,C,LIB. EL ATENEO
,,,,,,,
,,,,,,,
990,,,5/21/2013,," Twain, Mark",,
,,,,,Las aventuras de Tom Sawyer,,
,,,,," Argentina : Ed. Gradifco, 2007 ; 284 p. ; 18 cm.",,
,,,,,ISBN : 978-987-1093-24-3,C,LIB. EL ATENEO
,,,,,,,
,,,,,,,
991,,,5/21/2013,," Bordonove, Georges",,
,,,,,Las lanzas de Jerudalén,,
,,,,," Argentina . Ed. El Ateneo, 2007 ; 302 p. ; 22 cm.",,
,,,,,ISBN : 978-950-02-5926-2,C,LIB. EL ATENEO
,,,,,,,
,,,,,,,
992,,,5/21/2013,," Connelly, Michael",,
,,,,,El último coyote,,
,,,,," Argentina : Ed. Roca, 2012 ; 365 p. ; 22 cm.",,
,,,,,ISBN : 978-84-9918-620-7,C,LIB. EL ATENEO
,,,,,,,
,,,,,,,
993,,,5/21/2013,," Margall, Gabriela",,
,,,,,La hija del tirano,,
,,,,," Argentina : Ed. Javier Vergara, 2013 ; 396 p. ; 22 cm.",,
,,,,,ISBN : 978-950-15-2582-3,C,LIB. EL ATENEO
,,,,,,,
,,,,,,,
994,,,5/21/2013,," Katzenbach, John",,
,,,,,Un final perfecto,,
,,,,," Argentina : Ed. B, 2012 ; 430 P. ; 22 cm.",,
,,,,,ISBN : 978-84-666-5219-3,C,LIB. EL ATENEO
,,,,,,,
,,,,,,,
995,,,5/21/2013,," Miguens, Silvia",,
,,,,,Eliza Brown La hija del Almirante,,
,,,,," Argentina : Ed. El Ateneo, 2012 ; 237 p. ; 22 cm.",,
,,,,,ISBN : 978-950-02-0671-6,C,LIB. EL ATENEO
,,,,,,,
,,,,,,,
996,,,5/21/2013,," Troyat, Henri",,
,,,,,La novia eterna de Napoleón,,
,,,,," Argentina : Ed. El Ateneo, 2007 ; 204 p. ; 22 cm.",,
,,,,,ISBN : 978-950-02-3095-7,C,LIB. EL ATENEO
,,,,,,,
,,,,,,,
997,,,5/21/2013,," Vanoyeke, Vilaine",,
,,,,,Nitocris princesa de Egipto,,
,,,,," Argentina : Ed. El Ateneo, 2008 ; 267 p. ; 22 cm.",,
,,,,,ISBN : 978-950-02-0438-5,C,LIB. EL ATENEO
,,,,,,,
,,,,,,,
998,,,5/21/2013,," Montes De Oca, Ignacio",,
,,,,,Hstoria de la Argentina olvidada 1810-1955,,
,,,,," Argentina : Ed. Edhasa, 2011 ; 344 p. ; 22 cm. ",,
,,,,,ISBN : 978-987-628-135-6,C,LIB. EL ATENEO
,,,,,,,
,,,,,,,
999,,,5/21/2013,, Homero ,,
,,,,,La Ilíada,,
,,,,," Argentina : Ed. Gradifco, 2008 ; 384 p. ; 19 cm.",,
,,,,,ISBN : 978-987-1093-44-1,C,LIB. EL ATENEO
,,,,,,,
,,,,,,,
1000,,,21/05/0213,," Dickens, Charles",,
,,,,,Oliver Twist,,
,,,,," Argentina : Ed. Gradifco, 2008 ; 380 p. ; 19 cm.",,
,,,,,ISBN : 978-987-571-079-5,C,LIB. EL ATENEO
,,,,,,,
,,,,,,,
1001,,,5/21/2013,," Riani, Jorge",,
,,,,,Relicario Crónicas urbana de Paraná,,
,,,,," Argentina : Ed. Fundación La Hendija, 2012 ; il. ; 20 cm.",,
,,,,,ISBN : 978-987-1808-33-5C,C,LIB. EL ATENEO
,,,,,,,
,,,,,,,
1002,,,5/21/2013,," Hammett, Dashiell",,
,,,,,Todos los casos de Samm Spade,,
,,,,," España : Ed. RBA, 2011 ; 333 p. ; 21 cm.",,
,,,,,ISBN : 978-987-1427-26-0,C,LIB EL ATENEO
,,,,,,,
,,,,,,,
1003,,,5/21/2013,, De cervantes Savedra. Miguel,,
,,,,,Don Quijote de la Mancha,,
,,,,," Argentina : Ed. Gradifco, 2007 ; 765 p. ; 20 cm.",,
,,,,,ISBN : 978-987-571-001-6,C,LIB. EL ATENEO
,,,,,,,
,,,,,,,
1004,,,5/21/2013,," Larsson, Asa",,
,,,,,Sacrificio a Mólex,,
,,,,," Argentina : Ed. Seix Barral, 2013 ; 414 p. ; 22 cm.",,
,,,,,ISBN : 978-950-731-749-1,C,LIB. EL ATENEO
,,,,,,,
,,,,,,,
1005,,,5/21/2013,," Katzenbach, John",,
,,,,,Juicio final,,
,,,,," Argentina : Ed. Ediciones B, 2010 ; 590 p. ; 19 cm.",,
,,,,,ISBN : 978-84-9872-453-0,C,LIB. EL ATENEO
,,,,,,,
,,,,,,,
1006,,,5/21/2013,," Doyle, Arthur Conan",,
,,,,,El signo de los cuatro,,
,,,,," Argentina : Ed. Modelo Para Armar,2010 ; 167 p. ; 13 cm.",,
,,,,,ISBN : 978-950-9051-18-8,C,LIB. EL ATENEO
,,,,,,,
,,,,,,,
1007,,,5/21/2013,," Doyle, Arthur Conan",,
,,,,,Estudio en escarlata,,
,,,,," Argentina : Ed. Modelo Para Armar, 2011 ; 186 p. ; 13 cm.",,
,,,,,ISBN : 978-950-9051-00-3,C,LIB. EL ATENEO
,,,,,,,
,,,,,,,
1008,,,5/21/2013,," Reato, Fabián",,
,,,,,El buen samaritamo,,
,,,,," Argentina : Ed. Fundación la Hendija, 2009 ; 149 p. ; 20 cm.",,
,,,,,ISBN : 978-987-23931-7-5,C,LIB. EL ATENEO
,,,,,,,
,,,,,,,
1009,,,5/21/2013,," Sonnenfeld, Kurt",,
,,,,,El perseguido,,
,,,,," Argentina : Ed. Booket, 2012 ; 388 p. ; 18 cm.",,
,,,,,ISBN : 978-987-580-512-5,C,LIB. EL ATENEO
,,,,,,,
,,,,,,,
1010,,,2105/2013,, Allende Isabel,,
,,,,,La isla bajo el mar,,
,,,,," Argentina : Ed. Debolsillo, 2012 ; 510 p. ; 19 cm.",,
,,,,,ISBN : 978-987-566-727-3,C,LIB. EL ATENEO
,,,,,,,
,,,,,,,
1011,,,5/21/2013,," Allende, Isabel",,
,,,,,De amor y de sombra,,
,,,,," Argentina : Ed. Debolsillo, 2013 ; 317 p. ; 18 cm.",,
,,,,,ISBN : 987-1138-86-5,C,LIB. EL ATENEO
,,,,,,,
,,,,,,,
1012,,,5/21/2013,," Allende, Isabel",,
,,,,,El cuaderno de Maya,,
,,,,," Argentina : Ed. Debolsillo, 2013 ; 442 p. ; 19 cm.",,
,,,,,ISBN : 978-987-566-867-6,C,LIB. EL ATENEO
,,,,,,,
,,,,,,,
1013,,,5/21/2013,," King, Stephen",,
,,,,,Corazones en la Atlántida,,
,,,,," Argentina : Ed. Debolsillo, 2013 ; 689p. ; 18 cm.",,
,,,,,ISBN : 987-1138-50-4,C,LIB. EL ATENEO
,,,,,,,
,,,,,,,
1014,,,5/21/2013,," Himitian, Evangelina",,
,,,,,Francisco el Papa de la gente,,
,,,,," Argentina : Ed. Aguilar, 2013 ; 331 p. ; 23 cm.",,
,,,,,ISBN : 978-987-04-2926-5,C,LIIB. EL ATENEO
,,,,,,,
,,,,,,,
1015,,,5/21/2013,," Alvarez Guerrero, Gonzalo / Ferrari, Soledad",,
,,,,,Máxima. Una historia real,,
,,,,," Argentina : Ed. Sudamericana, 2013 ; 310 p. ; 22 cm.",,
,,,,,ISBN : 978-950-07-4242-9,C,LIB. EL ATENEO
,,,,,,,
,,,,,,,
1016,,,,,MARY OCHOTECO,,
,,,,,,,
,,,,,,,
,,,,,,,
,,,,,,,
,,,,,,,
1017,,,6/19/2013,," Cortázar, Julio - Dunlop, Carol",,
,,,,,Los Astronautas de la Cosmopista,,
,,,,," Argentina : Ed. Alfaguara, 2011 ; il. ; 432 p. ; 21 cm.",,
,,,,,ISBN : 978-987-04-2134-4,C,LIB. Y PAP. MELLIS
,,,,,,,
,,,,,,,
1018,,,6/19/2013,," Cotázar, Julio",,
,,,,,Diario de Andrés Fava,,
,,,,," Argentina : Ed. Alfaguara, 2011 ; 110 p. ; 21 cm.",,
,,,,,ISBN : 978-987-04-2250-1,C,LIB. Y PAP. MELLIS
,,,,,,,
,,,,,,,
1019,,,6/19/2013,," Cortázar, Julio",,
,,,,,Deshoras,,
,,,,," Argentina : Ed. Alfaguara, 2011 ; 196 p. ; 21 cm.",,
,,,,,ISBN : 978-987-04-2135-1,C,LIB. Y PAP. MELLIS
,,,,,,,
,,,,,,,
1020,,,6/19/2013,," Cortázar, Julio",,
,,,,,Alguien que anda por ahí,,
,,,,," Argentina : Ed. Alfaguara, 2012 ; 230 p. ; 21 cm.",,
,,,,,ISBN : 978-987-04-2288-4,C,LIB. Y PAP. MELLIS
,,,,,,,
,,,,,,,
1021,,,6/19/2013,," Béquer, Gustavo Adolfo",,
,,,,,Rimas,,
,,,,," Argentina : Ed. Gradifco, 2008 ; 79 p. ; 18 cm.",,
,,,,,ISBN : 978-987-1093-08-3,C,LIB. Y PAP. MELLIS
,,,,,,,
,,,,,,,
1022,,,6/19/2013,," Reverte, Daniela",,
,,,,,Aquellos que se aman,,
,,,,," Argentina : Ed. Raíz de Dos, 2010 ; 120 p. ; 20 cm.",,
,,,,,ISBN : 978-987-24717-3-6,C,LIB. Y PAP. MELLIS
,,,,,,,
,,,,,,,
1023,,,6/19/2013,," Bonelli, Florencia",,
,,,,,Me llaman Artemio Furi 1,,
,,,,," Argentina : Ed. Alfaguara, 2012 ; 221 p. ; 21 cm.",,
,,,,,ISBN : 978-987-04-2494-9,C,LIB. Y PAP. MELLIS
,,,,,,,
,,,,,,,
1024,,,6/19/2013,," Ingenieros, José",,
,,,,,El hombre mediocre,,
,,,,," Argenitna . Ed. Beeme, 2008 ; 189 p. ; 19 cm.",,
,,,,,ISBN : 978-987-24256-5-4,C,LIB. Y PAP. MELLIS
,,,,,,,
,,,,,,,
1025,,,6/19/2013,,"Christie, Agatha",,
,,,,,Ocho casos de poirot,,
,,,,," Argentina : Ed. Planeta, 2013 ; 172 p. ; 19 cm. ",,
,,,,,ISBN : 978-950-49-3140-9,C,LIB. Y PAP. MELLIS
,,,,,,,
,,,,,,,
1026,,,6/19/2013,," Eco, Humberto",,
,,,,,La isla del día de antes,,
,,,,," Argentina : Ed. Sudamericana,2013 ; 588 p. ; 18 cm.",,
,,,,,,,
,,,,,,,
,,,,,ISBN : 978-950-07-4017-3,C,LIB. Y PAP. MELLIS
,,,,,,,
,,,,,,,
1027,,,6/19/2013,," Eco, Humberto",,
1028,,,,,Cinco escritos morales,,
,,,,," Argentina . Ed. Sudamericana, 2012 ; 138 p. ; 18 cm.",,
,,,,,ISBN : 978-950-07-4011-1,C,LIB. Y PAP. MELLIS
,,,,,,,
,,,,,,,
1029,,,6/19/2013,," Eco, Humberto",,
,,,,,Lector in fabula,,
,,,,," Argentina : Ed. Sudamericana, 2013 ; 313 p. ; 18 cm.",,
,,,,,ISBN : 978-950-07-4020-3,C,LIB. Y PAP. MELLIS
,,,,,,,
,,,,,,,
1030,,,6/19/2013,, OSHO,,
,,,,,Creer en lo imposible antes del desayuno,,
,,,,," Argentina : Ed. Sudamericana, 2013 ; 302 p. ; 18 cm.",,
,,,,,ISBN : 978-950-07-4139-2,C,LIB. Y PAP. MELLIS
,,,,,,,
,,,,,,,
1031,,,6/19/2013,, OSHO,,
,,,,,Intuición,,
,,,,," Argentina : Ed. Sudamericana, 2013 ; 191 p. ; 18 cm.",,
,,,,,ISBN : 978-950-07-4147-7,C,LIB. Y PAP. MELLIS
,,,,,,,
,,,,,,,
1032,,,6/19/2013,," Shua, Ana María",,
,,,,,Los amores de Laurita,,
,,,,," Argentina : Ed. Planeta, 2006 ; 165 p. ; 22 cm. ",,
,,,,,ISBN : 950-49-1574-4,C,LIB. Y PAP. MELLIS
,,,,,,,
,,,,,,,
1033,,,6/19/2013,," Poe, Edgar Allan",,
,,,,,El escarabajo de oro y otros cuentos,,
,,,,," Argentina : Ed. Arte Grafico, 2009 ; 143 p. ; 21 cm.",,
,,,,,ISBN : 978-987-07-0470-6,C,LIB. Y PAP. MELLIS
,,,,,,,
,,,,,,,
1034,,,6/19/2013,," Kafka, Franz",,
,,,,,La metamorfosis,,
,,,,," Argentina : Ed. Beeme, 2008 ; 78 p. ; 19 cm.",,
,,,,,ISBN : 978-987-24256-4-7,C,LIB. Y PAP. MELLIS
,,,,,,,
,,,,,,,
1035,,,6/19/2013,," Baudelaire, Charles",,
,,,,,Las flores del mal,,
,,,,," Argentina  : Ed.Gradifco, 2007 ; 192 p. ; 18 cm.",,
,,,,,ISBN : 978-987-1093-59-5,C,LIB. Y PAP. MELLIS
,,,,,,,
,,,,,,,
1036,,,6/19/2013,," Gelman, Juan",,
1037,,,,,Incompletamanete,,
,,,,," Argentina : Ed. La Página, 2011 ; 74 p. ; 19 cm.",,
,,,,,ISBN : 978-987-503-586-7,C,LIB. Y PAP. MELLIS
,,,,,,,
,,,,,,,
1038,,,6/19/2013,," Gelman, Juan",,
,,,,,Salario del impío/Carta a mi madre,,
,,,,," Argentina : Ed. La Página, 2011 ; 89 p. ; 19 cm.",,
,,,,,ISBN : 978-987-503-584-3,C,LIB. Y PAP. MELLIS
,,,,,,,
,,,,,,,
1039,,,6/19/2013,," Gelman, Juan",,
,,,,,País que fue será,,
,,,,," Argentina : Ed. La Página, 2012 ; 86 p. ; 19 cm.",,
,,,,,ISBN : 978-987-503-588-1,C,LIB. Y PAP. MELLIS
,,,,,,,
,,,,,,,
1040,,,6/19/2013,," Gelamn, Juan",,
,,,,,dibaxu,,
,,,,," Argentina : Ed. La Página, 2011 ; 69 p. ; 19 cm.",,
,,,,,ISBN : 978-987-503-585-0,C,LIB. Y PAP. MELLIS
,,,,,,,
,,,,,,,
1041,,,6/19/2013,, Homero,,
,,,,,La Odisea,,
,,,,," Argentina : Ed. Gradifco, 2007 ; 384p. ; 18 cm.",,
,,,,,ISBN : 978-987-1093-76-5,C,LIB. Y PAP. MELLIS
,,,,,,,
,,,,,,,
1042,,,6/19/2013,," De Rojas, Fernando",,
,,,,,La Celestina,,
,,,,," Argentina : Ed. Gradifco, 2007 ; 255 p. ; 18 cm.",,
,,,,,ISBN : 978-987-571-022-1,C,LIB. Y PAP. MELLIS
,,,,,,,
,,,,,,,
1043,,,6/19/2013,," James, Henry",,
,,,,,Otra vuelta de tuerca,,
,,,,," Argentina : Ed. Ríos de Tinta, 2010 ; 207 p. ; 18 cm.",,
,,,,,ISBN : 978-987-1789-16-0,C,LIB. Y PAP. MELLS
,,,,,,,
,,,,,,,
1044,,,6/19/2013,," de Laferrere, Gregorio",,
,,,,,Las de barranco,,
,,,,," Argentina : Ed. Gradifco, 2007 ; 127 p. ; 18 cm.",,
,,,,,ISBN : 978-987-571-043-6,C,LIB.Y PAP. MELLIS
,,,,,,,
,,,,,,,
1045,,,6/19/2013,," García Lorca, Federico",,
,,,,,La casa de Bernarda Alba,,
,,,,," Argentina : Ed. Gradifco, 2007 ; 95 p. ; 18 cm.",,
,,,,,ISBN : 978-987-571-077-1,C,"LIB. Y PAP, MELLIS"
,,,,,,,
,,,,,,,
1046,,,6/19/2013,," Whitman, Walt",,
,,,,,Canto a mí mismo,,
,,,,," Argentina : Ed. Gradifco, 2008 ; 95 p. ; 18 cm.",,
,,,,,ISBN : 978-987-1093-50-2,C,"LIB. Y PAP, MELIS"
,,,,,,,
,,,,,,,
1047,,,6/19/2013,," Carroll, Lewis",,
,,,,,Alicia en el país de las maravillas,,
,,,,," Argentina : Ed. Gradifco, 2007 ; 127 p. ; 18 cm.",,
,,,,,ISBN : 978-987-571-037-5,C,LIB. Y PAP. MELLIS
,,,,,,,
,,,,,,,
1048,,,6/19/2013,," Shakespeare, William",,
,,,,,Otelo,,
,,,,," Argentina : Ed. Gradifco, 2007 ; 125 p. ; 18 cm.",,
,,,,,ISBN : 978-987-1093-57-1,C,LIB. Y PAP. MELLIS
,,,,,,,
,,,,,,,
1049,,,6/19/2013,," Shakespeare, William",,
,,,,,La tempestad,,
,,,,," Argentina : Ed. Libertador, 2011 ; 91 p. ; 18 cm.",,
,,,,,ISBN : 978-987-1512-53-9,C,LIB. Y PAP. MELLIS
,,,,,,,
,,,,,,,
1050,,,6/19/2013,," Borges, Jorge Luis",,
,,,,,Textos cautivos Obras completas Segunda parte,,
,,,,," Argentina : Ed. Sudamericana,2011 ;395 p. ; 19 cm. ",,
,,,,,ISBN : 978-950-07-3541-4,C,LIB. Y PAP. MELLIS
,,,,,,,
,,,,,,,
1051,,,6/19/2013,," Borges, Jorge Luis",,
,,,. ,,Para las seis cuerdas. Elogio de la sombra. El informde Brodie ,,
,,,,,"Argentina : Ed. Sudamericana, 2011 ; 193 p. ; 19 cm.",,
,,,,,ISBN : 978-950-07-3497-4,C,LIB. Y PAP. MELLIS
,,,,,,,
,,,,,,,
1052,,,6/19/2013,," Eco, Humberto",,
,,,,,Las poéticas de joyce,,
,,,,," Argentina : Ed. Sudamericana, 2013 ; 189 p. ; 18 cm.",,
,,,,,ISBN : 978-950-07-4188-0,C,LIB. Y PAP. MELLIS
,,,,,,,
,,,,,,,
1053,,,28//06/2013,," Hurrel, Julio a.; Ulibarri, Emilio a. y Otros",,
,,,,,Plantas aromáticas condimenticias,,
,,,,," Argentina : Ed.LOLA, 2008 ; il. ; 368 p. ; 19 cm.",,
,,,,,ISBN : 978-987-1533-05-3,C,LIB. Y PAP. MELLIS
,,,,,,,
,,,,,,,
1054,,,6/28/2013,," Burgstaller, José Antonio",,
,,,,,"700 Hierbas medicinales, sus propiedades terapéuticas",,
,,,,," Argentina : Ed. Lancelot, 2007 ; 222p. ; 19 cm.",,
,,,,,ISBN : 978-987-23177-4-4,C,LIB. Y PAP. MELLIS
,,,,,,,
,,,,,,,
1055,,,6/28/2013,," De Marzi, Valeria",,
,,,,,100 plantas argentinas,,
,,,,," Argentina . Ed. ALBATROS, 2006 , il. ; 128 p. ; 21 cm.",,
,,,,,ISBN : 950-24-1106-6,C,LIB. Y PAP. MELLIS
,,,,,,,
,,,,,,,
1056,,,6/28/2013,, Manuales JDN,,
,,,,,La huerta fácil,,
,,,,," Argentina : Ed. JARDIN, 2008 ; il. ; 189 p. ; 24 cm.",,
,,,,,ISBN : 978-987-21087-9-3,C,LIB. Y PAP. MELLIS
,,,,,,,
,,,,,,,
1057,,,6/28/2013,," Walsh, María Elena",,
,,,,,"Hotel Pioho""s Palace",,
,,,,,"Argentina : Ed. ALFAGUARA, 2013 ; il. ; 110 p. ; 27 cm.",,
,,,,,ISBN : 978-987-04-0174-2,C,LIB. Y PAP. MELLIS
,,,,,,,
,,,,,,,
1058,,,6/28/2013,," Walsh, María Elena",,
,,,,,Canciones para mirar,,
,,,,," Argentina : Ed. ALFAGUARA, 2013 ; il. ; 131 p. ; 27 cm.",,
,,,,,ISBN : 978-987-04-0182-7,C,LIB. Y PAP. MELLIS
,,,,,,,
,,,,,,,
1059,,,6/28/2013,," Walsh, María Elena",,
,,,,,Doña disparate y Bambuco,,
,,,,," Argentina : Ed. ALFAGUARA,2013 ; il. , 78 p. ; 27 cm.",,
,,,,,ISBN : 978-987-04-1571-8,C,LIB. Y PAP. MELLIS
,,,,,,,
,,,,,,,
1060,,,6/28/2013,," Walsh, María Elena",,
,,,,,Tutú Marumbá,,
,,,,," Argentina : Ed. ALFAGUARA, 2013 ; il. ; 94 p. ; 27 cm.",,
,,,,,ISBN : 978-987-04-0176-6,C,LIB. Y PAP. MELLIS
,,,,,,,
,,,,,,,
1061,,,6/28/2013,," Walsh, María Elena",,
,,,,,Versos tradicionales para cebollitas,,
,,,,," Argentina : Ed. ALFAGUARA, 2013 ; il. ; 158 p. ; 27 cm.",,
,,,,,ISBN : 978-987-04-0170-4,C,LIB. Y PQAP. MELLIS
,,,,,,,
,,,,,,,
1062,,,7/16/2013,,Pagano Mabel,,
,,,,,Hombres y mujeres que hicieron historia. Alejandro Magno,,
,,,,," Argentina : Ed. ALFAGUARA, 2013 ; il. ; 137 p. ; 22 cm.",,
,,,,,ISBN : 978-987-04-2756-8,D,MUNICIPIO DE ORO VERDE
,,,,,,,
,,,,,,,
1063,,,7/16/2013,," Willebald, Valeria",,
,,,,,Hombres y Mujeres que hicieron historia. Albert Einstein,,
,,,,," Argentina : Ed.ALFAGUARA, 2013 ; il. ; 139 ; 22 cm.",,
,,,,,ISBN : 978-987-04-2949-4,D,MUNICIPIO DE ORO VERDE
,,,,,,,
,,,,,,,
1064,,,7/16/2013,," Re, Ezequie",,
,,,,,Tierra de pasiones. Liga de fútbol de paraná campaña,,
,,,,, Argentina : Ed.  2013 ; il. ; 280 p. ; 29 cm.,,
,,,,,ISBN : 978-987-33-3464-1,C,LIB. EL ATENEO
,,,,,,,
,,,,,,,
1065,,,7/16/2013,," Walsh, María Elena",,
,,,,,El diablo inglés,,
,,,,," Argentina : Ed. ALFAGUARA,2013 ; il. ; 55 p. ; 27 cm.",,
,,,,,ISBN : 978-987-04-0172-8,C,LIB. Y P0P. MELLIS
,,,,,,,
,,,,,,,
1066,,,7/16/2013,, Walsh. María Elena,,
,,,,,Chaucha y palito,,
,,,,," Argentina : Ed. ALFAGUARA, 2013 ; il. ; 94 p. ; 27 cm.",,
,,,,,ISBN : 978-987-04-0175-9,C,LIB. Y PAP. MELLIS
,,,,,,,
,,,,,,,
1067,,,7/31/2013,," Himitian, Evangelina",,
,,,,,Hombres y mujeres que hicieron historia. Papa Francisco,,
,,,,," Argentina : Ed. Alfaguara, 2013 ; il. ; 141 p. ; 22 cm.",,
,,,,,ISBN : 978-987-04-2951-7,D,MUNICIPIO DE ORO VERDE
,,,,,,,
,,,,,,,
1068,,,7/31/2013,," Galeano, Eduardo",,
,,,,,Espejos. Una hostoria casi universal,,
,,,,," Argentina : Ed. Siglo vientiuno, 2013 ; il. ; 365 p. ; 20 cm.",,
,,,,,ISBN : 978-987-629-313-6,C,LIB. Y PAP. MELLIS
,,,,,,,
,,,,,,,
1069,,,7/31/2013,," Galeano, Eduardo",,
,,,,,Patas arriba. La escuela del mundo al revés,,
,,,,," Argentina : Ed. Siglo Veintiuno,2013 ; il. ; 365 p. ; 20 cm.",,
,,,,,ISBN : 978-987-629-316-7,C,LIB. Y PAP. MELLIS
,,,,,,,
,,,,,,,
1070,,,7/31/2013,," Walsh, María Elena",,
,,,,,Pocopán,,
,,,,," Argentina : Ed. ALFAGUARA, 2013 ; il. ; 93 p. ; 27 cm.",,
,,,,,ISBN : 978-987-04-0180-3,C,LIB. Y PAP. MELLIS
,,,,,,,
,,,,,,,
1071,,,8/2/2013,," Galeano, Eduardo",,
,,,,,Los hijos de los días,,
,,,,," Argentina : Ed. Siglo Veintiuno, 2013 ; il. ; 341 p. ; 20 cm.",,
,,,,,ISBN : 978-987-629-317-4,D,MUNICIPIO DE ORO VERDE
,,,,,,,
,,,,,,,
1072,,,8/2/2013,," Nieto, Facundo",,
,,,,,Lagonautas Lengua 1 Prácticas del lenguaje,,
,,,,," Argentina : Ed. Puerto de Palos, 2012 ; il. ; 269 p. ; 27 cm.",,
,,,,,ISBN :978-987-547-298-3,C,LIB. Y PA. MELLIS
,,,,,,,
,,,,,,,
1073,,,8/2/2013,," Cardona de Rey,Claudia",,
,,,,,Lagonautas Ciencias Naturales 1,,
,,,,," Argentina : Ed. Puerto de Palos, 2010 ; il. ; 181 p. ; 27 cm.",,
,,,,,ISBN :978-987-547-361-4,C,LIB. Y PAP. MELLIS
,,,,,,,
,,,,,,,
1074,,,02/082013,," Tato, María Ines",,
,,,,,Lagonautas Historia 2 América y Europa entre los siglos XV y XVII,,
,,,,," Argentina : Ed. Puerto de Palos, 2011 ; il. ; 21p. ; 27 cm.",,
,,,,,ISBN : 978-987-547-305-8,C,LIB. Y PAP. MELLIS
,,,,,,,
,,,,,,,
1075,,,8/2/2013,," Ratto, Silvia",,
,,,,,Lagonautas Historia 1 desde los primeros hombres hasta el Mundo Feudal,,
,,,,,"Argentina : Ed. Puerto de Palos, 2012 ; il. ; 251 p. ; 27 cm.",,
,,,,,ISBN : 978-987-547-470-3,C,LIB. Y PAP. MELLIS
,,,,,,,
,,,,,,,
1076,,,8/2/2013,," Abálsamo, Roxana",,
,,,,,Matemática 1 Actividades,,
,,,,," Argentina : Ed. Puerto de Palos, 2013 ; il. ; 208 p. ; 27 cm.",,
,,,,,ISBN :978-987-547-527-4,C,LIB. Y PAP. MELLIS
,,,,,,,
,,,,,,,
1077,,,8/2/2013,," Abálsamo, Roxana",,
,,,,,Matemática 2 Actividades,,
,,,,," Argentina : Ed. Puerto de Palos, 2013 ; il. ; 240 p. ; 27 cm.",,
,,,,,ISBN : 978-987-547-528-1,C,LIB. Y PAP. MELLIS
,,,,,,,
,,,,,,,
1078,,,8/2/2013,," García, Carolina",,
,,,,,Lagonautas Geografía 2 El Continente Americano,,
,,,,,"Argentina . Ed. Puerto de Palos, 2012 ; il. ; 203 p. ; 27 cm.",,
,,,,,ISBN : 978-987-547-306-5,C,LIB Y PAP. MELLIS
,,,,,,,
,,,,,,,
1079,,,8/8/2013,, Nik,,
,,,,,gaturro superheroe,,
,,,,," Argentina : Ed. Sudemaricana, 2012 ; il. ",,
,,,,,ISBN: ,,
,,,,,,,
,,,,,,,
1080,,,8/8/2013,, Nik,,
,,,,,Gaturro y el poder del prima mágico,,
,,,,," Argentina : Ed. Sudamericana, 2012 ; il ; 167 p. ; 18 cm.",,
,,,,,ISBN : 978-950-07-3963-4,C,LIB. Y PAP. MELLIS
,,,,,,,
,,,,,,,
1081,,,8/8/2013,, Nik,,
,,,,,Gaturro atrapado en mundo gaturro,,
,,,,," Argentina : Ed. Sudamericana, 2012 ; il. ; 138 p. ; 18 cm.",,
,,,,,ISBN : 978-950-07-3679-4,C,LIB. Y PAP. MELLIS
,,,,,,,
,,,,,,,
1082,,,8/8/2013,, Nik,,
,,,,,Gaturro y el regerso de los zombis,,
,,,,," Argentina : Ed. Sudemaricana, 2012 ; il. ; 139 p. ; 18 cm.",,
,,,,,ISBN : 978-950-07-3455-4,C,LIB. Y PAP. MELLIS
,,,,,,,
,,,,,,,
1083,,,8/8/2013,, Nik,,
,,,,,Gaturro y la noche de los vampiros,,
,,,,," Argentina : Ed. Sudemaricana, 2012 : il. ; 136 p. ; 18 cm.",,
,,,,,ISBN : 978-950-07-3257-4,C,LIB. Y PAP. MELLIS
,,,,,,,
,,,,,,,
1082,,,8/8/2013,, Nik,,
,,,,,Gaturro y el regreso de los zombis,,
,,,,," Argentina : Ed. Sudamericana, 2012 ; il. ; 139 p. ; 18 cm.",,
,,,,,ISBN : 978-950-07-3455-4,C,LIB. Y PAP. MELLIS
,,,,,,,
,,,,,,,
1083,,,8/8/2013,, Nik,,
,,,,,Gaturro y la noche de los vampiros,,
,,,,," Argentina : Ed. Sudamericana,2012 ; il. ; 136 p. ; 18 cm.",,
,,,,,ISBN : 978-950-07-3257-4,C,LIB. Y PAP. MELLIS
,,,,,,,
,,,,,,,
1084,,,8/8/2013,, Nik,,
,,,,,Gaturro y los piratas del tesoro perdido,,
,,,,," Argentina : Ed. Sudamerican, 2012 ; il. ; 121 p. ; 18 cm.",,
,,,,,ISBN : 978-950-07-3176-8,C,LIB. Y PAP. MELLIS
,,,,,,,
,,,,,,,
1085,,,8/8/2013,, Nik,,
,,,,,Gaturro y la invasión extraterrestre,,
,,,,," Argentina : Ed. Sudamericana, 2012 ; il. ; 117 p. ; 18 cm.",,
,,,,,ISBN : 978-950-07-3083-9,C,LIB. Y PAP. MELLIS
,,,,,,,
,,,,,,,
1086,,,8/8/2013,, Nik,,
,,,,,Gaturro y la madición de Tutangatón ,,
,,,,," Argentina : Ed. Sudamericana, 2012 ; il. ; 123 p. ; 18 cm.",,
,,,,,ISBN : 978-950-07-3001-3,C,LIB. Y PAP. MELLIS
,,,,,,,
,,,,,,,
1087,,,8/8/2013,, Nik,,
,,,,,Gaturro y la mansión del terror,,
,,,,," Argentina : Ed. Sudemaricana, 2012 ; il. ; 137 p. ; 18 cm.",,
,,,,,ISBN : 978-950-07-2889-8,C,LIB. Y PAP. MELLIS
,,,,,,,
,,,,,,,
1088,,,8/8/2013,, Nik,,
,,,,,Gaturro y el misterio de las cinco Agathas,,
,,,,," Argentina : Ed. Sudemericana, 2012 ; il. ; 123 p. ; 18 cm.",,
,,,,,ISNM : 978-950-07-2835-5,C,LIB. Y PAP. MELLIS
,,,,,,,
,,,,,,,
1089,,,8/30/2013,," Galeano, Eduardo",,
,,,,,Días y noches de amor y de guerra,,
,,,,," Argenitna : Ed. Siglo veintiuno, 2013 ; 209 p. ; 19 cm.",,
,,,,,ISBN : 978-987-629-312-9,C,LIB. Y PAP. MELLIS
,,,,,,,
,,,,,,,
1090,,,8/30/2013,," Walsh, María Elena",,
,,,,,La nube traicionera,,
,,,,," Argentina : Ed. Afaguara, 2013 ; il. ; 74 p. ; 27 cm.",,
,,,,,ISBN :978-987-04-0171-4,C,LIB. Y PAP. MELLIS
,,,,,,,
,,,,,,,
1091,,,8/30/2013,," Bonifatti, Carina Gabriela",,
,,,,,José de San Martín,,
,,,,," Argentina : Ed. Alfaguara, 2013 ; il. ; 137 P. ; 22cm.",,
,,,,,ISBN : 978-987-04-2950-0,D,MUNICIPIO DE ORO VERDE
,,,,,,,
,,,,,,,
1092,,,8/30/2013,," Pagano, Mabel",,
,,,,,John Fitzgerald Kennedy,,
,,,,," Argentina : Ed. Alfaguara, 2013 ;  il. ; 137 p. ; 22 cm.",,
,,,,,ISBN : 978-987-04-2952-4,D,MUNICIPIO DE ORO VERDE
,,,,,,,
,,,,,,,
1093,,,8/30/2013,," Galeano, Eduardo",,
,,,,,Memoria del fuego I,,
,,,,," Argentina : Ed. Siglo Veintiuno, 2013 ; 344 p. ; 19 cm.",,
,,,,,ISBN : 978-987-629-319-8,C,LIB. Y PAP. MELLIS
,,,,,,,
,,,,,,,
1094,,,8/30/2013,," De Rojas, Silvia Cristina",,
,,,,,Nelson Mandela,,
,,,,," Argentina : Ed. Alfaguara, 2013 ;  il. ; 135 p. ; 22 cm.",,
,,,,,ISBN : 978-987-04-2956-2,D,MUNICIPIO DE ORO VERDE
,,,,,,,
,,,,,,,
1095,,,9/30/2013,," Galeano, Eduardo",,
,,,,,Memoria del fuego III,,
,,,,," Argentina : Ed. Siglo Veintiuno, 2013 ; 374 p. ; 19 cm.",,
,,,,,ISBN : 978-987-629-322-9,C,LIB. Y PAP. MELLIS
,,,,,,,
,,,,,,,
1096,,,9/30/2013,," Rivera Quintana, Juan Carlos",,
,,,,,Teresa de Calcuta,,
,,,,," Argentina : Ed. Alfaguara, 2013 ; il. ;138 p. ; 19 cm.",,
,,,,,ISBN : 978-987-04-2953-1,D,MUNICIPIO DE ORO VERDE
,,,,,,,
,,,,,,,
1097,,,10/15/2013,, Vázquez María Angeles,,
,,,,,Nicolás Maquiavelo,,
,,,,," Argentina : Es. Alfaguara, 2013 ;  il. ; 140 p. ; 19 cm.",,
,,,,,ISBN : 978-987-04-2954-8,D,MUNICIPIO DE ORO VERDE
,,,,,,,
,,,,,,,
1098,,,10/15/2013,," Galeano, Eduardo",,
,,,,,Vagamundo y otros relatos,,
,,,,," Argentina : Ed. Siglo Veintiuno, 2013 ; 160 p, ; 20 cm.",,
,,,,,ISBN : 978-987-629-323-5,C,LIB. Y PAP. MELIS
,,,,,,,
,,,,,,,
1099,,,10/15/2013,," Allende, Isabel",,
,,,,,Los amantes del guggenheim El oficio de contar,,
,,,,," Argentina : Ed. Sudamericana, 2013 ; 45 p. ; 18 cm. ",,
,,,,,ISBN : 978-950-07-4440-9,C,LIB. Y PAP. MELLIS
,,,,,,,
,,,,,,,
1100,,,10/15/2013,," Allende, Isabel",,
,,,,,La isla bajo el mar,,
,,,,," Argentina : Ed. Sudamericana, 2013 ; 510 p. ; 18 cm.",,
,,,,,ISBN : 978-950-07-4441-6,C,LIB. Y PAP. MELLIS
,,,,,,,
,,,,,,,
1101,,,10/15/2013,," Allende, Isabel",,
,,,,,La casa de los espíritus,,
,,,,," Argentina : Ed. Sudamericana, 2013 ; 453 p. ; 18 cm.",,
,,,,,ISBN : 978-950-07-4439-3,C,LIB. Y PAP. MELLIS
,,,,,,,
,,,,,,,
1102,,,10/15/2013,, Nik,,
,,,,,Gaturro a lo grande 3,,
,,,,," Argentina : Ed. Catapulta, 2012 ; il. ; 95 p. ; 27 cm.",,
,,,,,ISBN : 978-987-637-173-5,C,LIB. Y PAP. MELLIS
,,,,,,,
,,,,,,,
1103,,,10/15/2013,, Nik,,
,,,,,Gaturro a lo grande 2,,
,,,,," Argentina : Ed. Catapulta, 2012 ; il. ; 95 p. ; 27 cm.",,
,,,,,ISBN : 978-987-637-172-8,C,LIB. Y PAP. MELLIS
,,,,,,,
,,,,,,,
1104,,,10/15/2013,, Nik,,
,,,,,Gaturro a lo grande,,
,,,,," Argentina : Ed. Catapulta, 2012 ; il. ; 90 p. ; 27 cm.",,
,,,,,ISBN : 978-987-637-131-5,C,LIB. Y PAP. MELLIS
,,,,,,,
,,,,,,,
1105,,,10/15/2013,, Nik,,
,,,,,Gaturro a lo grande 1,,
,,,,," Argentina : Ed. Catapulta, 2012 ; il. ; 94 p. ; 27 cm.",,
,,,,,ISBN : 978-987-637-171-1,C,LIB. Y PAP. MELLIS
,,,,,,,
,,,,,,,
1106,,,10/15/2013,," Binham, Hettie",,
,,,,,365 Cuentos Clásicos rimas y otras historias,,
,,,,," Argentina : Ed. Distal, 2012 ; il. ; 384 p. ; 24 cm.",,
,,,,,ISBN : 978-987-502-327-7,C,LIB. Y PAP. MELLIS
,,,,,,,
,,,,,,,
1107,,,10/15/2013,," Perrault, Charles",,
,,,,,365 cuentos y rimas de animales,,
,,,,," Argentina : Ed. Distal, 2012 ; il. ; 384 p. ; 24 cm.",,
,,,,,ISBN : 978-987-502-326-0,C,LIB. Y PAP. MELLIS
,,,,,,,
1108,,,10/18/2013,," Allende, Isabel",,
,,,,,De amor y de sombra,,
,,,,," Argentina : Ed. Sudamericana, 2013 ; 317 p. ; 18 cm.",,
,,,,,ISBN : 978-950-07-4445-4,C,LIB. Y PAP. MELLIS
,,,,,,,
,,,,,,,
1109,,,10/18/2013,," Allende, Isabel",,
,,,,,Inés del alma mía,,
,,,,," Argentina : Ed. Sudamericana, 2013 ; 349 p. ; 18 cm.",,
,,,,,ISBN : 978-950-07-4443-0,C,LIB. Y PAP. MELLIS
,,,,,,,
,,,,,,,
1110,,,10/18/2013,," Allende, Isabel",,
,,,,,Retrato en sepia,,
,,,,," Argentina : Ed. Sudamericana, 2013 ; 343 p. ; 18 cm.",,
,,,,,ISBN : 978-950-07-4442-3,C,LIB. Y PAP. MELLIS
,,,,,,,
,,,,,,,
1111,,,10/18/2013,," Allende, Isabel",,
,,,,,Eva Luna,,
,,,,," Argentina : ED. Sudamericana, 2013 ; 286 p. ; 18 cm.",,
,,,,,ISBN : 978-95007-4444-7,C,LIB. Y PAP. MELLIS
,,,,,,,
,,,,,,,
1112,,,10/18/2013,," Allende, Isabel",,
,,,,,Cuentos de Eva Luna,,
,,,,," Argentina : Ed. Sudamericana, 978-950-07-4446-1",,
,,,,,ISBN : 978-950-07-4446-1,C,LIB. Y PAP. MELLIS
,,,,,,,
,,,,,,,
1113,,,10/18/2013,," Galeano, Eduardo",,
,,,,,Las palabras andantes,,
,,,,," Argentina : Ed. Siglo Veintiuno, 2013 ; il. ; 316 p. ; 20 cm.",,
,,,,,ISBN : 978-987-629-311-2,C,LIB. Y PAP. MELLIS
,,,,,,,
,,,,,,,
1114,,,10/18/2013,," Galeano, Eduardo",,
,,,,,Bocas del tiempo,,
,,,,," Argentina : Ed. Sudamericana, 2013 ; il. ; 347 p. ; 20 cm.",,
,,,,,ISBN : 978-987-629-324-2,C,LIB. Y PAP. MELLIS
,,,,,,,
,,,,,,,
1115,,,10/18/2013,," Beraza, Luis Fernando",,
,,,,,Julio César,,
,,,,," Argentina : Ed. Alfaguara, 2013 ; il. ; 137 p. ; 19 cm.",,
,,,,,ISBN : 978-987-04-2957-9,D,MUNICIPIO DE ORO VERDE
,,,,,,,
,,,,,,,
1116,,,10/18/2013,," Berger, Nicolás",,
,,,,,Marco polo,,
,,,,," Argentina : Ed. Alfaguara, 2013 ; il. ; 136 p. ; 19 cm.",,
,,,,,ISBN : 978-987-04-2955-5,D,MUNICIPIO DE ORO VERDE
,,,,,,,
,,,,,,,
1117,,,11/28/2013,," Allende, Isabel",,
,,,,,Hija de la fortuna,,
,,,,," Argentina : Ed. Sudamericana, 2013 ; 438 p. ; 18 cm.",,
,,,,,ISBN : 978-950-07-4447-8,C,LIB. Y PAP. MELLIS
,,,,,,,
,,,,,,,
1118,,,11/28/2013,," Allende, Isabel",,
,,,,,Paula,,
,,,,," Argentina : Ed. Sudamericana, 2013 ; 366 p. ; 18 cm.",,
,,,,,ISVN : 978-950-07-4449-2,C,LIB. Y PAP. MELLIS
,,,,,,,
,,,,,,,
1119,,,11/28/2013,," Galeano, Eduardo",,
,,,,,Nosotros decimos no - Crónicas 1963-1988,,
,,,,,"  Argentina : Ed. Siglo Vaintiuno, 2010 ; 397 p. ; 20 cm.",,
,,,,,ISBN : 978-987-629-325-6,C,LIB. Y PAP. MELLIS
,,,,,,,
,,,,,,,
1120,,,11/28/2013,," Allende, Isabel",,
,,,,,Mi país inventado,,
,,,,," Argentina : Ed. Sudamericana, 2013 ; 219 p. ; 18 cm.",,
,,,,,ISBN : 978-950-07-4448-5,C,LIB. Y PAP. MELLIS
,,,,,,,
,,,,,,,
1121,,,11/28/2013,," Allende, Isabel",,
,,,,,El cuaderno de Maya,,
,,,,," Argentina : Ed. Sudamericana, 2013 ; 442 ; 18 cm.",,
,,,,,ISBN : 978-950-07-4457-7,C,LIB. Y PAP. MELLIS
,,,,,,,
,,,,,,,
1122,,,11/28/2013,," Allende, Isabel",,
,,,,,El Zorro,,
,,,,," Argentina : Ed. Sudamericana, 2013 ; 381 p. ; 18 cm.",,
,,,,,ISBN : 978-950-07-4456-0,C ,LIB. Y PAP. MELLIS
,,,,,,,
,,,,,,,
1123,,,11/28/2013,," Valdettar, Teresita",,
,,,,,Leonardo da Vinci,,
,,,,," Argentina : Ed. Alfaguara, 2013 ; il. ; 137 p. ; 22 cm.",,
,,,,,ISBN :  978-987-04-2960-9,D,MUNICIPIO DE ORO VERDE
,,,,,,,
1124,,,11/28/2013,," Triviño, Consuelo",,
,,,,,Miguel de Cervantes,,
,,,,," Argentina : Ed- Algaguara, 2013 ; il. ; 22 cm.",,
,,,,,ISBN : 978-987-04-2959-3,D,MUNICIPIO DE ORO VERDE
,,,,,,,
,,,,,,,
1125,,,11/28/2013,," Tosi, Carolina",,
,,,,,Abrahan Lincoln,,
,,,,," Argentina : Ed. Alfaguara, 2014 ; il. ; 22 cm.",,
,,,,,ISBN : 978-987-04-2965-4,D,MUNICIPIO DE ORO VERDE
,,,,,,,
,,,,,,,
1126,,,12/5/2013,," Fontanarrosa, Roberto",,
,,,,,Best Seller  Novela,,
,,,,," Argentina : Ed. Planeta, 2013 ; 254 p. 20 cm.",,
,,,,,ISBN : 978-950-49-3671-8,C,LIB. Y PAL. MELLIS
,,,,,,,
,,,,,,,
1127,,,12/5/2013,," Fontanarrosa, Roberto",,
,,,,,No sé si he sido claro y otros cuentos,,
,,,,," Argentina : Ed. Planta, 2013 ; 258 p. ; 20 cm.",,
,,,,,ISBN : 978-950-49-3670-1,C,LIB. Y PAP. MELLIS
,,,,,,,
,,,,,,,
1128,,,12/5/2013,," Allende, Isabel",,
,,,,,La ciudad de las bestias,,
,,,,," Argentina : Ed. Sudamericana, 2013 ; 294 p. ; 18 cm. ",,
,,,,,ISBN : 978-950-07-4451-5,C,LIB. Y PAP. MELLIS
,,,,,,,
,,,,,,,
1129,,,12/5/2013,,"  Galeano, Eduardo",,
,,,,,Ser como ellos y otros artículos,,
,,,,," Argentina : Ed. Siglo Veintiuno, 2010 ; 110 p. ; 20 cm.",,
,,,,,ISBN : 978-987-629-320-4,C,LIB. Y PAP. MELLIS
,,,,,,,
,,,,,,,
1130,,,12/5/2013,," Allende, Isabel",,
,,,,,El plan infinito,,
,,,,," Argentina : Ed. Sudamericana, 2013 ; 410 p. ; 18 cm.",,
,,,,,ISBN : 978-950-07-4450-8,C,LIB. Y PAP. MELLIS
,,,,,,,
,,,,,,,
1131,,,12/5/2013,," Maldonado Helbusch, Gustavo",,
,,,,,Napoleón Bonaparte,,
,,,,," Argentina  Ed. Alfaguara, 2013 ; il. ; 135 p. ; 22 cm.",,
,,,,,ISBN : 978-987-04-2961-6,D,MUNICIPIO DE ORO VERDE
,,,,,,,
,,,,,,,
1132,,,12/19/2103,," Galeano, Eduardo",,
,,,,,La canción de nosotros,,
,,,,," Argentina : Ed. Siglo Veintiuno, 2013 ; 196 p. ; 20 cm.",,
,,,,,ISBN : 978-987-629-318-1,C,LIB. Y PAP. MELLIS
,,,,,,,
,,,,,,,
1133,,,12/19/2013,," Fontanarrosa, Roberto",,
,,,,,Te digo más y otros cuentos,,
,,,,," Argentina : Ed. Planeta, 2013 ; 299 p. ; 20 cm.",,
,,,,,ISVB : 978-950-49-3671-2,C,LIB. Y PAP. MELLIS
,,,,,,,
,,,,,,,
1134,,,12/19/2013,," Fontanarrosa, Roberto",,
,,,,,El mayor de mis defectos y otros cuentos,,
,,,,," Argentina : Ed. Planeta, 2013 ; 276 p. ; 20 cm.",,
,,,,,ISBN : 978-950-49-3675-6,C,LIB. Y PAP. MELLIS
,,,,,,,
,,,,,,,
1135,,,12/19/2013,," Fontanarrosa, Roberto",,
,,,,,Nada del otro mundo,,
,,,,," Argentina : Ed. Plante, 2013 ; 260 p. ; 20 cm.",,
,,,,,ISBN : 978-950-49-3672-5,C,LIB. Y PAP. MELLIS
,,,,,,,
,,,,,,,
1136,,,12/19/2013,," Fontanarrosa, Roberto",,
,,,,,"""La gansada"" Novela",,
,,,,," Argentina : Ed. Planeta, 2013 ; 313 p. ; 20 cm.",,
,,,,,ISBN :978-950-49-3668-8,C,LIB. Y PAP. MELLIS
,,,,,,,
,,,,,,,
1137,,,12/19/2013,," Fontanarrosa, Roberto",,
,,,,,Una lección de vida y otros cuentos,,
,,,,," Argentina : Ed. Planeta, 2013 ; 319 p. ; 20 cm.",,
,,,,,ISBN : 978-950-49-3676-3,C,LIB. Y PAP. MELLIS
,,,,,,,
,,,,,,,
1138,,,12/19/2013,," Allende, Isabel",,
,,,,,Afrodita,,
,,,,," Argentina : Ed. Sudamerica, 2014 ; il, ; 323 p. ; 18 cm.",,
,,,,,ISBN : 978-950-07-4455-3,C,LIB. Y PAP. MELLIS
,,,,,,,
,,,,,,,
1139,,,12/19/2013,," Allende, Isabel",,
,,,,,La suma de los días,,
,,,,," Argentina : Ed. Sudamericana, 2014 ; 363 p. ; 18 cm.",,
,,,,,ISBN : 978-950-07-4454-6,C,LIB. Y PAP. MELLIS
,,,,,,,
,,,,,,,
1140,,,12/19/2013,," Allende, Isabel",,
,,,,,El bosque de los pigmeoas,,
,,,,," Argentina : Ed. Sudamericana, 2013 ; 220 p. ; 18 cm.",,
,,,,,ISBN : 978-950-07-4459-9,C,LIB. Y PAP. MELLIS
,,,,,,,
,,,,,,,
1141,,,12/19/2013,," Allende, Isabel",,
,,,,,El reino del dragón de oro,,
,,,,," Argentina : Ed. Sudamericana, 2013 ; 325 p. ; 18 cm.",,
,,,,,ISBN : 978-950-07-4452-2,C,LIB. Y PAP. MELLIS
,,,,,,,
,,,,,,,
1142,,,12/19/2013,," Motta, Sandra",,
,,,,,Isaac Newton,,
,,,,," Argentina : Ed. Alfaguara, 2014 ; il. ; 136 p. ; 22 cm.",,
,,,,,ISBN : 978-987-04-2964-7,D,MUNICIPIO DE ORO VERDE
,,,,,,,
,,,,,,,
1143,,,12/19/2013,," Musa, Marcelo Néstor",,
,,,,,Carlomagno,,
,,,,," Argentina : Ed. Alfaguara, 2014; il. ; 137 p. ; 22 cm.",,
,,,,,ISBN : 978-987-04-2963-0,D,MUNICIPIO DE ORO VERDE
,,,,,,,
,,,,,,,
1144,,,12/19/2014,," Diana, Paris",,
,,,,,Juana de Arco,,
,,,,," Argentina : Ed. Alfaguara, 2014 ; il. ; 136 p. ; 22 cm.",,
,,,,,ISBN : 978-987-04-2963-3,D,MUNICIPIO DE ORO VERDE
,,,,,,,
,,,,,,,
1145,,,1/31/2014,," Fontanarrosa, Roberto",,
,,,,,Inodoro Pereyra el renegau 01-02,,
,,,,," Argentina : Ed. Planeta, 2014 ; il. ; 28 p. ; 14 cm.",,
,,,,,ISBN : 978-950-49-3797-5,C,LIB. Y PAP. MELLIS
,,,,,,,
,,,,,,,
1146,,,1/31/2014,," Fontanarrosa, Roberto",,
,,,,,Inodoro Pereyra el renegau 03-04,,
,,,,," Argentina : Ed. Planeta, 2014 ; il. ; 240 p. ; 14 cm.",,
,,,,,ISBN : 978-950-493796-2,C,LIB. Y PAQP. MELLIS
,,,,,,,
,,,,,,,
1147,,,1/31/2014,," Fontanarrosa, Roberto",,
,,,,,Inodoro Pereyra el renegau 05-06,,
,,,,," Argentina : Ed. Planeta, 2014 ; il. ; 240 p. ; 14 cm.",,
,,,,,ISBN : 978-950-49-3799-9,C,LIB. Y PAP. MELLIS
,,,,,,,
,,,,,,,
1148,,,1/31/2014,," Fontanarrosa, Roberto",,
,,,,,Inodoro Pereyra el renegau 07-08,,
,,,,," Argentina : Ed. Planeta, 2014 ; il, 240 p. ; 14 cm.",,
,,,,,ISBN : 978-950-49-3800-2,C,LIB. Y PAP. MELLIS
,,,,,,,
,,,,,,,
1149,,,1/31/2014,," Fontanarrosa, Roberto",,
,,,,,Inodoro Pereyra el renegao 09-10,,
,,,,," Argentina : Ed. Planta, 2014 ; il. ; 240 p. ; 14 cm.",,
,,,,,ISBN : 978-950-49-3801-9,C,LIB- Y PAP. MELLIS
,,,,,,,
,,,,,,,
1150,,,1/31/2014,," Fontanarrosa, Roberto",,
,,,,,Inodoro Pereyra el renegao 11-12,,
,,,,," Argentina ; ed. Plante, 2014 ; il. ; 240 p. ; 14 cm.",,
,,,,,ISBN : 978-950-49-3802-6,C,LIB. Y PAP. MELLIS
,,,,,,,
,,,,,,,
1151,,,1/31/2014,," Fontanarrosa, Roberto",,
,,,,,Los trenes matan a los autos y otros cuentos,,
,,,,," Argenbtina : Ed. Planteta, 2013  ; 124 p. ; 20 cm. ",,
,,,,,ISBN : 978-950-49-3678-7,C,LIB. Y PAP. MELLIS
,,,,,,,
,,,,,,,
1152,,,1/31/2014,," Fontanarrosa, Roberto",,
,,,,,Uno munca sabe y otros cuentos,,
,,,,," Argentina : Ed. Plante, 2013 ; 348 p. ; 20 cm.",,
,,,,,ISBN : 978-950-49-3694-9,C,"LIB. Y PAP, MELLIS"
,,,,,,,
,,,,,,,
1153,,,1/31/2014,," Fontanarrosa, Roberto",,
,,,,,Puro fútbol Todos sus cuentos de fútbol,,
,,,,," Argentina : Ed. Planta, 2013 ; 217 p. ; 20 cm.",,
,,,,,ISBN : 978-950-49-3677-0,C,LIB. Y PAP. MELLIS
,,,,,,,
,,,,,,,
1154,,,1/31/2014,," Fontanarrosa, Roberto",,
,,,,,El mundo ha vivido equivocado y otros cuentos,,
,,,,," Argentina : Ed. Planeta, 2013 ; 260 p. ; 20 cm.",,
,,,,,ISBN : 978-950-49-3669-5,C,"LIB. Y PAP, MELLIS"
,,,,,,,
,,,,,,,
1155,,,1/31/2014,," Fontanarrosa, Roberto",,
,,,,,La mesa de los galanes y otros cuentos,,
,,,,," Argentina : Ed. Planeta,2013 ; 299 p. ; 20 cm.",,
,,,,,ISBN : 978-950-49-366-4,C,LIB. Y PAP. MELLIS
,,,,,,,
,,,,,,,
1156,,,1/31/2014,," Roberts, Nora",,
,,,,,Colinas negras,,
,,,,," Argentina : Ed. Sudamericana, 2014 ; 509 p. ; 18 cm.",,
,,,,,ISBN : 978-950-07-4629-8,C,LIB. Y PAP. MELLIS
,,,,,,,
,,,,,,,
1157,,,1/31/2014,," Roberts, Nora",,
,,,,,Album de boda,,
,,,,," Argentina : Ed. Sudamericana, 2014 ; 351 p. ; 18 cm. ",,
,,,,,ISBN : 978-950-07-4628-1,C ,LIB. Y PAP. MELLIS
,,,,,,,
,,,,,,,
1158,,,1/31/2014,," Roberts, Nora",,
,,,,,Rosas sin espinas,,
,,,,," Argentina : Ed. Sudamericana, 2014 ; 366 p. ; 18 cm.",,
,,,,,ISBN : 978-950-07-4630-4,C,LIB. Y PAP. MELLIS
,,,,,,,
,,,,,,,
1159,,,1/31/2014,," Roberts, Nora",,
,,,,,La esperanza perfecta,,
,,,,," Argentina : Ed. Sudamericana, 2014 ; 367 p. ; 18 cm.",,
,,,,,,,
,,,,,,,
,,,,,,,
,,,,,ISBN : 978-950-07-4636-6,C,LIB. Y PAP. MELLIS
,,,,,,,
,,,,,,,
1160,,,1/31/2014,," Roberts, Nora",,
,,,,,Para siempre,,
,,,,," Argentina : Ed. Sudamericana, 2014 ; 361 p. ; 18 cm.",,
,,,,,ISBN : 978-950-07-4638-0,C,"LIB, Y PAP. MELLIS"
,,,,,,,
,,,,,,,
1161,,,1/31/2014,," Roberts, Nora",,
,,,,,A medianoche,,
,,,,," Argentina : Ed. Sudamericana, 2014 ; 367 p. ; 18 cm.",,
,,,,,ISBN : 978-950-07-4639-7,C,LIB. Y PAP. MELLIS
,,,,,,,
,,,,,,,
1162,,,1/31/2014,," Roberts, Nora",,
,,,,,,,
,,,,,"  Argentina : Ed. Sudamericana, 2014",,
,,,,,ISBN : ,C,LIB. Y PAP. MELLIS
,,,,,,,
,,,,, ,,
1163,,,1/31/2014,," Roberts, Nora",,
,,,,,Llamaradas,,
,,,,," Argentina : Ed. Sudamericana, 2014 ; 506 p. ; 18 cm.",,
,,,,,ISBN : 978-950-07-4637-3,C,LIB. Y PAP. MELLIS
,,,,,,,
,,,,,,,
1164,,,1/31/2014,," Roberts, Nora",,
,,,,,,,
,,,,," Argentina : Ed. Sudemaricana, 2014",,
,,,,,ISBN : ,C,"LIB. Y PAP, MELLIS"
,,,,,,,
,,,,,,,
1165,,,1/31/2014,," Roberts, Nora",,
,,,,,Emboscada,,
,,,,," Argentina : Ed. Sudamericana, 2014 ; 625 p. ; 18 cm.",,
,,,,,ISBN : 978-950-07-4635-9,C,LIB Y P'AP. MELLIS
,,,,,,,
,,,,,,,
1166,,,1/31/2014,," Roberts, Nora",,
,,,,,Sabor a ti,,
,,,,," Argentina : Ed. Sudamericana, 2014 ; 367 p. ; 18 cm.",,
,,,,,ISBN : 978-950-07-4632-8,C,LIB. Y PAP. MELLIS
,,,,,,,
,,,,,,,
1167,,,1/31/2014,," Roberts, Nora",,
,,,,,Admiración,,
,,,,," Argentina : Ed. Sudamericana, 2014 ; 519 p. ; 18 cm.",,
,,,,,ISBN : 978-950-07-4633-5,C,LIB. Y PAP. MELLIS
,,,,,,,
,,,,,,,
,,,,,,,
,,,,,,,
1168,,,1/31/2014,," Allende, Isabel",,
,,,,,Amor,,
,,,,," Argentina : Ed. Sudamericana, 2014 ; 231 p. ; 18 cm.",,
,,,,,ISBN : 978-950-07-4458-4,C,LIB. Y PAP. MELLIS
,,,,,,,
,,,,,,,
1169,,,1/31/2014,," Valdetarro, Teresita",,
,,,,,Sigmund Freud,,
,,,,," Argentina : Ed. Alfaguara, 2013 ; il. ; 135 p. ; 22 cm.",,
,,,,,ISBN : 978-987-04-2976-0,D,MUNICIPIO DE ORO VERDE
,,,,,,,
,,,,,,,
1170,,,1/31/2014,," Lesser, Ricardo",,
,,,,,Karl Mark,,
,,,,," Argentina : Ed. Alfaguara, 2104 ; il. ; 125 p. ; 22 cm.",,
,,,,,ISBN : 978-987-04-2999-9,D,MUNICIPIO DE ORO VERDE
,,,,,,,
,,,,,,,
1171,,,1/31/2014,," Morilla, Cristian",,
,,,,,Entre Ríos: belleza y encanto de una provincia verde,,
,,,,," Argentina : Ed. Cristian Morilla, 2013 ; il. ; 336 p. ; 30 cm.",,
,,,,, ISBN : 978-987-33-4176-2,D,MUNICIPIO DE ORO VERDE
,,,,,,,
,,,,,,,
1172,,,4/1/2014,,"Kate, Lauren",,
,,,,,Oscuros ,,
,,,,," Argentina : Ed. Sudamericana, 2013 ; 413 p. ; 18 cm.",,
,,,,,ISBN : 978-950-07-4606-9,D,MUNICIPIO DE ORO VERDE
,,,,,,,
,,,,,,,
1173,,,4/1/2014,," Kate, Luaren",,
,,,,,Oscuros El poder de las sombras,,
,,,,," Argentina : Ed. Sudamericana, 2014 ; 428 p. ; 18 cm.",,
,,,,,ISBN : 978-950-07-4607-6,D,MUNICIPIO DE ORO VERDE
,,,,,,,
,,,,,,,
1174,,,4/1/2014,," Kate, Lauren",,
,,,,,Oscuros La trampa del amor,,
,,,,," Argentina : Ed. Sudamericana, 2014 ; 376 p. ; 18 cm.",,
,,,,,ISBN : 978-950-07-4608-3,D,MUNICIPIO DE ORO VERDE
,,,,,,,
,,,,,,,
1175,,,4/1/2014,," Kate, Lauren",,
,,,,,Oscuros La primera maldición,,
,,,,," Argentina : Ed. Sudamericana, 2014 ; 388 p. ; 18 cm.",,
,,,,,ISBN : 978-950-07-4610-6,D,MUNICIPIO DE ORO VERDE
,,,,,,,
,,,,,,,
1176,,,4/1/2014,," Alyson, Noel",,
,,,,,Destino,,
,,,,," Argentina : Ed. Sudamericana, 2014 ; 363 p. ; 18 cm.",,
,,,,,ISBN : 978-950-07-4605-2,D,MUNICIPIO DE ORO VERDE
,,,,,,,
,,,,,,,
1177,,,4/1/2014,," Alyson, Noel",,
,,,,,Tinieblas,,
,,,,," Argentina : Ed. Sudamericana, 2013 ; 398 p. ; 18 cm.",,
,,,,,ISBN : 978-950-07-4602-1,D,MUNICIPIO DE ORO VERDE
,,,,,,,
,,,,,,,
1178,,,4/1/2014,," Alyson, Noel",,
,,,,,Espejismos,,
,,,,," Argentina : Ed. Sudamericana, 2013 ; 363 p. ; 18 cm.",,
,,,,,ISBN : 978-950-07-4601-4,D,MUNICIPIO DE ORO VERDE
,,,,,,,
,,,,,,,
1179,,,4/1/2014,," Alyson, Noel",,
,,,,,Tentación,,
,,,,," Argentina : Ed. Sudamericana, 2014 ; 345 p. ; 18 cm.",,
,,,,,ISBN : 978-950-07-4603-8,D,MUNICIPIO DE ORO VERDE
,,,,,,,
,,,,,,,
1180,,,4/1/2014,," Alyson, Noel",,
,,,,,Desafío,,
,,,,," Argentina : Ed. Sudamericana, 2014 ; 331 p. ; 18 cm.",,
,,,,,ISBN : 978-950-07-4604-5,D,MUNICIPIO DE ORO VERDE
,,,,,,,
,,,,,,,
1181,,,4/1/2014,," Alyson, Noel",,
,,,,,Eternidad,,
,,,,," Argentina : Ed. Sudemaricana, 2013 ; 373 p. ; 18 cm.",,
,,,,,ISBN : 978-950-07-4600-7,D,MUNICIPIO DE ORO VERDE
,,,,,,,
,,,,,,,
1182,,,4/1/2014,," Kate, Lauren",,
,,,,,La eternidad y un dia,,
,,,,," Argentina : Ed. Sudamericana, 2014 ; 176 p. ; 18 cm.",,
,,,,,ISBN : 978-950-07-4609-0,D,MUNICIPIO DE ORO VERDE
,,,,,,,
,,,,,,,
1183,,,4/1/2014,," Gray, Claudia",,
,,,,, Adicción,,
,,,,," Argentina : Ed. Sudamericana, 2013 ; 343 p. ; 18 cm.",,
,,,,,ISBN :978-950-07-4596-3,D,MUNICIPIO DE ORO VERDE
,,,,,,,
,,,,,,,
1184,,,4/1/2014,," Gray, Claudia",,
,,,,,Despedida,,
,,,,," Argentina : Ed. Sudamericana, 2013 ; 334 p. ; 18 cm.",,
,,,,,ISBN : 978-950-07-4597-0,D,MUNICIPIO DE ORO VERDE
,,,,,,,
,,,,,,,
1185,,,4/1/2014,," Grey, Claudia",,
,,,,,Renacer,,
,,,,," Argentina : Ed. Sudamericana, 2013 ; 380 p. ; 18 cm.",,
,,,,,ISBN : 978-950-07-4598-7,D,MUNICIPIO DE ORO VERDE
,,,,,,,
,,,,,,,
1186,,,4/1/2014,," Grey, Claudia",,
,,,,,Balthazar,,
,,,,," Argentina : Ed. Sudemaricana, 2013 ; 364 p. ; 18 cm.",,
,,,,,ISBN : 978-950-07-4599-4,D,MUNICIPIO DE ORO VERDE
,,,,,,,
,,,,,,,
1187,,,4/1/2014,," Gray, Claudia",,
,,,,,Medianoche,,
,,,,," Argentina : Ed. Sudamericana, 2013 ; 359 p. ; 18 cm.",,
,,,,,ISBN : 978-950-4595-6,D,MUNICIPIO DE ORO VERDE
,,,,,,,
,,,,,,,
1188,,,00/04/2014,," Vladimir Diaconu, Alina",,
,,,,,Buda,,
,,,,," Argentina : Ed. Alfaguara, 2014 ; il. ; 134 p. ; 22 cm. ",,
,,,,,ISBN : 978-987-04-2967-8,D,MUNICIPIO DE ORO VERDE
,,,,,,,
,,,,,,,
1189,,,4/22/2014,," Fontanarrosa, Roberto",,
,,,,,Inodoro Pereyra 15-16,,
,,,,," Argentina : Ed. Planeta, 2014 ; il. ; 240 p. ;  15 cm.",,
,,,,,ISBN : 978-950-49-3804-0,C,LIB. Y PAP. MELLIS
,,,,,,,
,,,,,,,
1190,,,4/22/2014,," Fontanarrosa, Roberto",,
,,,,,Inodoro Pereyra 13-14,,
,,,,," Argentina : Ed. Planeta, 2014 ; il. ; 240 p. ; 15 cm.",,
,,,,,ISBN : 978-950-49-3803-3,C,LIB. Y PAP. MELLIS
,,,,,,,
,,,,,,,
1191,,,4/22/2014,," Fontanarrosa, Roberto",,
,,,,,Inodoro Pereyra 18-18,,
,,,,," Argentina : Ed. Planeta, 2014 ; il. ; 240 p. ; 15 cm.",,
,,,,,ISBN : 978-950-49-3805-7,C,LIB. Y PAP. MELLIS
,,,,,,,
,,,,,,,
1192,,,4/22/2014,," Tolkien, John Ronald Reuen",,
,,,,,Roverandom,,
,,,,," Argentina . Ed. Minotauro, 2014 ; il. ; 76 p. ; 20 cm.",,
,,,,,ISBN : 978-950-547-168-3,C,LIB. Y PAP. MELLIS
,,,,,,,
,,,,,,,
1193,,,4/22/2014,," Tolkien, John Ronald Reuen",,
,,,,,Los hijos de Hurin,,
,,,,," Argentina : Ed. Minotauro, 2014 ; il. ; 275 p. : 20 cm.",,
,,,,,ISBN : 978-950-547-167-6,C,LIB. Y PAP. MELLIS
,,,,,,,
,,,,,,,
1194,,,4/22/2014,," Tolkien, John Ronald Reuen",,
,,,,,El Silmarillion,,
,,,,," Argentina : Ed. Minotauro, 2014 ; 432 p, ; 20 cm.",,
,,,,,ISBN : 978-950-547-166-9,C,LIB. Y PAP. MELLIS
,,,,,,,
,,,,,,,
1195,,,4/22/2014,," Roberts, Nora",,
,,,,,Aurora Boreal,,
,,,,," Argentina : Ed. Sudamericana, 2014 ; 495 p. ; 18 cm. ",,
,,,,,ISBN : 978-950-07-4642-7,C,LIB. Y PAP. MELLIS
,,,,,,,
,,,,,,,
1196,,,4/22/2014,," Tolkien, John Ronald Reuen",,
,,,,,El señor de los anillos el retorno del rey,,
,,,,," Argentina : Ed. Minotauro,2014 ; 603 p. ; 20 cm.",,
,,,,,ISBN : 978-950-547-164-5,C ,LIB. Y PAP. MELLIS
,,,,,,,
,,,,,,,
1197,,,4/22/2014,," Roberts, Nora",,
,,,,,Sola ante el peligro,,
,,,,," Argentina : Ed. Sudamericana, 2014 ; 557 p. ; 18 cm.",,
,,,,,ISBN : 978-950-07-4643-4,C ,LIB. Y PAP. MELLIS
,,,,,,,
,,,,,,,
1198,,,4/22/2014,," Roberts, Nora",,
,,,,,Jugando con fuego,,
,,,,," Argentina : Ed. Sudamericana,2014 ; 520 p. ; 18 cm.",,
,,,,,ISBN : 978-950-07-4641-3,C,LIB. Y PA. MELLIS
,,,,,,,
,,,,,,,
,,,,,,,
1199,,,4/22/2014,, Nik,,
,,,,,Los clásicos de Gaturro,,
,,,,,D'Artagat y los tres mosqueteros ,,
,,,,," Argentina : Ed. Sudamericana, 2014 ; il. ; 31 p. ; 24 cm.",,
,,,,,ISBN : 978-950-07-4681-6,C,LIB. Y PAP. MELLIS
,,,,,,,
,,,,,,,
1200,,,4/22/2014,, Nik,,
,,,,,Los clásicos de Gaturro,,
,,,,,Sandokat,,
,,,,," Argentina : Ed. Sudamericana, 2014 ; il. ; 31 p. ; 24 cm.",,
,,,,,ISBN : 978-950-07-4680-9,C,LIB. Y PAP. MELLIS
,,,,,,,
,,,,,,,
1201,,,4/22/2014,, Nik,,
,,,,,Los Clásicos de Gaturro,,
,,,,,Gatock holmes,,
,,,,," Argentina : Ed. Sudamericana, 2014 ; il. ; 31 p. ; 24 cm.",,
,,,,,ISBN : 978-950-07-4678-6,C,LIB. Y PAP. MELLIS
,,,,,,,
,,,,,,,
1202,,,4/22/2014,, Nik,,
,,,,,Los clásicos de Gaturro,,
,,,,,Las aventuras de gatulises,,
,,,,," Argentina : Ed. Sudamericana, 2014 ; il. ; 31 p. ; 24 cm.",,
,,,,,ISBN : 978-950-07-4677-9,C,LIB. Y PAP. MELLIS
,,,,,,,
,,,,,,,
1203,,,5/20/2014,," Fontanarrosa, Roberto",,
,,,,,Fontanarrosa y el fútbol Fontanarrosa de penal,,
,,,,," Argentina : Ed. Planeta, 2014 ; il. ; 224 p. ; 14 cm.",,
,,,,,ISBN : 978-950-49-3924-5,C,LIB. Y PAP. MELLIS
,,,,,,,
,,,,,,,
1204,,,5/20/2014,," Fontanarrosa, Roberto",,
,,,,,Inodoro Pereyra el renegau 23-24,,
,,,,," Argentina : Ed. Planes, 2014 ; il. ; 224 p. ; 14 cm.",,
,,,,,ISBN : 978-950-49-3808-8,C ,LIB. Y PAP. MELLIS
,,,,,,,
,,,,,,,
1205,,,5/20/2014,," Fontanarrosa, Roberto",,
,,,,,El sexo de Fontanarrosa el segundo sexo de Fontanarrosa,,
,,,,," Argentina : Ed. Planeta, 2014 ; il. ; 200 p. ; 14 cm.",,
,,,,,ISBN : 978-950-49-3925-2,C,LIB. Y PAP. MELLIS
,,,,,,,
,,,,,,,
1206,,,5/20/2014,," Fontanarrosa, Roberto",,
,,,,,Fontanarrosa contra la cultura los clásicos según Fontanarrosa,,
,,,,," Argentina : Ed. Planeta, 2014 ; il. ; 264 p. ; 14 cm.",,
,,,,,ISBN : 978-950-49-3923-8,C,LIB. Y PAP. MELLIS
,,,,,,,
,,,,,,,
1207,,,5/20/2014,," Fontanarrosa, Roberto",,
,,,,,Inodoro Pereyra el renegau 19-20,,
,,,,," Argentina . Ed. Planeta, 2014 ; il. ; 240 p. ; 14 cm.",,
,,,,,ISBN : 978-950-49-3806-4,C,LIB. Y PAP. MELLIS
,,,,,,,
,,,,,,,
1208,,,5/20/2014,," Fontanarrosa, Roberto",,
,,,,,Inodoro Pereyra el renegau 21-22,,
,,,,," Argentina : Ed. Planeta, 2014 ; il. ; 240 p. ; 14 cm.",,
,,,,,ISBN : 978-950-49-3807-1,C,LIB. Y PAP. MELLIS
,,,,,,,
,,,,,,,
1209,,,5/20/2014,," Rivera Quintana, Juan Carlos",,
,,,,,Cristóbal Colón,,
,,,,," Argentina : Ed. Alfaguara, 2014 ; il. ; 129 p. ; 22 cm.",,
,,,,,ISBN : 978-987-04-2969-2,D,MUNICIPIO DE ORO VERDE
,,,,,,,
,,,,,,,
1210,,,5/20/2014,," Sosa, Ricardo Omar",,
,,,,,Wolfgang a. Mozart,,
,,,,," Argentina : Ed. Alfaguara, 2013 ; il. ; 131 p. ; 22 cm.",,
,,,,,ISBN : 978-987-04-2968-5,D,MUNICIPIO DE ORO VERDE
,,,,,,,
,,,,,,,
1211,,,5/20/2014,," Miguens, Silvia",,
,,,,,Marie Curie,,
,,,,," Argentina : Ed. Alfaguara, 2013 ; il. ; 137 p. ; 22 cm.",,
,,,,,ISBN : 978-987-04-2971-5,D,MUNICIPIO DE ORO VERDE
,,,,,,,
,,,,,,,
1212,,,5/20/2014,," Tolkien, John Ronald Reuen",,
,,,,,El hobbit,,
,,,,," Argentina : Ed. Minotauro,2014 ; 285 p. ; 20 cm.",,
,,,,,ISBN : 978-950-547-159-1,C,LIB. Y PAP. MELLIS
,,,,,,,
,,,,,,,
1213,,,5/20/2014,," Tolkien, Jhn Ronald Reuen",,
,,,,,Cuentos inconclusos de númeror la tierra media Parte 1,,
,,,,," Argentia : Ed. Minotauro, 2014 ; 350 p. ; 20 cm.",,
,,,,,ISBN : 978-950-547-173-7,C,LIB. Y PAP. MELLIS
,,,,,,,
,,,,,,,
1214,,,5/20/2014,," Tolkien, John Ronald Reuen",,
,,,,,El señor de los anillos  II Las dos torres,,
,,,,," Argentina . Ed. Minotauro, 2014 ; 476 p. ; 20 cm.",,
,,,,,ISBN : 978-950-547-162-1,C,LIB. Y PAP. MELLIS
,,,,,,,
,,,,,,,
1215,,,5/20/2014,," Tolkien, John Ronald Reuen",,
,,,,,Cuentos desde el reino peligroso II,,
,,,,," Argentina : Ed. Minotauro, 2014 ; il. ; 324 p.20 cm.",,
,,,,,ISBN : 978-950-547-169-0,C,LIB. Y PAP. MELLIS
,,,,,,,
,,,,,,,
1216,,,5/20/2014,," Roberts, Nora",,
,,,,,Cita con el pasado,,
,,,,," Argentina : Ed. Sudamericana, 2014 ; 477 p. ; 18 cm.",,
,,,,,ISBN :978-950-07-4647-2,C,LIB. Y PAP. MELLIS
,,,,,,,
,,,,,,,
1217,,,5/20/2014,," Roberts, Nora",,
,,,,,El secreto de una dama,,
,,,,," Argentina : Ed. Sudamericana, 2014 ; 557 p. ; 18 cm.",,
,,,,,ISBN : 978-950-07-4644-1,C,LIB. Y PAP. MELLIS
,,,,,,,
,,,,,,,
1218,,,5/20/2014,," Roberts, Nora",,
,,,,,Un sueño atrevido,,
,,,,," Argentina . Ed. Sudamericana, 2014 ; 426 p. ; 18 cm.",,
,,,,,ISBN : 978-950-07-4645-8,C,LIB. Y PAP. MELLIS
,,,,,,,
,,,,,,,
1219,,,5/20/2014,," Roberts, Nora",,
,,,,,El santuario,,
,,,,," Argentina : Ed. Sudamericana,2014 ; 526 p. ; 18 cm.",,
,,,,,ISBN : 978-950-07-4645-5,C,LIB. Y PAP. MELLIS
,,,,,,,
,,,,,,,
1220,,,6/7/2014,," Balbiano, Alejandro Jose",,
,,,,,Charles Darwin,,
,,,,," Argentina : Ed. Alfaguara, 2014 ; il. ; 138 p. ; 22 cm.",,
,,,,,ISBN : 978-987-04-2975-3,D,MUNICIPIO DE ORO VERDE
,,,,,,,
,,,,,,,
1221,,,6/7/2014,," Roberts, Nora",,
,,,,,Dalia azul,,
,,,,," Argentina : Ed. Sudamericana,2014 ; 382 p. ; 18 cm.",,
,,,,,ISBN : 978-950-07-4807-0,C,LIB. Y PAP. MELLIS
,,,,,,,
,,,,,,,
1222,,, 07/06/2014,," Roberts, Nora",,
,,,,,Lirio rojo,,
,,,,," Argentina : Ed. Sudamericana, 2014; 363 p. ; 18 cm.",,
,,,,,ISBN : 978-950-07-4809-4,C,LIB. Y PAP. MELLIS
,,,,,,,
,,,,,,,
1223,,,6/7/2014,," Roberts, Nora",,
,,,,,Rosa negra,,
,,,,," Argentina : Ed. Suidamericana, 2014 ; 383 p. ; 18 cm.",,
,,,,,ISBN : 978-950-07-4808-7,C,LIB. Y PAP.MELLIS
,,,,,,,
,,,,,,,
1224,,,6/7/2014,," Roberts, Nora",,
,,,,,Valle de sombras,,
,,,,," Argentina : Ed. Sudamericana, 2014 ;  587 p. ; 18 cm.",,
,,,,,ISBN : 978-950-07-4810-0,C,LIB. Y PAP. MELLIS
,,,,,,,
,,,,,,,
1225,,,6/7/2014,," Tolkien, John Ronald Reuen ",,
,,,,,Cuentos inconclusos de númeror y la tierra II,,
,,,,," Argentina : Ed.Minitauro, 2014 ; 202 p. ; 20 cm.",,
,,,,,ISBN : 978-950-547-174-4,C,LIB. Y PAP. MELLIS
,,,,,,,
,,,,,,,
1226,,,6/7/2014,," Fontanarrosa, Robert",,
,,,,,Fontanarrosa y la inseguridad Fontanarrosa y la política,,
,,,,," Argentina : Ed. Planeta, 2014 ; il. ; 208 p. ; 14 cm.",,
,,,,,ISBN : 978-950-49-3928-3,C,LIB. Y PAP. MELLIS
,,,,,,,
,,,,,,,
1227,,,6/7/2014,," Fontanarrosa, Roberto",,
,,,,,¿Quién es Fontanarrosa?,,
,,,,," Argentina : Ed. Planeta, 2014 ; il. ; 200 p. ; 14 cm.",,
,,,,,ISBN : 978-950-49-3927-6,C,LIB. Y PAP. MELLIS
,,,,,,,
,,,,,,,
1228,,,6/7/2014,," Fontanarrosa, Roberto",,
,,,,,Fontanarrosa y la pareja Fontanarrosa y los médicos,,
,,,,," Argentina : Ed. Planes, 2014 , il. ; 208 p. ; 14 cm.",,
,,,,,ISBN : 978-950-49-3926-9,C,LIB. Y PAP. MELLIS
,,,,,,,
,,,,,,,
1229,,,6/7/2014,, Nik,,
,,,,,Los clásicos de Gaturro,,
,,,,,La isla del tesoro,,
,,,,," Argentina : Ed. Sudamericana, 2014 ; il ; 31 p. ; 24 cm.",,
,,,,,ISBN : 978-950-07-4685-0,C,LIB. Y PAP. MELLIS
,,,,,,,
,,,,,,,
1230,,,6/7/2014,, Nik,,
,,,,,Los clásicos de Gaturro,,
,,,,,Gaturromeo y Julieta,,
,,,,," Argentina : Ed. Sudamericana, 2014 ; il. ; 31 p. ; 24 cm.",,
,,,,,ISBN : 978-950-07-4679-3,C,LIB. Y PAP. MELLIS
,,,,,,,
,,,,,,,
1231,,,6/7/2014,, Nik,,
,,,,,Los clásicos de Gaturro,,
,,,,,Gatinson Crusoe,,
,,,,," Argentina : Ed. Sudamericana, 2014 ; il. ; 31 p. ; 24 cm.  ",,
,,,,,ISBN : 978-950-4682-3,C,LIB. Y PAP. MELLIS
,,,,,,,
,,,,,,,
1232,,,6/7/2014,, Nik,,
,,,,,Los clásicos de Gaturro,,
,,,,,Gaturrenstein,,
,,,,," Argentina : Ed. Sudamericana, 2014 , il. ; 31 p. ; 24 cm.",,
,,,,,ISBN : 978-950-07-4687-8,C,LIB. Y PAP. MELLIS
,,,,,,,
,,,,,,,
1233,,,6/7/2014,," Echeverría, Daniela",,
,,,,,Winston Churchill,,
,,,,," Argentina : Ed. Alfaguara, 2013 ; il. ; 138 p. ; 22 cm.",,
,,,,,ISBN : 978-987-04-2970-8,D,MUNICIPIO DE ORO VERDE
,,,,,,,
,,,,,,,
1234,,,6/7/2014,," Pérgola, Laura Andres",,
,,,,,Martín Luther King,,
,,,,," Argentina : Ed. Alfaguara, 2014 ; il. ; 138 p.; 22 cm.",,
,,,,,ISBN : 978-987-04-2958-6,D,MUNICIPIO DE ORO VERDE
,,,,,,,
,,,,,,,
1235,,,0707/2014,, Nik,,
,,,,,Losclásicos de gaturro - El rey gaturro,,
,,,,," Argentina : Ed- sudamericana, 2004 ; il. ; 31 p. ; 25 cm.",,
,,,,,ISBN : 978-950-07-4686-1,C,LIB. Y PAP. MELLIS
,,,,,,,
,,,,,,,
1236,,,7/7/2014,, Nik,,
,,,,,Los clásicos de gaturro - El fantasma de gaterville,,
,,,,," Argentina : Ed. Sudamericana, 2014 ; il. ; 31 p. ; 25 cm.",,
,,,,,ISBN : 978-950-07-4684-7,C,LIB. Y PAP. MELLIS
,,,,,,,
,,,,,,,
1237,,,7/7/2014,," Fontanarrosa, Roberto",,
,,,,,Fontanarrosa el fútbol es sagrado,,
,,,,," Argentina : Ed. Planeta, 2014 ; il. ; 120 p. ; 14 cm.",,
,,,,,ISBN : 978-950-49-3929-0,C,LIB. Y PAP. MELLIS
,,,,,,,
,,,,,,,
1238,,,7/7/2014,," Roberts, Nora",,
,,,,,La testigo,,
,,,,," Argentina : Ed. Sudamericana, 2014 ; 508 p. ; 18 cm.",,
,,,,,ISBN : 978-950-07-4814-8,C,LIB. Y PAP. MELLIS
,,,,,,,
,,,,,,,
1239,,,7/7/2014,," Roberts, Nora",,
,,,,,Compartir un sueño,,
,,,,," Argentina : Ed. Sudamericana, 2014 ; 398 p. ; 18 cm.",,
,,,,,ISBN : 978-950-07-4811-7,C,LIB. Y PAP. MELLIS
,,,,,,,
,,,,,,,
1240,,,7/7/2014,," Roberts, Nora",,
,,,,,En busca de un sueño,,
,,,,," Argentina : Ed. Sudamericana, 2014 ; 399 p. ; 18 vm.",,
,,,,,ISBN : 978-950-07-4812-4,C,LIB. Y PAP. MELLIS
,,,,,,,
,,,,,,,
1241,,,7/7/2014,," Orwell, George",,
,,,,,Rebelión en la granja,,
,,,,," Argentina : Ed. Cántaro, 2013 ; 156 p. ; 18 cm. ; ",,
,,,,,ISBN : 978-950-753-253-5,C,LIB. Y PAP. MELLIS
,,,,,,,
,,,,,,,
1242,,,11/0/2014,," Lacan, Jacques",,
,,,,,Escritos 1,,
,,,,," Argentina : Ed. Siglo Veintiuno, 2014 ; 220 p. ; 22 cm.",,
,,,,,ISBN : 978-987-629-393-8,D,MUNICIPIO DE ORO VERDE
,,,,,,,
,,,,,,,
1243,,,7/11/2014,," Foucault, Michel",,
,,,,,Historia de la sexualidad,,
,,,,," Argentina : Ed. Siglo Veintiuno, 2014 ; 152 p. ; 22 cm.",,
,,,,,ISBN : 978-987-629-381-5,D,MUNICIPIO DE ORO VERDE
,,,,,,,
,,,,,,,
1244,,,7/11/2014,," Barthes, Roland",,
,,,,,Fragmentos de un discurso amoroso,,
,,,,," Argentina : Ed. Siglo Veintiuno, 2014 ; 294 p. ; 22 cm.",,
,,,,,ISBN : 978-987-629-374-7,D,MUNICIPIO DE ORO VREDE
,,,,,,,
,,,,,,,
1245,,,7/11/2014,," Todorov, Tzvetan",,
,,,,,La conquista de América,,
,,,,," Argentina : Ed. Siglo Veintiuno, 2014 ; 319 p. ; 22 cm.",,
,,,,,ISBN : 978-987-629-382-2,D,MUNICIPIO DE ORO VERDE
,,,,,,,
,,,,,,,
1246,,,7/11/2014,," Barthes, Roland",,
,,,,,Mitologías,,
,,,,," Argentina : Ed. Siglo Veintiuno, 2014 ; 256 p. ; 22 cm.",,
,,,,,ISBN : 978-987-629-385-3,D,MUNICIPIO DE ORO VERDE
,,,,,,,
,,,,,,,
1247,,,7/11/2014,," Freire, Paulo",,
,,,,,Cartas a quien pretende enseñar,,
,,,,," Argentina : Ed. Siglo Veintiuno, 2014 ; 151 p. ; 22 cm.",,
,,,,,ISBN : 978-987-629-384-6,D,MUNICIPIO DE ORO VERDE
,,,,,,,
,,,,,,,
1248,,,7/11/2014,," Bourdieu, Pierre - Passeron, Jean-Claude",,
,,,,,Los herderos,,
,,,,," Argentina : Ed. Siglo Veintiuno, 2014 ; 189 p. ; 22 cm.-",,
,,,,,ISBN :978-987-629-383-9,D,MUNICIPIO DE ORO VERDE
,,,,,,,
,,,,,,,
1249,,,7/11/2014,," Foucault, Michel",,
,,,,,Las palabras y las cosas,,
,,,,," Argentina : Ed. Sudamericana, 2014 ; 398 p. ; 22 cm.",,
,,,,,ISBN : 978-987-629-412-6,D ,MUNICIPIO DE ORO VERDE
,,,,,,,
,,,,,,,
1250,,,7/11/2014,," Bourdieu, Pierre",,
,,,,,Las estrategias de la reproducción social,,
,,,,," Argentina : Ed. Siglo Veintiuno, 2014 ; 224p. ; 22 cm.",,
,,,,,ISBN : 978-987-629-413-3,D,MUNICIPIO DE ORO VERDE
,,,,,,,
,,,,,,,
1251,,,7/11/2014,," Bourdieu, Pierre",,
,,,,,El Sentido social del gusto,,
,,,,," Argentina : Ed. Siglo Veintiuno, 2014 ; 282 p. ; 22 cm.",,
,,,,,ISBN : 978-987-629-380-8,D,MUNICIPIO DE ORO VERDE
,,,,,,,
,,,,,,,
1252,,,7/11/2014,," Gramsci, Antonio",,
,,,,,Atoligía Volumen 1,,
,,,,," Argentina : Ed. Siglo Veintiuno, 2014 ; 208 p. ; 22 cm.",,
,,,,,ISBN : 978-987-629-414-0,D,MUNICIPIO DE ORO VERDE
,,,,,,,
,,,,,,,
1253,,,7/11/2014,," Artundo, Patricia M., Battiti, Florencia",,
,,,,,Xul Solar  - Pintores Argentinos,,
,,,,," Argentina : Ed. Aguilar, 2014 ; il. ; 32 p. ; 30 cm.",,
,,,,,ISBN : 978-987-04-3479-5,D ,MUNICIPIO DE ORO VERDE
,,,,,,,
,,,,,,,
1254,,,7/11/2014,," Giunta, Andrea",,
,,,,,Antonio Verni  - Pintores Argentinos,,
,,,,," Argentina : Ed. Aguilar, 2014 ; il. ; 32 p. ; 30 cm.",,
,,,,,ISBN : 978-987-04-3532-7,D,MUNICIPIO DE ORO VERDE
,,,,,,,
,,,,,,,
1255,,,7/11/2014,," Battiti, Florencia",,
,,,,,Benito Quinquela Martín - Pintores Argentinos,,
,,,,,"Argentina : Ed. Aguilar, 2014 ; il. ; 32 p. ; 30 cm.",,
,,,,,ISBN : 978-987-04-3478-8,D,MUNICIPIO DE ORO VERDE
,,,,,,,
,,,,,,,
1256,,,7/11/2014,," Stowe, Harriet Beecher",,
1257,,,,,La cabaña del tío Tom,,
,,,,,"Ecuador : Ed. Libresa, 2010 ; il. ; 62 p. ; 20 cm.",,
,,,,,ISBN : 978-9978-49-064-8,C,"LIB, Y PAP. MELLIS"
,,,,,,,
,,,,,,,
,,,,,,,
,,,,,,,
,,,,,,,
,,,,,,,
,,,,,,,
,,,,,,,
,,,,,,,
1258,,,7/11/2014,," Sheldon, Sidney",,
,,,,,La conspiración del Juicio Final,,
,,,,,,,
,,,,," Argentina : Ed. Emecé, 2014 ; 332 p. ; 19 cm.",,
,,,,,ISBN : 978-950-04-3611-3,D,MUNICIPIO DE ORO VERDE
,,,,,,,
,,,,,,,
1259,,,7/11/2014,," Sheldon, Sidney",,
,,,,,Más Allá de la medianoche,,
,,,,," Argentina : Ed. Emecé, 2014 ; 382 p. ; 19 cm.",,
,,,,,ISBN : 978-950-04-3610-6,D,MUNICIPIO DE ORO VERDE
,,,,,,,
,,,,,,,
1260,,,7/11/2014,,"  Sheldon, Sidney",,
,,,,,El precio de la intriga,,
,,,,," Argentina : Ed. Emecé, 2014 ; 478 p. ; 19 cm.",,
,,,,,ISBN : 978-950-04-3609-0,D,MUNICIPIO DE ORO VERDE
,,,,,,,
,,,,,,,
1261,,,7/11/2014,," Sheldon, Sidney",,
,,,,,Cuéntame tus sueños,,
,,,,," Argentina : Ed. Emecé, 2014 ; 292 p. ; 19 cm.",,
,,,,,ISBN : 978-950-04-3612-0,D,MUNICIPIO DE ORO VERDE
,,,,,,,
,,,,,,,
1262,,,7/11/2014,," Sabato, Ernesto",,
,,,,,Antes del fin,,
,,,,," Argentina . Ed. Seix Barra, 2011 ; 173 p. ; 20 cm.",,
,,,,,ISBN : 978-950-731-686-9,D,MUNICIPIO DE ORO VERDE
,,,,,,,
,,,,,,,
1263,,,7/11/2014,," Sabato, Ernesto",,
,,,,,Abaddón el exterminador parte 1,,
,,,,," Argentina : Ed. Seix Barral, 2011 ; 216 p. ; 20 cm.",,
,,,,,ISBN : 978-950-731-687-6,D,MUNICIPIO DE ORO VERDE
,,,,,,,
,,,,,,,
1264,,,7/11/2014,," Sabato, Ernesto",,
,,,,,Abddón el ezterminador parte 2,,
,,,,," Argentina : Ed. Seix Barral, 2011 ; 430 p. ; 20 cm. ",,
,,,,,ISBN : 978-950-731-688-3,D,MUNICIPIO DE ORO VERDE
,,,,,,,
,,,,,,,
1265,,,7/11/2014,," Sabato, Ernesto",,
,,,,,Informe sobre ciegos,,
,,,,," Argentina : Ed. Seix Barral, 2011 ; 230 p. ; 20 cm.",,
,,,,,ISBN : 978-950-731-691-3,D,MUNICIPIO DE ORO VERDE
,,,,,,,
,,,,,,,
1266,,,7/11/2014,," Rafols, Josep María - Riera, Lluis",,
,,,,,La Primera Guerra Mundial cumple 100 años,,
,,,,,El inicio de la guerra 2,,
,,,,," Argentina : Ed. Luppa, 2014 ; il. ; 48 p. ; 23 cm.",,
,,,,,ISBN : 978-84-16000-36-4,D,MUNICIPIO DE ORO VERDE
,,,,,,,
,,,,,,,
1267,,,7/11/2014,," Rafols, Josep María - Riera Lluis",,
,,,,,La Primera Guerra Mundial cumple 100 años,,
,,,,,Los antecedentes 1,,
,,,,," Argentina : Ed. Luppa, 2014 ; il. ; 47 p. ; 23 cm.",,
,,,,,ISBN : 978-84-16000-35-7,D,MUNICIPIO DE ORO VERDE
,,,,,,,
,,,,,,,
1268,,,7/11/2014,," Rafols, Josep María - Riera, Lluis",,
,,,,,La Primera Guerra Mundial cumple 100 años,,
,,,,,La guerra en el aire 6,,
,,,,,"Argentina : Ed. Luppa, 2014 ; il. ; 48 ; 23 cm.",,
,,,,,ISBN : 978-84-16000-40-1,D,MUNICIPIO DE ORO VERDE
,,,,,,,
,,,,,,,
1269,,,7/11/2014,,"  Rafols, Josep María - Riera, Lluis",,
,,,,,La Primera Guerra Mundial cumple 100 años,,
,,,,,La gran ofensiva 5,,
,,,,,"Argentina : Ed. Luppa, 2014 ; il. ; 48 p. ; 23 cm.",,
,,,,,ISBN : 978-84-16000-39-5,D,MUNICIPIO DE ORO VERDE
,,,,,,,
,,,,,,,
1270,,,7/11/2014,,"  Rafols, Josep María - Riera, Lluis",,
,,,,,La Primera Guerra Mundial cumple 100 años,,
,,,,,A bayoneta calada 4,,
,,,,," Argentina : Ed. Luppa, 2014 ; il. ; 48 p. ; 23 cm.",,
,,,,,ISBN : 978-84-16000-38-8,D,MUNICIPIO DE ORO VERDE
,,,,,,,
,,,,,,,
1271,,,7/11/2014,," Rafols, Josep María - Riera, Lluis",,
,,,,,La Primera Guerra Guerra Mundial cumple100 años,,
,,,,,El frente se estabiliza 3,,
,,,,," Argentina : Ed. Luppa, 2014 ; il. ; 48 p. ; 23 cm.",,
,,,,,ISBN : 978-84-16000-37-1,D,MUNICIPIO DE ORO VERDE
,,,,,,,
,,,,,,,
1272,,,7/11/2014,," Rafols, Josep María - Riera, Lluis",,
,,,,,La Primera Guerra Mundial cumple 100 años,,
,,,,,Leyendas y espías 8,,
,,,,," Argentina : Ed. Luppa, 2014 ; il. ; 48 p. ; 23 cm.",,
,,,,,ISBN : 978-84-16000-42-5,D,MUNICIPIO DE ORO VERDE
,,,,,,,
,,,,,,,
1273,,,7/11/2014,, Anónimo,,
,,,,,Alí Babá y los cuarenta ladrones,,
,,,,," Argentina : Ed. Cántaro, 2014 ; il. ; 140 p. ; 18 cm.",,
,,,,,ISBN : 978-950-753-055-5,C,LIB. Y PAP. MELLIS
,,,,,,,
,,,,,,,
1274,,,7/14/2014,," Roberts, Nora",,
,,,,,La casa en la playa,,
,,,,," Argentina : Ed. Sudamericana, 2014 ; 526 p. ; 18 cm.",,
,,,,,ISBN : 978-950-07-4815-5,C,LIB. Y PAP. MELLIS
,,,,,,,
,,,,,,,
1275,,,7/14/2014,, Nik,,
,,,,,Los clásicos de gaturro - GatuDrácula,,
,,,,," Argentina : Ed. Sudamericana, 2014 ; il. ; 31 p. ; 24 cm.",,
,,,,,ISBN : 978-950-07-4690-8,C,LIB. Y PAP. MELLIS
,,,,,,,
,,,,,,,
1276,,,7/14/2014,," Sheldon, Sidney",,
,,,,,Escrito en las estrellas,,
,,,,," Argentina : Ed. Emecé, 2014 ; 339 p. ; 19 cm.",,
,,,,,ISBN : 978-950-04-3613-7,D,MUNICIPIO DE ORO VERDE
,,,,,,,
,,,,,,,
1277,,,7/14/2014,," Sabato, Ernesto",,
,,,,,Sobre héroes y tubas,,
,,,,," Argentina : Ed. Seix Barral, 2011 ; 485 p. ; 20 cm. ",,
,,,,,ISBN : 978-950-731-685-2,D,MUNICIPIO DE ORO VERDE
,,,,,,,
,,,,,,,
1278,,,7/14/2014,," Gramsci, Antonio",,
,,,,,Antología  - Volumen 1,,
,,,,," Argentina : Ed. Siglo Veintiuno, 2014 ; 208p. ; 22 cm. ",,
,,,,,ISBN : 978-987-629-414-0,D ,MUNICIPIO DE ORO VERDE
,,,,,,,
,,,,,,,
1279,,,7/14/2014,," Ghramsci, Antonio",,
,,,,,Antología - Volumen 2,,
,,,,," Argentina : Ed. Siglo Veintiuno, 2014 ; 520 p. ; 22 cm.",,
,,,,,ISBN : 978-987-629-421-8,D,MUNICIPIO DE ORO VERDE
,,,,,,,
,,,,,,,
1280,,,7/14/2014,," Stacco, Alicia",,
,,,,,Nerón,,
,,,,," Argentina : Ed. Alfaguara, 2013 ; il. ; 134 p. ; 23 cm.",,
,,,,,ISBN :978-987-04-2979-1,D,MUNICIPIO DE ORO VERDE
,,,,,,,
,,,,,,,
1281,,,7/29/2014,," Roberts, Nora",,
,,,,,Tesoros ocultos,,
,,,,," Argentina . Ed. Sudamericana, 2014 ; 572 p. ; 18 cm.",,
,,,,,ISBN : 978-950-07-4813-1,C,LIB. Y PAP. MELLIS
,,,,,,,
,,,,,,,
1282,,,7/29/2014,," Roberts, Nora",,
,,,,,Un secreto a voces,,
,,,,," Argentina : Ed. Sudamericana, 2014 ; 602 p. ; 18 cm.",,
,,,,,ISBN : 978-950-07-4816-2,C,LIB. Y PAP. MELLIS
,,,,,,,
,,,,,,,
1283,,,7/29/2014,," Rafols, Josep María - Riera, Lluis",,
,,,,,La Primera Guerra Mundial cumple 100 años,,
,,,,,Malestar en el frenta,,
,,,,,"  Argentina . Ed. Luppa,2014 ; il. ; 48 p. ; 23 cm. ",,
,,,,,ISBN : 978-84-16000-43-2,D,MUNICIPIO DE ORO VERD
,,,,,,,
,,,,,,,
1284,,,7/29/2014,," Sheldon, Sidney",,
,,,,,La arenas del tiempo,,
,,,,," Argentina : Ed. Emecé, 2014 ; 333p. ; 19 cm.",,
,,,,,ISBN : 978-950-04-3614-4,D,MUNICIPIO DE ORO VERDE
,,,,,,,
,,,,,,,
1285,,,29/07/20114,," De Rojas, Silvia Cristina",,
,,,,,Galileo Galilei,,
,,,,," Argentina : Ed. Alfaguara, 2016 ; il. ; 137 p. ; 23 cm.",,
,,,,,ISBN : 978-987-04-2991-3,D,MUNICIPIO DE ORO VERDE
,,,,,,,
,,,,,,,
1286,,,7/29/2014,," Pacheco, Marcelo",,
,,,,,Fernando Fader  - Pintores Argentinos,,
,,,,," Argentina : Ed. Aguilar, 2014 ; il. ; 32 p. ; 30 cm.",,
,,,,,ISBN : 978-987-04-3533-4,D,MUNICIPIO DE ORO VERDE
,,,,,,,
,,,,,,,
1287,,,8/4/2014,, Nik,,
,,,,,"20,000 leguas de viaje submarino - Clásicos de gaturro",,
,,,,," Argentina : Ed. Sudamericana, 2014 ; il. ; 31 p. ; 24 cm.",,
,,,,,ISBN : 978-950-07-4685-4,C,LIB. Y PAP. MELLIS
,,,,,,,
,,,,,,,
1288,,,8/4/2014,," Dorfman, Ariel - Mattelart, Armand",,
,,,,,Para leer al pato Donald Comunicación de masa y colonialismo,,
,,,,," Argentina : Ed. Siglo Veintiuno, 2009 ; il. ; 179 p. ; 22 cm.",,
,,,,,ISBN : 978-987-629-415-7,D,MUNICIPIO DE ORO VERDE
,,,,,,,
,,,,,,,
,,,,,,,
1289,,,8/4/2014,," Sheldon, Sidney",,
,,,,,"Mañana, Tarde y noche",,
,,,,," Argentina : Ed. Emecé, 2014 ; 270 p. ; 19 cm.",,
,,,,,ISBN : 978-950-04-3615-1,D,MUNICIPIO DE ORO VERDE
,,,,,,,
,,,,,,,
1290,,,8/4/2014,," Piaget, Jean",,
,,,,,La Psicología de la inteligencia,,
,,,,," Argentina . Ed. Siglo Veintiuno, 2013 ; 219 p. ; 22 cm.",,
,,,,,ISBN : 978-987-629-416-4,D,MUNICIPIO DE ORO VERDE
,,,,,,,
,,,,,,,
1291,,,8/4/2014,," Sabato, Ernesto",,
,,,,,El túnel,,
,,,,," Argentina : Ed. Seix Barral, 2011 ; 143 p. ; 20 cm.",,
,,,,,ISBN : 978-950-731-689-0,D,MUNICIPIO DE ORO VERDE
,,,,,,,
,,,,,,,
1292,,,8/4/2014,," Rafols, Josep María - Riera, Lluis",,
,,,,,La Primera Guerra Mundial cumple 100 años,,
,,,,,La revolución rusa,,
,,,,," Argentina : Ed. Luppa, 2014 ; il. ; 48 p. ; 23 cm.",,
,,,,,ISBN : 978-84-16000-44-9,D,MUNICIPIO DE ORO VERDE
,,,,,,,
,,,,,,,
1293,,,8/12/2014,," Roberts, Nora",,
,,,,,La fuerza de la pasión,,
,,,,," Argentina : Ed. Sudamericana, 2014 ; 638 p. ; 18 cm.",,
,,,,,ISBN : 978-950-07-4900-8,C,LIB. Y PAP. MELLIS
,,,,,,,
,,,,,,,
1294,,,8/12/2014,," Roberts, Nora",,
,,,,,Atrapada,,
,,,,," Argentina : Ed. Sudamericana, 2014 ; 286 p. ; 18 cm.",,
,,,,,ISBN : 978-950-07-4899-5,C,LIB. Y PAP. MELLIS
,,,,,,,
,,,,,,,
1295,,,8/12/2014,, Nik,,
,,,,,Gatarzan - los clásicos de gaturro,,
,,,,," Argentina : Ed. Sudamericana, 2014 ; il. ; 31 p. ; 24 cm.",,
,,,,,ISBN : 978-950-07-4689-2,C,LIB. Y PAP. MELLIS
,,,,,,,
,,,,,,,
1296,,,8/12/2014,," Rafols, Josep María - Riera, Lluis",,
,,,,,La Primera Guerra Mundial cumple 100 años,,
,,,,,La guerra en el mar 7,,
,,,,," Argentina : Ed. Luppa, 2014 ; il. ; 48 p. ; 23 cm. ",,
,,,,,ISBN : 978-84-16000-41-8,D,MUNICIPIO DE ORO VERDE
,,,,,,,
,,,,,,,
1297,,,8/12/2014,," Rafols, Josep María - Riera, Lluis",,
,,,,,,,
,,,,,La Primera Guerras Mundial cumple 100 años,,
,,,,,La última ofensiva,,
,,,,," Argentina : Ed. Luppa, 2014 ; il. ; 48 p. ; 23 cm.",,
,,,,,ISBN : 978-84-16000-45-6,D,MUNICIPIO DE ORO VERDE
,,,,,,,
,,,,,,,
1298,,,8/12/2014,," Freire, Paulo",,
,,,,,El grito manso,,
,,,,," Argentina : Ed. Siglo Veintiuno, 2014 ; il. ; 110 p. ; 22 cm.",,
,,,,,ISBN : 978-987-629-41-1,D,MUNICIPIO DE ORO VERDE
,,,,,,,
,,,,,,,
1299,,,8/12/2014,," Sabato, Ernesto",,
,,,,,,,
,,,,,La resistencia,,
,,,,," Argentina : Ed. Seix Barral, 2011 ; 151 p. ; 20 cm.",,
,,,,,ISBN : 978-950-731-690-6,D,MUNICIPIO DE ORO VERDE
,,,,,,,
,,,,,,,
1300,,,8/12/2014,, Sheldon Sidney,,
,,,,,Si hubiera un mañana,,
,,,,," Argentina : Ed. Emecé,2014 ; 349 ; 19 cm.",,
,,,,,ISBN : 978-950-04-36168,D,MUNICIPIO DE ORO VERDE
,,,,,,,
,,,,,,,
1301,,,8/12/2014,," Hughes, María Clara",,
,,,,,Martín Lutero,,
,,,,," Argentina : Ed. Alfaguara, 2013 ; il. ; 22 cm.",,
,,,,,,,
,,,,,ISBN : 978-987-04-2980-7,D,MUNICIPIO DE ORO VERDE
,,,,,,,
,,,,,,,
1302,,,8/12/2014,," Lauria, Adriana",,
,,,,,Emilio Pettoruti -  Pintores Argentinos,,
,,,,," Argentina : Ed. Aguilar, 2014 ; il. ; 32 p. ; 30 cm.",,
,,,,,ISBN : 978-987-04-3585-3,D,MUNICIPIO DE ORO VERDE
,,,,,,,
,,,,,,,
,,,,,,,
,,,,,,,
,,,,,,,
,,,,,,,
,,,,,,,
,,,,,,,
,,,,,,,
,,,,,,,
,,,,,,,
1303,,,8/12/2014,," García Márquez, Gabriel",,
,,,,,Crónica de una muerte anunciada,,
,,,,," Agrentina: Ed. Sudamericana, 2014 ; 136 p. ; 18 cm.",,
,,,,,ISBN : 978-1138-01-6,C,LIB. Y PAP. MELLIS
,,,,,,,
,,,,,,,
1304,,,8/20/2014,," Roberts, Nora",,
,,,,,Las sombras del bosque,,
,,,,," Argentina : Ed. Sudamericana, 2014 ; 521 p. ; 18 cm.",,
,,,,,ISBN : 978-950-07-4901-5,C,LIB. Y PAP. MELLIS
,,,,,,,
,,,,,,,
1305,,,8/20/2014,," Sheldon, Sidney",,
,,,,,Nada es eterno,,
,,,,," Argentina : Ed. Emecé, 2014 ; 301 p. ; 19 cm.",,
,,,,,ISBN : 978-950-04-3617-5,D,MUNICIPIO DE ORO VERDE
,,,,,,,
,,,,,,,
1306,,,8/20/2014,," Lacan,Jacques",,
,,,,,Escritos 1 (segunda parte),,
,,,,," Argentina . Ed. Siglo Veintiuno, 2014 ; 495 p. ; 22 cm.",,
,,,,,ISBN : 978-987-629-418-8,D,MUNICIPIO DE ORO VERDE
,,,,,,,
,,,,,,,
1307,,,8/20/2014,," Plante, Isabel",,
,,,,,Raúl Soldi  Pintores Argentinos,,
,,,,," Argentina : Ed. Aguilar, 2014 ; il. ; 32 p. ; 30 cm.",,
,,,,,ISBN: 978-987-04-3586-0,D,MUNICIPIO DE ORO VERDE
,,,,,,,
,,,,,,,
1308,,,8/25/2014,," Robrets, Nora",,
,,,,,Traiciones,,
,,,,," Argentina : Ed. Sudamericana, 2014 ; 553 p. ; 18 cm.",,
,,,,,ISBN : 978-950-07-4902-2,C,LIB. Y PAP. MELLIS
,,,,,,,
,,,,,,,
1309,,,8/25/2014,, Nik,,
,,,,,Los viajes de gatulliver - los clásicos de gaturro,,
,,,,," Argentina : Ed. Sudamericana, 2014 ; il. ; 31 p. ; 24 cm.",,
,,,,,ISBN : 978-950-07-4688-5,C,LIB. Y PAP. MELLIS
,,,,,,,
,,,,,,,
1310,,,8/25/2014,," Sheldon, Sidney",,
,,,,,¿Tienes miedo a la OSCURIDAD?,,
,,,,," Argentina : Ed. Emecé, 2014 ; 294 p. ; 19 cm.",,
,,,,,ISBN :978-950-04-3618-2,D,MUNICIPIO DE ORO VERDE
,,,,,,,
,,,,,,,
1311,,,8/25/2014,," Foucault, Michel",,
,,,,,"El poder, una bestia margnífica",,
,,,,," Argentina : Ed. Siglo Veintiuno, 2012 ; 285 p. ; 22 cm.",,
,,,,,ISBN : 978-987-629-419-5,D,MUNICIPIO DE ORO VERDE
,,,,,,,
,,,,,,,
1312,,,25/082014,," Alarcón, Pamela",,
,,,,,Jesucristo,,
,,,,," Argentina : Ed. Alfaguara, 2013 ; il. ; 137 p. ;23 cm.",,
,,,,,ISBN : 978-987-04-3000-1,D,MUNICIPIO DE ORO VERDE
,,,,,,,
,,,,,,,
1313,,,8/25/2014,," Sabato, Ernesto",,
,,,,,Uno y el universo,,
,,,,," Argentina . Ed. Seix Barral, 2011 ; 141 p. ; 20 cm.",,
,,,,,ISBN : 978-950-731-692-0,D,MUNICIPIO DE ORO VERDE
,,,,,,,
,,,,,,,
1314,,,8/25/2014,," Rafols, Josep María - Riera, Lluis",,
,,,,,La Primera Guerra Mundial cumple 100 años,,
,,,,,Llega la paz,,
,,,,," Argentina : Ed. Luppa, 2014 ; il. ; 23 cm.",,
,,,,,ISBN : 978-84-16000-46-3,D,MUNICIPIO DE ORO VERDE
,,,,,,,
,,,,,,,
1315,,,9/1/2014,," Herrera, María José",,
,,,,,Pérez Celis - Pintores Argentinos,,
,,,,," Argentina : Ed. Aguilar, 2014 , il. ; 32 p. ; 30 cm.",,
,,,,,ISBN : 978-987-04-3588-4,D,MUNICIPIO DE ORO VERDE
,,,,,,,
,,,,,,,
1316,,,9/1/2014,," Baldasarre, María isabel",,
,,,,,Florencio Molina Campos - Pintores Argentinos,,
,,,,," Argentina : Ed. Aguilar, 2014 ; il. ; 30 cm.",,
,,,,,ISBN : 978-987-04-3587--7,D,MUNICIPIO DE ORO VERDE
,,,,,,,
,,,,,,,
1317,,,9/1/2014,," Roberts, Nora",,
,,,,,Deseo y venganza,,
,,,,," Argentina : Ed.Sudamericana, 2014 ; 478 p. ; 18 cm.",,
,,,,,ISBN : 978-950-07-4903-9,C,LIB. Y PAP. MELLIS
,,,,,,,
,,,,,,,
1318,,,9/1/2014,," Sheldon, Sidney",,
,,,,,Recuerdos de la medianoche,,
,,,,," Argentina : Ed. Emecé, 2014 ; 293 p. ; 19 cm.",,
,,,,,ISBN : 978-950-04-3619-9,D,MUNICIPIO DE ORO VERDE
,,,,,,,
,,,,,,,
1319,,,9/1/2014,," Marx, Karl",,
,,,,,Antología,,
,,,,," Argentina : Ed. Siglo Veintiuno, 2014 ; 359 p. ; 22 cm.",,
,,,,,ISBN : 978-987-629-420-1,D,MUNICIPIO DE ORO VERDE
,,,,,,,
,,,,,,,
1320,,,9/10/2014,," Rossi, Cristina",,
,,,,,Juan Carlos Castagno - Pintores Argentinos,,
,,,,," Argentina . Ed. Aguilar, 2014 ; il. ; 32 p. ; 30 cm.",,
,,,,,ISBN : 978-987-04-3589-1,D,MUNICIPIO DE ORO VERDE
,,,,,,,
,,,,,,,
1321,,,9/10/2014,," Becker, Howard",,
,,,,,Manual de Escritura para Científicos Socilaes,,
,,,,," Argentina : Ed. Siglo Veintiuno, 2014 ; 236 p. ; 22 cm.",,
,,,,,ISBN : 978-987-629-437-9,D,MUNICIPIO DE ORO VERDE
,,,,,,,
,,,,,,,
1322,,,9/10/2014,," Sabato, Ernesto",,
,,,,,Heterodoxia,,
,,,,," Argentina . Ed. Seix Barral, 2012 ; 151 p. ; 19 cm.",,
,,,,,ISBN : 978-950-731-693-7,D,MUNICIPIO DE ORO VERDE
,,,,,,,
,,,,,,,
1323,,,9/10/2014,," Pérgola, Laura Andrea",,
,,,,,Louis Parateur,,
,,,,," Argentina : Ed. Alfaguara, 2013 ; il. ; 136 p. ; 22 cm.",,
,,,,,ISBN : 978-987-04-3001-8,D,MUNICIPIO DE ORO VERDE
,,,,,,,
,,,,,,,
1324,,,9/10/2014,," Roberts, Nora",,
,,,,,Tres destinos,,
,,,,," Argentina . Ed. Sudamericana, 2014 ; 478 p. ; 18 cm.",,
,,,,,ISBN : 978-950-07-4904-6,C,LIB. Y PAP. MELLIS
,,,,,,,
,,,,,,,
1325,,,9/10/2014,," Sheldon, Sidney",,
,,,,,El capricho de los Dioses,,
,,,,," Argentina : Ed. Emecé, 2014 ; 319 p. ; 19 cm.",,
,,,,,ISBN : 978-950-04-3620-5,D,MUNICIPIO DE ORO VERDE
,,,,,,,
,,,,,,,
1326,,,9/17/2014,," Sheldon, Sidney",,
,,,,,Los mejores Planes,,
,,,,," Argentina : Ed. Emecé, 2014 ; 254 p. ; 19 cm.",,
,,,,,ISBN : 978-950-04-3621-2,D,MUNICIPIO DE ORO VERDE
,,,,,,,
,,,,,,,
1327,,,9/17/2014,," Bourdieu, Pierre - Wacquant, Loic",,
,,,,,Una invitación a la Sociología Reflexiva,,
,,,,," Argentina : Ed. Siglo Veintiuno, 2014 ; 412 p. ; 22 cm.",,
,,,,,ISBN : 978-987-629-438-6,D,MUNICIPIO DE ORO VERDE
,,,,,,,
,,,,,,,
1328,,,9/17/2014,," Malosetti, Laura",,
,,,,,Ernesto de la Cárcova - Pintores Argentinos,,
,,,,," Argentina : Ed. Aguilar, 2014 ; il. ; 32 p. ; 30 cm.",,
,,,,,ISBN : 978-987-04-3613-3,D,MUNICIPIO DE ORO VERDE
,,,,,,,
1329,,,9/22/2014,,"Rabossi, cecilia",,
,,,,,Carlos Alonso - Pintores Argentinos,,
,,,,," Argentina : Ed. Aguilar, 2014 ; il. ; 32 p. ; 30 cm.",,
,,,,,ISBN : 978-987-04-3614-0,D,MUNICIPIO DE ORO VERDE
,,,,,,,
1330,,,9/22/2014,," Freire, Paulo - Faundez, Antonio",,
,,,,,Por una Pedagogía de la pregunta,,
,,,,," Argentina : Ed. Siglo Veintiuno, 2013 ; 221 p. ; 22 cm.",,
,,,,,ISBN : 978-987-629-439-3,D,MUNICIPIO DE ORO VERDE
,,,,,,,
1331,,,9/22/2014,," Sheldon, Sidney",,
,,,,,Presentimientos,,
,,,,," Argentina : Ed. Emecé, 2014 ; 263 p. ; 19 cm.",,
,,,,,ISBN : 978-950-04-3622-9,D,MUNICIPIO DE ORO VERDE
,,,,,,,
,,,,,,,
1332,,,9/22/2014,," Sabato, Ernesto",,
,,,,,El escritor y sus fantasmas,,
,,,,," Argentina : Ed. Seix Barral, 2011 ; 223 p. ; 20 cm.",,
,,,,,ISBN : 978-950-731-694-4,D,MUNICIPIO DE ORO VERDE
,,,,,,,
,,,,,,,
1333,,,9/22/2014,," Staco, Alicia",,
,,,,,Miguel Angel,,
,,,,," Argentina : Ed. Aguilar, 2013 ; il. ; 138 p. ; 22 cm.",,
,,,,,ISBN : 978-987-04-2994-4,D,MUNICIPIO DE ORO VERDE
,,,,,,,
,,,,,,,
1334,,,11/6/2014,, Tesoros Infantiles,,
,,,,,Cuentos Clásicos,,
,,,,," Argentina ; Ed. CULTURAL, 2013 ; il. ; 64 p. ; 36 cm.",,
,,,,,ISBN : 9789-950-771-583-9,D,ZARATE MARIANA
,,,,,,,
,,,,,,,
1335,,,1/21/2015,," Foucault, Michel",,
,,,,,La inquietud por la verdad,,
,,,,," Argentina : Ed. Siglo Veintiuno, 2013 ;  265 p. ; 22 cm.",,
,,,,,ISBN : 978-987-629-512-3,D,MUNICIPIO DE ORO VERDE
,,,,,,,
,,,,,,,
1336,,,1/21/2015,," Barthes, Roland",,
,,,,,El grado cero de la escritura,,
,,,,," Argentina : Ed. Siglo Veintiuno, 2003 ; 176 P. ; 22 CM.",,
,,,,,ISBN : 978-987-629-513-0,D,MUNICIPIO DE ORO VERDE
,,,,,,,
,,,,,,,
1337,,,1/21/2015,," Foucault, Michel",,
,,,,,"¿Qué es Usted, Profesor Foucault?",,
,,,,,,,
,,,,," Argentina : Ed. Siglo Veintiuno, 2013 ; 313 p. ; 22 cm.",,
,,,,,ISBN : 978-987-629-492-8,D,MUNICIPIO DE ORO VERDE
,,,,,,,
,,,,,,,
1338,,,1/21/2015,," Freire, Paulo",,
,,,,,Pedagogía de la indignación,,
,,,,," Argentina : Ed. Siglo veintiuno, ",,
,,,,,ISBN : 978-987-629-5,D,MUNICIPIO DE ORO VERDE
,,,,,,,
,,,,,,,
1339,,,1/21/2015,," Battiti, Florencia",,
,,,,,Antonio Seguí - Pintores Argentinos,,
,,,,," Argentina : Ed. Alfaguara, 2014 ; il. ; 32 p. ; 30 cm.",,
,,,,,ISBN : 978-987-04-3677-5,D,MUNICIPIO DE ORO VERDE
,,,,,,,
,,,,,,,
1340,,,1/21/2015,," Rossi, Cristina",,
,,,,,Raúl Loza - Grandes  Pintores Argentinos,,
,,,,," Argentina : Ed. Alfaguara, 2014 ; il. ; 32 p. ; 30 cm.",,
,,,,,ISBN : 978-987-04-3686-7,D,MUNICIPIO DE ORO VERDE
,,,,,,,
,,,,,,,
1341,,,4/29/2015,," Langoni, Ana",,
,,,,,Ricardo Carpani - Grandes Pintores Argentinos,,
,,,,," Argentina : Ed. Alfaguara, 2014 ; il ,, 32 p. ; 30 cm.",,
,,,,,ISBN : 978-987-04-3672-0,D,MUNICIPIO DE ORO VERDE
,,,,,,,
,,,,,,,
1342,,,4/29/2015,," Amigo, Roberto",,
,,,,, Prilidiano Pueyrredón - Grandes Pintores Argentinos,,
,,,,," Argentina : Ed. Alfaguara, 2014 ; il. ; 32 p. ; 30 cm.",,
,,,,,ISBN : 978-987-04-3697-3,D,MUNICIPIO DE ORO VERDE
,,,,,,,
,,,,,,,
1343,,,4/29/2015,," Battiti, Florencia",,
,,,,,KENNETH Kemble - Grandes Pintores Argentinos,,
,,,,," Argentina : Ed. Alfaguara, 2014 : il. ; 32 p. ; 30 cm.",,
,,,,,ISBN : 978-987-04-3681-2,D,MUNICIPIO DE ORO VERDE
,,,,,,,
,,,,,,,
1344,,,4/29/2015,," Wechsler, Diana",,
,,,,,Raquel Forner - Grandes Pintores Argentinos,,
,,,,," Argentina : Ed. Alfaguara, 2014 ; il. ; 32 p. ; 30 cm.",,
,,,,,ISBN : 978-987-04-3683-6,D,MUNICIPIO DE ORO VERDE
,,,,,,,
,,,,,,,
1345,,,4/29/2015,," Bittiti, Florencia",,
,,,,,Cándido López - Grandes Pintores Argentinos,,
,,,,," ARGENTINA : Ed. Alfaguara, 2014 ; il. ; 32 p. ; 30 cm.",,
,,,,,ISBN : 978-987-04-3682-9,D,MUNICIPIO DE ORO VERDE
,,,,,,,
,,,,,,,
1346,,,4/29/2015,," Farina, Fernando",,
,,,,,Fabián Marcaccio - Grandes Pintores Argentinos,,
,,,,," Argentina : Ed. Alfaguara, 2014 ; il. ; 32 p. ; 30 cm.",,
,,,,,ISBN : 978-987-04-3699-7,D,MUNICIPIO DE ORO VERDE
,,,,,,,
,,,,,,,
1347,,,4/29/2015,," Alonso, Rodrigo",,
,,,,,Alberto Greco - Grandes Pintores Argentinos,,
,,,,," Argentina : Ed. Alfaguara, 2014 ; il. ; 32 p. ; 30 cm.",,
,,,,,ISBN : 978-987-04-3700-0,D,MUNICIPIO DE ORO VERDE
,,,,,,,
,,,,,,,
1348,,,4/29/2015,," Fantoni, Guillermo",,
,,,,,Leónidas Gambarte - Grandes Pintores Argentinos,,
,,,,," Argentina : Ed. Alfaguara, 2014 ; il. ; 32 p. ; 30 cm.",,
,,,,,ISBN : 978-987-04-3678-2,D,MUNICIPIO DE ORO VERDE
,,,,,,,
,,,,,,,
1349,,,5/29/2015,," Casanegra, Mercedes",,
,,,,,Luis Felipe Noé - Grandes Pintores Argentinos,,
,,,,," Argentina : Ed. Alfaguara, 2014 ; il. ; 32 p. ; 30 cm.",,
,,,,,ISBN : 978-987-04-3615-7,D,MUNICIPIO DE ORO VERDE
,,,,,,,
,,,,,,,
1350,,,4/29/2015,," Wechsler, Diana",,
,,,,,Lino Enea Spilimbergo - Grandes Pintores Argentinos,,
,,,,," Argentina : Ed. Alfaguara, 2014 ; il. ; 32 p. ; 30 cm.",,
,,,,,ISBN : 978-987-04-3675-1,D,MUNICIPIO DE ORO VERDE
,,,,,,,
,,,,,,,
1351,,,4/29/2015,," Malosetti Costa, Laura",,
,,,,,Eduardo Sívori - Grandes Pintores Argentinos,,
,,,,," Argentina : Ed. Alfaguara, 2014 ; il. ; 32 p. ; 30 cm.",,
,,,,,ISBN : 978-987-04-3676-8,D,MUNICIPIO DE ORO VERDE
,,,,,,,
,,,,,,,
1352,,,4/29/2015,," Pacheco, Marcelo",,
,,,,,Jorge de la Vega - Grandes Pintores Argentinos,,
,,,,," Argenti a : Ed. Alfaguara, 2014 ; il. ; 32 p. ; 30 cm.",,
,,,,,ISBN : 978-987-04-3688-1,D,MUNICIPIO DWE ORO VERDE
,,,,,,,
,,,,,,,
1353,,,4/29/2015,," Cippolini, Rafael",,
,,,,,Juan Del Petre - Grandes Pintores Argentinos,,
,,,,," Argentina : Ed. Alfaguara, 2014 ; il. 32 p. ; 30 cm.",,
,,,,,ISBN : 978-987-04-3690-4,D,MUNICIPIO DE ORO VERDE
,,,,,,,
,,,,,,,
1354,,,4/29/2015,," Pacheco, Marcelo",,
,,,,,Alfredo Guttero - Grandes Pintores Argentinos,,
,,,,," Argentina : Ed. Alfaguara, 2014 ; il. ; 32 p. ; 30 cm.",,
,,,,,ISBN : 978-987-04-3680-5,D,MUNICIPIO DE ORO VERDE
,,,,,,,
,,,,,,,
1355,,,4/29/2015,," Constantín, María Teresa",,
,,,,,Carlos Gorriarena - Grandes Pintores Argentinos,,
,,,,," Argentina : Ed. Alfaguara, 2014 ; il. ; 32 p. ; 30 cm.",,
,,,,,ISBN : 978-987-04-3679-9,D,MUNICIPIO DE ORO VERDE
,,,,,,,
,,,,,,,
1356,,,4/30/2015,," Barthes, Roland",,
,,,,,El placer del texto y lección inaugural,,
,,,,," Argentona : Ed. Siglo Veintiuno, 2014 ; 116 p. ; 22 cm.",,
,,,,,ISBN :978-987-629-488-1,D,MUNICIPIO DE ORO VERDE
,,,,,,,
,,,,,,,
1357,,,4/30/2015,," Foucault, Michel",,
,,,,,Historia de la sexualidad,,
,,,,," Argentina : Ed. Siglo Veintiuno, 2014 ; 269 p. ; 22 cm.",,
,,,,,ISBN : 978-987-629-489-8,D,MUNICIPIO DE ORO VERDE
,,,,,,,
,,,,,,,
1358,,,4/30/2015,," Lacan, Jacques",,
,,,,,Escritos 2,,
,,,,," Argentina : Ed. Siglo Veintiuno, 2014 ; 887 p. ; 22 cm.",,
,,,,,ISBN : 978-987-629-487-4,D,MUNICIPIO DE ORO VERDE
,,,,,,,
,,,,,,,
1359,,,4/30/2015,," Becker, Howard",,
,,,,,Trucos del oficio Cómo condicir su investigación en Ciencias Sociales,,
,,,,," Argentina : Ed. Siglo Veintiuno, 2014 ; 293 p. ; 22 cm.",,
,,,,,ISBN : 978-987-629-441-6,D,MUNICIPIO DE ORO VERDE
,,,,,,,
,,,,,,,
1360,,,4/30/2015,," Freire, Paulo",,
,,,,,PedagogíA de la autonomía Saberes necesarios para la práctica educativa,,
,,,,," Argentina : Ed. Soglo Veintiuno, 2015 ; 136 p. ; 22 cm.",,
,,,,,ISBN : 978-987-629-518-5,D,MUNICIPIO DE ORO VERDE
,,,,,,,
,,,,,,,
,,,,,,,
1361,,,4/30/2015,," Freire, Paulo",,
,,,,,,,
,,,,,,,
,,,,,La educación como práctica de la libertad,,
,,,,," Argentina : Ed. Soglo Veintiuno, 2015 ; 150p. ; 22 cm.",,
,,,,,ISBN978-987-629-514-7,D,MUNICIPIO DE ORO VERDE
,,,,,,,
,,,,,,,
1362,,,4/30/2015,," Dubet, Francois",,
,,,,,¿Para qué sirve realmente la sociología?,,
,,,,," Argentina : Ed. Siglo Veintiuno, 2015 ; 131 p. ; 22 cm.",,
,,,,,ISBN : 978-987-629-517-8,D,MUNICIPIO DE ORO VERDE
,,,,,,,
,,,,,,,
1363,,,4/30/2015,," Bourdieu, Pierre",,
,,,,,La nobleza del Estado - Primera Parte,,
,,,,," Argentina : Ed. Siglo Veintiuno, 2015 ; 261 p. ; 22 cm.",,
,,,,,ISBN : 978-987-629-519-2,D,MUNICIPIO DE ORO VERDE
,,,,,,,
,,,,,,,
1364,,,4/30/2015,," Bourdieu, Pierre",,
,,,,,La nobleza del estado  - Segunda Parte,,
,,,,," Argentina : Ed. Siglo Vientiuno, 2015 ; 548 p. ; 22 cm.",,
,,,,,ISBN : 987-978-629-520-8,D,MUNICIPIO DE ORO VERDE
,,,,,,,
,,,,,,,
1365,,,4/30/2015,," Barthes,Roland",,
,,,,,S/Z,,
,,,,," Argentina : Ed. Siglo Veintiuno, 2015 ; 269 p. ; 22 cm.",,
,,,,,ISBN : 978-987-629-521-5,D,MUNICIPIO DE ORO VERDE
,,,,,,,
,,,,,,,
1366,,,4/30/2015,," Augé, Marc",,
,,,,,El Antrpólogo y el mundo global,,
,,,,," Argentina : Ed. Soglo Veintiuno, 2014 ; 152 p. ; 22 cm.",,
,,,,,ISBN : 978-987-629-494-2,D,MUNICIPIO DE ORO VERDE
,,,,,,,
,,,,,,,
1367,,,4/30/2015,," Bourdieu, Pierre",,
,,,,,El Sentido práctico,,
,,,,," Argentina : Ed, Siglo Veintiuno, 2015 ; 453 p. ; 22 cm.",,
,,,,,ISBN : 978-987-629515-4,D,MUNICIPIO DE ORO VERDE
,,,,,,,
,,,,,,,
1368,,,4/20/2015,," Foucault, Michel",,
,,,,,La Arqueología del Ser,,
,,,,," Argentina : Ed. Siglo Veintiuno, 2015 ; 273 p. ; 22 cm.",,
,,,,,ISBN : 978-987-629-516-1,D,MUNICIPIO DE ORO VERDE
,,,,,,,
,,,,,,,
1369,,,4/30/2015,," Badiou, Alain",,
,,,,,Condociones,,
,,,,," Argentina : Ed. Siglo Veintiuno, 2015 ; 348 p. ; 22 cm.",,
,,,,,ISBN : 978-987-629-522-2,D,MUNICIPIO DE ORO VERDE
,,,,,,,
,,,,,,,
1370,,,4/30/2015,," Barthes, Roland",,
,,,,,El grano de la voz,,
,,,,," Argentina : Ed. Siglo Veintiuno, 2015 ; 312 p. ; 22 cm.",,
,,,,,ISBN : 978-987-629-523-9,D,MUNICIPIO DE ORO VERDE
,,,,,,,
,,,,,,,
1371,,,4/30/2015,," Freire, Paulo - Shor, Ira",,
,,,,,Miedo y osadía,,
,,,,," Argentina : Ed. Siglo Veintiuno, 2014 ; 285 p. ; 22 cm.",,
,,,,,ISBN : 978-987-629-483-6,D,MUNICIPIO DE ORO VERDE
,,,,,,,
,,,,,,,
1372,,,4/30/2014,," Bourdieu,Pierre",,
,,,,,"Capital Cultural,Escuela y Espacio Social",,
,,,,," Argentina : Ed. Siglo Veintiuni, 2014 ; 182 p. ; 22 cm.",,
,,,,,ISBN : 978-987-629-484-3,D,MUNICIPIO DE ORO VERDE
,,,,,,,
,,,,,,,
1373,,,4/30/2015,," Foucault, Michel",,
,,,,,Historia de la sexualidad,,
,,,,," Argentina : Ed. Siglo Veintiuno, 2014 ; 279 p. ; 22 cm.",,
,,,,,ISBN : 978-987-629-482-9,D,MUNICIPIO DE ORO VERDE
,,,,,,,
,,,,,,,
1374,,,4/30/2015,," Corcuff, Philippe",,
,,,,,La nuevas Sociologías,,
,,,,," Argentina : Ed. Siglo Veintiuno, 2014 ; 187 p. ; 22 cm.",,
,,,,,ISBN : 978-987-629-440-9,D,MUNICIPIO DE ORO VERDE
,,,,,,,
,,,,,,,
1375,,,4/30/2015,," Foucault, Michel",,
,,,,,El nacimiento de la Clínica,,
,,,,," Argentina : Ed. Siglo Veintiuno, 2014 ; 272 p. ; 22 cm.",,
,,,,,ISBN : 978-987-629-485-0,D,MUNICIPO DE ORO VERDE
,,,,,,,
,,,,,,,
1376,,,4/30/2015,," Freire, Paulo",,
,,,,,Pedagogía de la esperanza,,
,,,,," Argentina : Ed. Siglo Veintiuno, 2014 ; 273 p. ; 22 cm.",,
,,,,,ISBN : 978-987-629-486-7,D,MUNICIPIO DE ORO VERDE
,,,,,,,
,,,,,,,
1377,,,5/8/2015,," Zuy, Alejandro",,
,,,,,Pío Collivadino - Grandes Pintores Argentinos ,,
,,,,," Argentina : Ed. Alfaguara, 2015 ; il. ; 32 p. ; 30 cm.",,
,,,,,ISBN : 978-987-735-036-4,D,MUNICIPIO DE ORO VERDE
,,,,,,,
,,,,,,,
1378,,,5/8/2015,,"  Cippolini, Rafael",,
,,,,,Alfredo Prior - Grandes Pintores Argentinos,,
,,,,," Argentina : Ed. Alfaguara, 2015 ; il. ; 32 p. ; 30 cm.",,
,,,,,ISBN : 978-987-73-5034-0,D, MUNICIPIO DE ORO VERDE
,,,,,,,
,,,,,,,
1379,,,5/8/2015,," Pacheco, Marcelo",,
,,,,,Miguel Carlos Victorica,,
,,,,," Argentina : Ed. Alfaguara, 2015 ; il. ; 32 p. ; 30 cm.",,
,,,,,ISBN : 978-987735-035-7,D,MUNICIPIO DE ORO VERDE
,,,,,,,
,,,,,,,
1380,,,5/18/2015,," Sánchez, Florencio",,
1381,,,,,M'hijo El Doctor,,
,,,,," Argentin : Ed. Gradifco, 2007 ; 157 p. ; 18 cm. ",,
,,,,,ISBN : 978-987-571-023-8,C,LIB. KLAXIKA
,,,,,,,
,,,,,,,
1382,,,5/18/2015,," Fondevila, Fabiana",,
,,,,,Hbía una vez un botón,,
,,,,," Argentina : Uranit, 2010 ; il. ; 32 p. ; 18 cm.",,
,,,,,ISBN : 978-987-25653-0-5,C,LIB. KLAXIKA
,,,,,,,
,,,,,,,
1383,,,5/18/2015,," Reinaudi, Silvina - Parés, Diego",,
,,,,,"Donoso, el oso pegajoso",,
,,,,," Argentina : Ed. Guadal, 2012 ; il. ;  19 cm. ",,
,,,,,ISBN : 987-1175-63-9,C,LIB. KLAXIKA
,,,,,,,
,,,,,,,
1384,,,5/18/2015,," Reinaudi, Silvina - Parés, Diego",,
,,,,,"Clara, la gallina rara",,
,,,,," Argentina : Ed. Guadal, 2012 ; il. ; 19 cm.",,
,,,,,ISBN : 987-1175-59-0,C,LIB. KLAXIKA
,,,,,,,
,,,,,,,
1385,,,5/18/2015,," Reinaudi, Silvina - Parés, Diego",,
,,,,,"Nicanor, El ñandú madrugador",,
,,,,," Argentina : Ed. Guadal, 2012 ; il. 19 cm.",,
,,,,,ISBN : 987-1175-60-4,C,LIB. KLAXIKA
,,,,,,,
,,,,,,,
1386,,,5/18/2015,," Reinaudi, Silvina - Parés, Diego",,
,,,,,"Ada, la cebrita desconfiada",,
,,,,," Argentina : Ed. Guadal, 2012 ; il. ; 19 cm.",,
,,,,,ISBN : 987-11-75-62-0,C,LIB. KLAXIKA
,,,,,,,
,,,,,,,
1387,,,5/1/2015,," Reinaudi, Silvina - Parés Diago",,
,,,,,"Rosaflor, el coatí trabajador",,
,,,,," Argentina : Ed. Guadal, 2012 ; il. ; 19 cm.",,
,,,,,ISBN : 987-1175-58-2,C,LIB. KLAXIKA
,,,,,,,
,,,,,,,
1388,,,5/18/2015,," Reinaudi, Silvina - Parés, Diego",,
,,,,,"Sivana, la monita haragana",,
,,,,," Argentina : Ed. Guadal, 2012 ; il. ; 19 cm.",,
,,,,,ISBN : 987-1175-56-6,C,LIB. KLAXIKA
,,,,,,,
,,,,,,,
1389,,,5/18/2015,," Reinaudi, Silvina - Parés, Diego",,
,,,,,"Simón, el hipopotamo dormilón",,
,,,,," Argentina : Ed. Guadal, 2012 ; il. ; 19 cm.",,
,,,,,ISBN : 987-1175-57-4,C,LIB. KLAXIKA
,,,,,,,
,,,,,,,
1390,,,5/18/2015,," Reinaudi, Silvana - Parés, Diego",,
,,,,,"Rosaflor , el coatí trabajador",,
,,,,," Argentina : Ed. Guadal, 2012 ; il. ; 19 cm.",,
,,,,,ISBN : 987-1175-58-2,C,LIB. KLAXIKA
,,,,,,,
,,,,,,,
1391,,,5/18/2015,," Reinaudi, Silvana - Parés, Diego",,
,,,,,"Silvana, la minita haragana",,
,,,,," Argentina : Ed. Guadal, 2012 ; il. , 19 cm.",,
,,,,,ISBN : 987-1175-56-6,C,LIB. KLAXIKA
,,,,,,,
,,,,,,,
1392,,,5/18/2015,," Reinaudi, Silvana - Parés, Diego",,
,,,,,"Vera, la cangura aventurera",,
,,,,," Argentina : Ed. Guadal, 2012 ; il. , 19 cm.",,
,,,,,ISBN : 987-1175-61-2,C,LIB. KLAXIKA
,,,,,,,
,,,,,,,
1393,,,5/18/2015,, Peppa Pig,,
,,,,,Fiesta de piyamas,,
,,,,,"Argentina : Ed. Alfaguara, 2014 ; il. ; 21 vm.",,
,,,,,ISBN : 978-987-736-002-8,C,LIB- KLAXIKA
,,,,,,,
,,,,,,,
1394,,,5/18/2015,," Silvestro, Marcela",,
,,,,,Ovejitas figitivas,,
,,,,," Argentina : Ed. URANITA, 2013 ; il. ; 39 p. ; 18 cm.",,
,,,,,ISBN : 978-987-1831-88-3,C,LIB. KLAXIKA
,,,,,,,
,,,,,,,
1395,,,5/18/2015,," Brandán Aráos, María",,
,,,,,Un carrito color sol y la calesita de la otra cuadra,,
,,,,," Argentina : Ed. URANITO, 2012 ; il. ; 39 p. ; 20 cm.",,
,,,,,ISBN : 978-987-1831-14-2,C,LIB. KLAXIKA
,,,,,,,
,,,,,,,
1396,,,5/18/2015,," Zelenar, Judit",,
,,,,,Los colores de Mariana,,
,,,,," Argentina : Ed. URANITO, 2010 ; il. ; 31 p. ; 20 cm.",,
,,,,,ISBN : 978-987-1710-46-1,C,LIB. KLAXIKA
,,,,,,,
,,,,,,,
1397,,,5/18/2015,," Shua, Ana María",,
,,,,,El sapo volador (Leyendas Latinoamericanas),,
,,,,," Argentina : Ed. El gato de hojalata, 2012 ; il. ; 5 p. ; 23 cm. ",,
,,,,,ISBN : 978-987-668-810-9,C,LIB. KLAXIKA
,,,,,,,
,,,,,,,
1398,,,5/18/2015,," Shua, Ana María",,
,,,,,El pájaro de los ojos colorados (Leyebdas Latinoamericanas),,
,,,,," Argentina : Ed. Gato de hojalata, 2012 ; il. ; 5 p. ; 23 cm.",,
,,,,,ISBN : 978-987-668-804-8,C,LIB. KLAXIKA
,,,,,,,
,,,,,,,
1399,,,5/18/2015,," Basch, Adela",,
,,,,,La gran orquesta,,
,,,,," Argentina : Ed. El gato de hojalata, 2012 ; il. ; 23 cm.",,
,,,,,ISBN : 987-1175-15-9,C,LIB. KLAXIKA
,,,,,,,
,,,,,,,
1400,,,5/18/2015,," Shua, Ana María",,
,,,,,Cinco monedas de plata (Cuento popular ruso),,
,,,,," Argentina : Ed. Artemisa, 2010 ; il. ; 8 p. ; 23 cm.",,
,,,,,ISBN : 978-987-1707-65-21,C,LIB. KLAXIKA
,,,,,,,
,,,,,,,
1401,,,5/18/2015,," Shua, Ana María",,
,,,,,El contrabando misterioso (Cuento del cercano oriente),,
,,,,," Argentina : Ed. Artemisa, 2010 ; il. ; 8 p. ; 23 cm.",,
,,,,,ISBN : 978-987-1707-64-5,C,LIB. KLAXIKA
,,,,,,,
,,,,,,,
1402,,,5/18/2015,," Shua, Ana María",,
,,,,,Los Ayaymama ( Leyenda del Perú),,
,,,,," Argentina : Ed. El gato de hojalata, 2012 ; il. ; 8 p. ; 23 cm.",,
,,,,,ISBN : 978-987-668-805-5,C,LIB. KLAXIKA
,,,,,,,
,,,,,,,
1403,,,5/18/2014,," Schujer, Silvia",,
,,,,,El conejo de la galera,,
,,,,," Argetina : Ed. El gato de hojalata, 2012 ; il. ; 8 p. ; 23 cm.",,
,,,,,ISBN : 978-987-1134-25-0,C,LOB. KLAXIKA
,,,,,,,
,,,,,,,
1404,,,5/18/2015,," Schujer, Silvia",,
,,,,,Canguros al sol,,
,,,,," Argentina : Ed. El gato de hojalata, 2012 ; il. ; 8 p. ; 23 cm.",,
,,,,,ISBN : 978-987-1134-24-3,C,LIB. KLAXIKA
,,,,,,,
,,,,,,,
1405,,,5/18/2015,," Schujer, Silvia",,
,,,,,Los ojazos del león,,
,,,,," Argentina : Ed. El gato de hojalata, 3012 ; il. ; 8 p. ; 23 cm.",,
,,,,,ISBN : 978-987-1134-23-6,C,LIB. KLAXIKA
,,,,,,,
,,,,,,,
1406,,,18/052015,," Schujer, Silvia",,
,,,,,La jirafa enjabonada,,
,,,,," Argentina : Ed. El gato de hojalata, 2012 ; il. ; 8 p. ; 23 cm.",,
,,,,,ISBN : 978-987-1134-20-5,C,LIB. KLAXIKA
,,,,,,,
,,,,,,,
1407,,,5/18/2015,," Schujer, Silvia",,
,,,,,Carnaval en pradera,,
,,,,," Argentina : Ed. El gato de hojalata, 2012 ; il. ; 8 p. ; 23 cm.",,
,,,,,ISBN : 978-987-1134-19-9,C,LIB. KLAXIKA
,,,,,,,
,,,,,,,
1408,,,5/18/2015,," Schujer, Silvia",,
,,,,,Dulce de abaja,,
,,,,," Argentina : Ed. El gato de hojalata, 2012 ; il. ; 8 p. ; 23 cm",,
,,,,,ISBN : 978-987-1134-18-2,C,LIB. KLAXICA
,,,,,,,
,,,,,,,
1409,,,5/18/2015,," Schujer, Silvia",,
,,,,,El vuelo del avestruz,,
,,,,," Argentina : Ed. El gato de hojaleta, 2012 ; il. ; 8 p. ; 23 cm.",,
,,,,,ISBN : 978-987-1134-22-9,C,LIB. KLAXICA
,,,,,,,
,,,,,,,
1410,,,1805/2015,," Schujer, Silvia",,
,,,,,La cebra rayada,,
,,,,," Argentina : Ed. El gato de hujalata, 2012 ; il. ; 8 p. ; 23 cm.",,
,,,,,ISBN : 978-987-1134-22-9,C,LIB. KLAXIKA
,,,,,,,
,,,,,,,
1411,,,5/18/2015,," Suárez, Patricia",,
,,,,,Pollito matón tiene novia,,
,,,,," Argentina : Ed. URANITO, 2012 ; il. ; 31 p. ; 18 cm.",,
,,,,,ISBN : 978-987-1831-47-0,C,LIB. KLAXICA
,,,,,,,
,,,,,,,
1412,,,5/18/2015,," Restrepo, Emilio Roberto",,
,,,,,De cómo les creció el cuello a las jirafas,,
,,,,," Argentina : Ed. URANITO, 2013 ; il. ; 32 p. ; 20 cm.",,
,,,,,ISBN : 978-987-703-028-2,C,LIB. KLAXIKA
,,,,,,,
,,,,,,,
1413,,,5/18/2015,," Shua, Ana María",,
,,,,,El laguar y el chivo,,
,,,,," Argentina : Ed. Artemisa, 2010 ; il. ; 8 p. ; 23 cm.",,
,,,,,ISBN : 978-987-674-006-7,C,LIB. KLAXIKA
,,,,,,,
,,,,,,,
1414,,,5/18/2015,," Schapiro, Natalia",,
,,,,,A salto de cangurito,,
,,,,," Argentina : Ed. URANITO, 2013 ; il. ; 31 p. ; 18 cm.",,
,,,,,ISBN : 978-987-703-001-3,C,LIB. KLAXIKA
,,,,,,,
,,,,,,,
1415,,,5/18/2015,," Uttley, Alison",,
,,,,,La conejita gris y sus amigos,,
,,,,," Argentina : Ed. El Ateneo, 2015 ; il. ; 52 p. ; 17 cm.",,
,,,,,ISBN : 978-950-02-0842-0,C,LIB. KLAXIKA
,,,,,,,
,,,,,,,
1416,,,5/18/2015,," Uttley, Alison",,
,,,,,La conejita gris en el bosque,,
,,,,," Argentina : Ed. El Ateneo, 2015 ; il. ; 51 p. ; 17 cm.",,
,,,,,ISBN : 978-950-02-0840-6,C,LIB. KLAXIKA
,,,,,,,
,,,,,,,
1417,,,5/18/2015,," Mercader, Martha",,
,,,,,Tío Juan ( Los cuentos del Chiribitil),,
,,,,," Argentina : Ed. Eudeba, 2014 ; il , 24 p. ; 28 cm.",,
,,,,,ISBN : 978-950-23-2302-2,C,LIB. KLAXIKA
,,,,,,,
,,,,,,,
1418,,,5/18/2015,," Montes, Graciela ",,
,,,,, El cumpleaños de Cristina ( Los cuentos del Chiribitil),,
,,,,," Argentina : Ed. Eudeba, 2014 ; il. ; 24 p. ; 28 cm.",,
,,,,,ISBN : 978-950-23-2301-5,C,LIB. KLAXIKA
,,,,,,,
,,,,,,,
1419,,,5/18/2015,," Novone de Spalding, Susana",,
,,,,,Negrita y los gorriones (Los cuentos del Chiribitil),,
,,,,," Argentina : Ed. Eudeba, 2014 ; il. ; 24 p. ; 28 cm.",,
,,,,,ISBN : 978-950-23-2299-5,C,LIB. KLAXIKA
,,,,,,,
,,,,,,,
1420,,,5/18/2015,," Finch, Maria Rosa",,
,,,,,El señor viento Otto ( Los cuentos del Chiribitil),,
,,,,," Argentina : Ed. Eudeba, 2014 ; il. ; 24 p. ; 28 cm.",,
,,,,,ISBN : 978-950-23-2300-8,C,LIB. KLAXIKA
,,,,,,,
,,,,,,,
1421,,,5/18/2015,," Martínez, Paulina",,
,,,,,¿Dónde estás carabás? (Los cuentos del Chiribitil),,
,,,,," Argentina : Ed. Eudeba, 2014 ; il. ; 24 p. ; 28 cm.",,
,,,,,ISBN : 978-950-23-2298-8,C,LIB. KLAXIKA
,,,,,,,
,,,,,,,
1422,,,5/18/2015,," Belgrano, Margarita",,
,,,,,Los zapatos voladores,,
,,,,," Argentina : Ed. Eudeba, 2014 ; il. ; 24p. ; 28 cm",,
,,,,,ISBN : 978-950-23-2296-4,C,LIB. KLAXIKA
,,,,,,,
,,,,,,,
,,,,,,,
1423,,,5/18/2015,, Fábulas ilustradas,,
,,,,,La liebre y el Petirrojo,,
,,,,," Madrid : Ed. SUSAETA, ; il. ; 16 p.; 26 cm.",,
,,,,,ISBN : 978-84-677-1564-4,C,LIB. KLAXIKA
,,,,,,,
,,,,,,,
1424,,,5/18/2015,, Colección Libro Brillante,,
,,,,,¡ Hurra Hipo!,,
,,,,," Uruguay : Ed. Latinbooks, 2013 ; il ; 6 p. ; 22 cm.",,
,,,,,ISBN : 978-9974-8090-7-9,C,LIB. KLAXIKA
,,,,,,,
,,,,,,,
1425,,,5/18/2014,, Colección Reflejos,,
,,,,,Una Aventura en el mar,,
,,,,," Argentina : Ed. SIGMAR, 2011 : il. ; 5 p. ; 22 cm. ",,
,,,,,ISBN : 978-850-11-1823-0,C,LIB. KLAXICA
,,,,,,,
,,,,,,,
1426,,,5/28/2015,," Ducrot, Oswald - Todorov, Tzvetan",,
,,,,,Diccionario Enciclopédico de la Ciencias del Lenguaje,,
,,,,," Argentina : Ed. Siglo Veintiuno, 2014 ; 421p. ; 22 cm.",,
,,,,,ISBN : 978-987-629-490-4,D,MUNICIPIO DE ORO VERDE
,,,,,,,
,,,,,,,
1427,,,5/28/2015,," Sosa, Ricardo Omar ",,
,,,,,Lugwing van Beethoveen,,
,,,,," Argentina : Ed. Aguilar, 2014 ; il. ; 138 p. ; 22 cm.",,
,,,,,ISBN : 978-987-04-3237-1,D,MUNICIPIO DE ORO VERDE
,,,,,,,
,,,,,,,
1428,,,5/28/2015,," Sabato, Ernesto",,
,,,,,Apologías y rechazos,,
,,,,," Argentina : Ed, Seiz Barral,2011 ; 192 p. ; 20 cm.",,
,,,,,ISBN : 978-987-731-695-1,D,MUNICIPIO DE ORO VERDE
,,,,,,,
,,,,,,,
1429,,,5/28/2014,," Sabato, Ernesto",,
,,,,,Cuentos que me apasionaron,,
,,,,," Argentina : Ed. Seix Barral, 2011; 324 p. ; 20 cm.",,
,,,,,ISBN :978-987-731-697-5,D,MUNICIPIO DE ORO VERDE
,,,,,,,
,,,,,,,
1430,,,5/28/2014,," Sabato, Ernesto",,
,,,,,Hombres y engranajes,,
,,,,," Argentina : Ed. Seix Barral, 2011 ; 141 p. ; 20 cm.",,
,,,,,ISBN : 978-978-731-696-8,D,MUNICIPIO DE ORO VERDE
,,,,,,,
,,,,,,,
1431,,,5/28/2015,," Sheldon, Sidney",,
,,,,,Historias de fantasmas,,
,,,,," Argentina : Ed. Emecé, 2014 ; 108 p. ; 19 cm.",,
,,,,,ISBN : 978-950-04-3624-3,D,MUNICIPIO DE ORO VERDE
,,,,,,,
,,,,,,,
1432,,,5/28/2015,," Sheldon, Didney",,
,,,,,El estrangulador,,
,,,,," Argentina : Ed. Emecé, 2014 ; 92 p. ; 19 cm.",,
,,,,,ISBN : 978-950-04-3628-1,D,MUNICIPIO DE ORO VERDE
,,,,,,,
,,,,,,,
1433,,,5/28/2015,," Sheldon, Sidney",,
,,,,,Persecución,,
,,,,," Argentina : Ed. Emecé, 2014 ; 115 p. ; 19 cm.",,
,,,,,ISBN :978-950-04-3627-4,D,MUNICIPIO DE ORO VERDE
,,,,,,,
,,,,,,,
1434,,,5/28/2015,," Sheldon, Sidney",,
,,,,,El Dictador,,
,,,,," Argentina : Ed. Emecé, 2014 ; 124 p. ; 19 cm.",,
,,,,,ISBN : 978-950-04-3626-7,D,MUNICIPIO DE ORO VERDE
,,,,,,,
,,,,,,,
1435,,,5/28/2015,," Sheldon, Sidney",,
,,,,,Lotería,,
,,,,," Argentina : Ed. Emecé,2014 ; 103 p. ; 19 cm.",,
,,,,,ISBN : 978-950-04-3623-6,D,MUNICIPIO DE ORO VERDE
,,,,,,,
,,,,,,,
1436,,,5/28/2015,," Sheldon, Sidney",,
,,,,,Los doce MANDAMIENTOS,,
,,,,," Argneina : Ed. Emecé, 2014 ; 125 p. ; 19 cm.",,
,,,,,ISBN : 978-950-04-3625-0,D,MUNICIPIO DE ORO VERDE
,,,,,,,
,,,,,,,
1437,,,7/21/2015,," Steel, Danielle",,
,,,,,Empezar de nuevo,,
,,,,," Argentina : Ed. Sudamericana, 2015 ; 234 p. ; 18 cm. ",,
,,,,,ISBN : 978-950-07-5104-9,D,MUNICIPIO DE ORO VERDE
,,,,,,,
,,,,,,,
1438,,,7/21/2015,," Steel, Danielle",,
,,,,,La boda,,
,,,,," Argentina : Ed. Sudamericana, 2015 ; 356 p. ; 18 cm.",,
,,,,,ISBN : 978-950-07-5108-7,D,MUNICIPIO DE ORO VERDE
,,,,,,,
,,,,,,,
1439,,,7/21/2015,," Steel, Danielle",,
,,,,,Cuando late un corazón,,
,,,,," Argentina : Ed. Sudamericana, 2015 ; 335 p. ; 18 cm.",,
,,,,,ISBN :978-950-07-5114-8,D,MUNICIPIO DE ORO VERDE
,,,,,,,
,,,,,,,
1440,,,7/21/2015,," Steel, Danielle",,
,,,,,Ecos,,
,,,,," Argentina : Ed. Sudamericana, 2012 ; 351 p. ; 18 cm.",,
,,,,,ISBN : 978-950-07-5109-4,D,MUNICIPIO DE ORO VERDE
,,,,,,,
,,,,,,,
,,,,,,,
1441,,,7/23/2015,," Lebenglik, Fabián",,
,,,,,Daniel García - Pintores Argentinos,,
,,,,," Argentina : Ed. Aguilar, 2015 ; il. ; 32 p. ; 30 cm.",,
,,,,,ISBN : 978-987-735-043-2,D,MUNICIPIO DE ORO VERDE
,,,,,,,
,,,,,,,
1442,,,7/23/2015,," Dolinko, Silvia",,
,,,,,Marcelo Pombo - Pintores Argentinos,,
,,,,," Argentina : Ed. Aguilar, 2015 ; il. ; 32 p. ; 30 cm.",,
,,,,,ISBN : 978-987-735-041-8,D,MUNICIPIO DE ORO VERDE
,,,,,,,
,,,,,,,
1443,,,7/23/2015,," Petrina, Alberto",,
,,,,,Marcia Schvartz - Pintores Argentinos,,
,,,,," Argentina : Ed. Aguiolar, 2015 ; il. ; 32 p. ; 30 cm.",,
,,,,,ISBN : 978-987-735-039-5,D,MUNICIPIO DE ORO VERDE
,,,,,,,
,,,,,,,
1444,,,7/23/2015,," Plante, Isabel",,
,,,,,Nicolás García Uriburu - Pintores Argentinos,,
,,,,," Argentina : Ed. Aguilar, 2015 ; il. ; 32 p. ; 30 cm.",,
,,,,,ISBN : 978-987-735-040-1,D,MUNICIPIO DE ORO VERDE
,,,,,,,
,,,,,,,
1445,,,7/23/2015,," Amigo, Roberto",,
,,,,,Alfredo Gramajo Gutiérrez - Pintores Argentinos,,
,,,,," Argentina : Ed. Aguilar, 2015 ; il. ; 32 p. ; 30 cm.",,
,,,,,ISBN : 978-987--735-042-5,D,MUNICIPIO DE ORO VERDE
,,,,,,,
,,,,,,,
1446,,,7/23/2015,," Marchesi, Mariana",,
,,,,,Alejandro Puente - Pintores Argentinos,,
,,,,," Argentina : Ed. Aguilar, 2015 ; il. ; 32 p. ; 30 cm.",,
,,,,,ISBN : 978-987-735-045-6,D,MUNICIPIO DE ORO VERDE
,,,,,,,
,,,,,,,
1447,,,7/23/2015,," Farina, Fernando",,
,,,,,Max Gómez Canle - Pintores Argentinos,,
,,,,," Argentina : Ed. Aguilar, 2015 ; il. ; 32 p. ; 30 cm.",,
,,,,,ISBN : 978-987--735-046-3,D,MUNICIPIO DE ORO VERDE
,,,,,,,
,,,,,,,
1448,,,7/23/2015,,"  Manfredi, Valerio Massino",,
,,,,,Noche de invierno,,
,,,,," Argentina : Ed. Grijalbo, 2012 ; 393 p. ; 22 cm.",,
,,,,,ISBN : 978-950-28-0638-9,D,SRA.  ADA DE CONDE
,,,,,,,
,,,,,,,
1449,,,8/13/2015,," Borges, jorge Luis",,
,,,,,El Alefh,,
,,,,," Argentina : Ed. Alianza, 1997 ; 203 p. ; 17 cm.",  ,
,,,,,ISBN : 84-4870468-1,D,SR. MIGUEL MAIN
,,,,,,,
,,,,,,,
1450,,,8/13/2015,," Arlt, Roberto",,
,,,,,Los siete locos,,
,,,,," Argentina : Ed. Losada, 1997 ; 239 p. ; 17 cm.",,
,,,,,ISBN : 950-03-0036-2,D,SR. MIGUEL MAIN
,,,,,,,
,,,,,,,
1451,,,8/13/2015,," Suriano, Juan",,
,,,,,Nueva Historia Argentina - Dictadura y Democracia 1976-2001,,
,,,,," Argentina : Ed. Sudamericana, 2005 ; il. ; 557 p. ; 24 cm.",,
,,,,,ISBN : 950-07-2637-8,D,SR. MIGUEL MAIN
,,,,,,,
,,,,,,,
1452,,,8/13/2015,," Hernández, José",,
,,,,,Martín Fierro,,
,,,,," Argentina : Ed. CLASA,  ; il. ; 18 cm.",D,SR. MIGUEL MAIN
,,,,,,,
,,,,,,,
1453,,,8/13/2015,," Stevenson, Robert L.",,
,,,,,La isla del tesoro,,
,,,,," Argentina : Ed. Argentino, 2004 ; il. ; 61 p. ; 17 cm.",,
,,,,,ISBN : 950-782-468-5,D,SR. MIGUEL MAIN
,,,,,,,
,,,,,,,
1454,,,8/13/2015,," Pyle, H. - Steinbeck, J.",,
,,,,,La leyenda del rey Arturo,,
,,,,," Argentina : Ed. Argentino, 2004 ; il. ; 61 p. ; 17 cm.",,
,,,,,ISBN : 950-782-469-3,D,SR. MIGUEL MAIN
,,,,,,,
,,,,,,,
1455,,,8/13/2015,, Anónimo,,
,,,,,Simbad el marino,,
,,,,," Argentina : Ed. Argentino, 2004 ; il. ; 61 p. ; 17 cm.",,
,,,,,ISBN : 950-782-487-1,D,SR. MIGUEL MAIN
,,,,,,,
,,,,,,,
1456,,,8/13/2015,," de Iriarte, Tomás",,
,,,,,Fábulas literarias,,
,,,,," Argentina : Ed. La Página, ; il, ; 32 p. ; 17 cm.",,
,,,,,ISBN : 987-503-313-8,D,SR. MIGUEL MAIN
,,,,,,,
,,,,,,,
1457,,,8/13/2015,," Swift, Jonatgan",,
,,,,,Los viajes de Gulliver,,
,,,,," Argentina : Ed. Argentinao, 2004 ; il. ; 62 p. ; 17 cm.",,
,,,,,ISBN : 950-782-489-8,D,SR. MIGUEL MAIN
,,,,,,,
,,,,,,,
1458,,,8/13/2015,,  Proyecto Bicentenario,,
,,,,,Entre Ríos Identidades y Patrimonio,,
,,,,," Argentina : Ed. Dunken, 2008 ; 391 p. ; 22 c. ",,
,,,,,ISBN : 978-987-02-3060-1,D,SR. MIGUEL MAIN
,,,,,,,
,,,,,,,
1459,,,8/13/2015,,  Biblioteca de cunetos maravillosos,,
,,,,,Cuentos y leyendas de la Argentina,,
,,,,," Barcelona : Ed. Olañeta Editor, 1997 ; il. ; 115 p. ; 20 cm.",,
,,,,,ISBN : 84-7651-583-9,D,SR. MIGUEL MAIN
,,,,,,,
,,,,,,,
1460,,,8/13/2015,,"  Rampa, Alfredo C.",,
,,,,,Geografía de la República Argentina,,
,,,,," Argentina : Ed. Kapelusz, 1985 ; il. ; 279 p. ; 21 cm.",,
,,,,,ISBN : 950-13-2508-3,D,SR. MIGUEL MAIN
,,,,,,,
,,,,,,,
1461,,,8/13/2015,," Sánchez, Florencio",,
,,,,,La Grinnga,,
,,,,," Argentina : Ed. Ameghino, 1999 ; 124 p. ; 20 cm.",,
,,,,,ISBN : 987-9216-70-9,D,SR. MIGUEL MAIN
,,,,,,,
,,,,,,,
1462,,,8/13/2015,," Argumedo, Alcira",,
,,,,,Los silencios y las voces en América Latina,,
,,,,," Argentina : Ed. Pensamiento Nacional, ; 181 p. ; 21 cm.",,
,,,,,ISBN : 950-581-802-5,D,SR. MIGUEL MAIN
,,,,,,,
,,,,,,,
1463,,,8/13/2015,," Somonet, Dominique",,
,,,,,La más bella historia de amor,,
,,,,," Argentina : Ed. Nuevo offst, 2005 ; 174 p. ; 19 cm.",,
,,,,,ISBN : 950-557-631-5,D,SR. MIGUEL MAIN
,,,,,,,
,,,,,,,
1464,,,8/13/2015,," Pigna, Felipe",,
,,,,,Los mitos de la Historia Argentina,,
,,,,," Argentina : Ed. Norma, 2004 ; 423 p. ; 20 cm.",,
,,,,,ISBN : 987-545-149-5,D,SR. MIGUEL MAIN
,,,,,,,
,,,,,,,
1465,,,8/13/2015,," Luna, Félix",,
,,,,,Segunda fila Personajes olvidados que también hicieron historia,,
,,,,," Argentina :  Ed. Planeta, 1999 ; 315 p. ; 22 cm.",,
,,,,,ISBN : 950-49-0250-2,D,SR. MIGUEL MAIN
,,,,,,,
,,,,,,,
1466,,,8/13/2015,," Sarmiento, Domingo F.",,
,,,,,Facundo Civilización y Barbarie,,
,,,,," Argentina : Ed. PORRUA, 1996 ; 169 P. ; 21 CM.",,
,,,,,,,
,,,,,ISBN : 968-432-601-7,D,SR. MIGUEL MAIN
,,,,,,,
,,,,,,,
,,,,,,,
,,,,,,,
,,,,,,,
,,,,,,,
,,,,,,,
,,,,,,,
,,,,,,,
,,,,,,,
,,,,,,,
,,,,,,,
,,,,,,,
,,,,,,,
,,,,,,,
,,,,,,,
,,,,,,,
,,,,,,,
,,,,,,,
1467,,,8/18/2015,," Bronte, Emily",,
,,,,,Cumbres borrascosas,,
,,,,," Argentina : Ed. GRADIFCO, 2008 ; 319 p. ; 19 cm.",,
,,,,,ISBN : 978-987-571-056-6,C,LIB. KLAXIKA
,,,,,,,
,,,,,,,
1468,,,8/18/2015,," Lujan, Lilia",,
,,,,,Mundo Azteca,,
,,,,," Argentina : Ed. V & R, 2012 ; il. ; 36 p. ; 23 cm.",,
,,,,,ISBN : 978-987-612-417-1,C,LIB. KLAXIKA
,,,,,,,
,,,,,,,
1469,,,8/18/2015,," Coelho, Paulo",,
,,,,,Mandalas del guerrero de la luz,,
,,,,,,,
,,,,," Argentina : Ed. V & R, 2014 : il. ; 27 cm.",,
,,,,,ISBN : 978-987-612-753-0,C,LIB. KLAXIKA
,,,,,,,
,,,,,,,
1471,,,8/18/2015,," Smith, Wilbur",,
,,,,,El juramento,,
,,,,," Argentina : Ed. Emecé, 2008 ; 382 p. ; 19 cm.",,
,,,,,ISBN : 978-950-04-2987-0,C,LIB. KLAXIKA
,,,,,,,
,,,,,,,
1472,,,8/18/2015,," Smith, Wilbur",,
,,,,,Río sagrado,,
,,,,," Argentina : Ed. Emecé, 2008 ; 604 p. ; 19 cm.",,
,,,,,ISBN : 978-950-04-3034-0,C,LIB. KLAXIKA
,,,,,,,
,,,,,,,
1473,,,8/18/2015,," Smith, Wilbur",,
,,,,,Costa ardiente,,
,,,,," Argentina : Ed. Emecé, 2008 ; 493 p. ; 19 cm.",,
,,,,,ISBN : 978-950-04-2980-1,C,LIB. KLAXICA
,,,,,,,
,,,,,,,
1474,,,8/18/2015,," Smith, Wilbur",,
,,,,,El ojo del tigre,,
,,,,," Argentina : Ed. Emecé, 2008 ; 366 p. ; 19 cm.",,
,,,,,ISBN : 978-950-04-3042-5,C,LIB. KLAXIKA
,,,,,,,
,,,,,,,
1475,,,8/18/2015,," Sheldon, Sidney",,
,,,,,Cara descubierta,,
,,,,," Argentina : Ed. Emecé, 2009 ; 180 p. ; 18 cm.",,
,,,,,ISBN : 978-950-04-3136-1,C,LIB. KLAXIKA
,,,,,,,
,,,,,,,
1476,,,8/18/2015,," Smith, Wilbur",,
,,,,,La ruta de los vengadores,,
,,,,," Argentina : Ed. Emecé, 2008 ; 309 p. ; 19 cm.",,
,,,,,ISBN : 978-950-04-2989-4,C,LIB. KLAXIKA
,,,,,,,
,,,,,,,
1477,,,8/21/2015,," Steel, Danielle",,
,,,,,Ecos,,
,,,,," Argentina : Ed. Sudamericana, 2012 ; 349 p. ; 18 cm.",,
,,,,,ISBN : 978-950-07-5109-4,D,MUNICIPIO DE ORO VERDE
,,,,,,,
,,,,,,,
1478,,,8/21/2015,," Dubet, Francois",,
,,,,,¿Para qué sirve realmente un sociólogo?,,
,,,,," Argentina : Ed. Siglo Veintiuno, 2012 ; 131 p. ; 22 cm.",,
,,,,,ISBN : 978-987-629-517-8,D,MUNICIPIO DE ORO VERDE
,,,,,,,
,,,,,,,
1479,,,8/21/2015,," Carballada, Rosablanca",,
,,,,,Hágalo Usted misma PATINAS Y FALSOS ACABADOS,,
,,,,," Argentina : Ed. Mucho gusto, 2009 ; il. ; 78 p. ; 23 cm.",,
,,,,,ISBN : 978-987-24993-6-5,D,MUNICIPIO DE ORO VERDE
,,,,,,,
,,,,,,,
1480,,,8/21/2015,," Cejas, Ana",,
,,,,,Hágalo Usted misma COSMETICA ESENCIAL,,
,,,,," Argentina : Ed. Mucho gusto, 2009 ; il. ; 78 p. ; 23 cm.",,
,,,,,ISBN : 978-987-24993-8-9,D,MUNICIPIO DE ORO VERDE
,,,,,,,
,,,,,,,
1481,,,9/28/2015,," Shelley, Mary",,
,,,,,Frankenstein,,
,,,,," Argentina : Ed. Gárgola, 2014 ; 266 p. ; 19 cm.",,
,,,,,ISBN : 978-950-9051-31-4,C,
,,,,,,,
,,,,,,,
1482,,,10/29/2015,," King, Stephen",,
,,,,,Dolores Claiborne,,
,,,,," Argentina : Ed. Sudamericana, 2015 ; 235 p. ; 18 cm.",,
,,,,,ISBN : 978-950-07-5076-9,D,MUNICIPIO DE ORO VERDE
,,,,,,,
,,,,,,,
1483,,,10/29/2015,," King, Stephen",,
,,,,,El juego de Gerald,,
,,,,," Argentina : Ed. Sudamericana, 2015 ; 451 p. ; 18 cm.",,
,,,,,ISBN : 978-950-07-5064-6,D,MUNICIPIO DE ORO VERDE
,,,,,,,
,,,,,,,
1484,,,10/29/2015,," King, Stephen",,
,,,,,U n saco de huesos  (Parte II),,
,,,,," Argentina : Ed. Sudamericana, 2015 ; 326 p. ; 18 cm.",,
,,,,,ISBN : 978-950-07-5074-5,D,MUNICIPIO DE ORO VERDE
,,,,,,,
,,,,,,,
1484,,,10/29/2015,," King, Stephen",,
,,,,,Corazones en la Atlántida (Parte I),,
,,,,," Argentina : Ed. Sudamericana, 2015 ; 338 p. ; 18 cm.",,
,,,,,ISBN : 978-950-07-5326-5,D,MUNICIPIO DE ORO VERDE
,,,,,,,
,,,,,,,
1485,,,10/29/2015,," King, Stephen",,
,,,,,Corazones en la Atlántida (Parte II),,
,,,,," Argentina : Ed. Sidamericana, 2015 ; 369 p. ; 18 cm.",,
,,,,,ISBN : 978-950-07-5327-2,D,MUNICIPIO DE ORO VERDE
,,,,,,,
,,,,,,,
1486,,,10/20/2015,," King, Stephen",,
,,,,,Colorado Kid,,
,,,,," Argentina : Ed. Sudamericana, 2015 ; 151 p. ; 18 cm.",,
,,,,,ISBN : 978-950-07-5065-3,D,MUNICIPIO DE ORO VERDE
,,,,,,,
,,,,,,,
1487,,,10/29/2015,," King, Stephen",,
,,,,,"Todo oscuro, sin estrellas",,
,,,,," Argentina : Ed. Sudamericana, 2015 ; 438 p. ; 18 cm.",,
,,,,,ISBN : 978-950-07-5329-6,D,MUNICIPIO DE ORO VERDE
,,,,,,,
,,,,,,,
1489,,,10/29/2015,," Cortázar, Julio",,
,,,,,Obra crítica II,,
,,,,," Argentina : Ed. Alfaguara, 2011 ; 414 p. ; 21 cm.",,
,,,,,ISBN : 978-987-04-2247-1,D,MUNICIPIO DE ORO VERDE
,,,,,,,
,,,,,,,
1490,,,10/29/2015,, Leoncito,,
,,,,,Un potrillo negro,,
,,,,," Argentina : Ed. SIGMAR, 2008 ; il. ; 12 p. ; 18 cm.",,
,,,,,ISBN : 978-950-11-1428-7,D,SR. MIGUEL MAIN
,,,,,,,
,,,,,,,
1491,,,10/28/2015,, Duende,,
,,,,,Un piano sin trabajo,,
,,,,," Argentina : Ed. SIGMAR, 2008 ; IL. ; 12 P. ; 18 CM.",,
,,,,,ISBN : 978-950-11-1437-9,D,SR. MIGUEL MAIN
,,,,,,,
,,,,,,,
1492,,,10/29/2015,," Grimm, Jacobo Ludwing",,
,,,,,El agua maravillosa,,
,,,,," Argentina : Ed. SIGMAR, 2006 ; il. ; 12 p. ; 18 cm.",,
,,,,,,,
,,,,,ISBN : 950-11-1436-8,D,SR. MIGUEL MAIN
,,,,,,,
,,,,,,,
1493,,,10/29/2015,," Grimm, Jacobo Ludwing",,
,,,,,Una Reina Abeja,,
,,,,," Argentina : Ed. SIGMAR, 2008 ; IL. ; 12 P. ; 18 CM.",,
,,,,,ISBN : 978-950-11-1425-6,D,"SR, MIGUEL MAIN"
,,,,,,,
,,,,,,,
1494,,,10/29/2015,,"Grimm, Jacobo Ludwing",,
,,,,,Un principe sapo,,
,,,,," Argentina : Ed. SIGMAR, 2008 ; il. ; 12 p. ; 18 cm.",,
,,,,,ISBN : 978-950-11-1427-0,D,SR. MIGUEL MAIN
,,,,,,,
1495,,,11/4/2015,," Stevenson, Robert Louis",,
,,,,,El extraño caso del Dr. Jekyll y de Mr. Hyde,,
,,,,," Argentina : Ed. GRADIFCO, 2007 ; 95 P. ; 18 CM.",,
,,,,,ISBN : 978-957-1093-07-3,C,LIB. Y PA. MELLIS
,,,,,,,
,,,,,,,
1496,,,11/4/2015,," Ferro, Beatriz",,
,,,,,Zapatos caminadores,,
,,,,," Argentina : Ed. Estrada, 1994 ; il. ; 80 p. ; 22 cm.",,
,,,,,ISBN : 950-01-0514-4,D,SR. MIGUEL MAIN
,,,,,,,
,,,,,,,
1497,,,11/4/2014,," Geller, Jorge",,
,,,,,Consuelo y Victoria (Una mujer en dos vidas),,
,,,,," Argentina : Ed. Delta Editora, 2014 ; 244 p. ; 22 cm.",,
,,,,,ISBN : 978-987-1698-32-5,D,SR. JORGE GELLER
,,,,,,,
,,,,,,,
1498,,,11/4/2015,," Geller, Jorge",,
,,,,,El círculo se ha cerrado,,
,,,,,"Argentina : Ed. André Maeron, 2007 ; 217 p. ",,
,,,,,ISBN : 978-987-236-5657-6,D,SR. JORGE GELLER
,,,,,,,
,,,,,,,
1499,,,11/4/2015,," Lee Brow, Debra",,
,,,,,Amantes El corazón de un rebelde,,
,,,,," Madrid : Ed. Harlequín Ibérica, 2002 ; 317 p. 18 cm.",,
,,,,,ISBN : 978-84-671-5768-0,D,SR. MIGUEL MAIN
,,,,,,,
,,,,,,,
1500,,,2/11/2016,," Allende, Isabel",,
,,,,,De amores y de sombra,,
,,,,," Argentina : Ed. Amor & Pasión, 2016 ; 318 p. ; 18 cm.",,
,,,,,ISBN : 978-987-725-128-9,D,MUNICIPIO DE ORO VERDE
,,,,,,,
,,,,,,,
1501,,,2/11/2016,," Bonelli, Florencia",,
,,,,,Lo que dicen tus ojos,,
,,,,," Argentina : Ed. Amor & Pasión, 2016 ; 332 p. ; 18 cm.",,
,,,,,ISBN : 978-987-739-025-4,D,MUNICIPIO DE ORO VERDE
,,,,,,,
,,,,,,,
1502,,,2/11/2016,," Casañas, Gloria V.",,
,,,,,Y pora Amor y guerra bajo el sol guarani,,
,,,,," Argentina : Ed. Amor & Pasión, 2016 ; 534 p.  ; 18 cm.",,
,,,,,ISBN : 978-950-644-357-3,D,MUNICIPIO DE ORO VERDE
,,,,,,,
,,,,,,,
1503,,,2/11/2016,," King, Stephen",,
,,,,,La larga marcha,,
,,,,," Argentina : Ed. Sudamericana,2015 ; 349 p. ; 18 cm.",,
,,,,,ISBN : 978-950-07-5066-0,D,SRA. ADA de CONDE
,,,,,,,
,,,,,,,
1504,,,2/11/2016,," Cook, Thomas H.",,
,,,,,Imstrumentos de la noche,,
,,,,," Argentina : Ed. URANO, 2000 ; 380 p. ; 19 cm.",,
,,,,,ISBN : 978-84-96525-18-4,D,SRA. ADA de CONDE
,,,,,,,
,,,,,,,
1505,,,2/11/2016,," King, Stephen",,
,,,,,Carretera maldita,,
,,,,," Argentina : Ed. Sudamericana,2014 ; 362 p. ; 18 cm",,
,,,,,ISBN : 978-950-07-5056-1,D,SRA. ADA de CONDE
,,,,,,,
,,,,,,,
1506,,,2/11/2016,," Noel, Alyson",,
,,,,,Desafío,,
,,,,," Argentina : Ed. Sudamericana, 2014 ; 331 p. ; 18 cm.",,
,,,,,ISBN : 978-950-07-4604-5,D,MUNICIPIO DE ORO VERDE
,,,,,,,
,,,,,,,
1507,,,2/11/2016,," Grisham, John",,
,,,,,El último partido,,
,,,,," Argentina : Ed. Sudamericana, 2011 ; 168 p. ; 18 cm.",,
,,,,,ISBN : 978-950-07-3359-5,D,SRA. ADA de CONDE
,,,,,,,
,,,,,,,
1508,,,2/11/2015,," Cashore, Kristin",,
,,,,,Bitterblue,,
,,,,,"  Argentina : Ed. Roca,2012 ; 499 p. ; 22 cm.",,
,,,,,ISBN :978-84-9918-507-1,D,"SRA, ADA de CONDE"
,,,,,,,
,,,,,,,
1509,,,3/3/2016,," Delicia, Pablo Javier",,
,,,,,El torino endemoniado,,
,,,,," Argentina : ed. Rediciones, 2015 ; il. ; 186 p. ; 20 cm.",,
,,,,,ISBN : 978-987-33-9024-1,D,SR. PABLO JAVIER DELICIA
,,,,,,,
,,,,,,,
1510,,,3/8/2016,," Roberts, Nora ",,
,,,,,Polos opuestos,,
,,,,," Argentina : Ed. Amor & Pasió, 2016 ; 381 p. ; 18 cm.",,
,,,,,ISBN : 978-987-725-130-2,D,MUNICIPIO DE ORO VERDE
,,,,,,,
,,,,,,,
1511,,,3/8/2016,," Stevens, Amanda",,
,,,,,El Reino,,
,,,,," Argentina : Ed. Amor & Pasión, 2016 ; 349 p. ; 19 cm.",,
,,,,,ISBN : 978-987-725-136-4,D,MUNICIPIO DE ORO VERDE
,,,,,,,
,,,,,,,
1512,,,3/9/2016,," Jiménez, Juan Ramón",,
1513,,,,,Platero y yo,,
1514,,,,," Argentina : Ed. DUSA, 2014 ; 123 p. ; 18 cm",,
,,,,,ISBN : 9974-7931-5-7,C,LIB. CODICE
,,,,,,,
,,,,,,,
1515,,,3/9/2016,," Cinetto, Liliana",,
1516,,,,,Cuento con carpincho y todo,,
1517,,,,," Argentina : Ed. SM, 2013 ; 93 p. ; 18 cm.",,
,,,,,ISBN : 978-987-573-035-9,C,LIB. EL ATENEO
,,,,,,,
,,,,,,,
1518,,,3/9/2016,," Cinetto, Liliana",,
,,,,,Cuento con carpincho y todo,,
,,,,," Argentina : Ed. SM, 2013 ; 93 p. ; 18 cm.",,
,,,,,ISBN : 978-987-573-035-9,C,LIB. Y YENNY
,,,,,,,
,,,,,,,
1519,,,3/9/2016,," Pisos, Cecilia",,
1520,,,,,El terror de la princesa,,
,,,,," Argentina : Ed. SM, 2014 ; il. ; 111p. ; 18 cm.",,
,,,,,ISBN : 978-987-573-911-6879,C,LIB. Y YENNY
,,,,,,,
,,,,,,,
1521,,,3/11/2016,," Chase, James Hadley",,
,,,,,Ya no la necesita,,
,,,,," Argentina : Ed. Emecé,1991 ; 251 p. ; 19 cm.",,
,,,,,ISBN : 950-04-1117-2,D,
,,,,,,,
,,,,,,,
1522,,,3/11/2016,,"  Black, Jonathan",,
,,,,,Los violadores del mundo,,
,,,,," Argentina : Ed. Emecé, 1973 ;  450 p. ; 18 cm.",D,
,,,,,,,
,,,,,,,
1523,,,3/11/2016,," Guiraldes, Ricardo",,
,,,,,Don Segundo Sombra,,
,,,,," Argentina : Ed. P & J, 1994 ; 190 p. ; 17 cm.",,
,,,,,ISBN : 987-9049-01-2,D,
,,,,,,,
,,,,,,,
1524,,,3/11/2016,, READER'S DIGEST LIBROS SELECTOS,,
,,,,,Libros Selectos,,
,,,,," Mexico : Ed. Reader's Digest, 2000 ; il. ; 573 p. ; 19 cm.",,
,,,,,ISBN : 1405-7999,D,
,,,,,,,
,,,,,,,
1525,,,3/11/2016,," Martínez, Gladis",,
,,,,,El muro cuando los secretos y los amores se desvanecen,,
,,,,," Argentina : Ed. Ciscato, 1999 ; 139 p. ; 19 cm.",D,
,,,,,,,
,,,,,,,
1526,,,3/11/2016,," Bach, Richard",,
,,,,,Ningún lugar está lejos,,
,,,,," Argentina : Ed. Vergara, 1999 ; il. ; 36 p. ; 21 cm.",,
,,,,,ISBN : 950-15-2067-6,D,
,,,,,,,
1527,,,4/20/2016,," García Márquez, Gabriel",,
,,,,,Doce cuentos peregrinos,,
,,,,," Argentina : Ed. Debolsollo, 2015 ; 221 p ; 18 cm.",,
,,,,,ISBN : 978-1138-09-1,C,LIB. KLAXIKA
,,,,,,,
,,,,,,,
1528,,,4/21/2016,," Durántez Corral, Conrado",,
1529,,,,,Pierre de Coubertin Credo y Simbología Olímpica,,
,,,,," Eapaña : Ed. Sclay Print, 2013 ; il. ; 118 p. ; 21 cm.",,
,,,,,ISBN : 978-84-695-8762-1,D,
,,,,,,,
,,,,,,,
1530,,,4/21/2016,," Durántez Corral, Conrado",,
,,,,,Los Juegos La Olimpiadas en la Historia,,
,,,,," España : Ed. EDAF, 2012 ; il. ; 373 p. ; 27 cm.",,
,,,,,ISBN : 978-84-414-31775,D,
,,,,,,,
,,,,,,,
1531,,,4/21/2016,," Durántez Corral, Conrado",,
,,,,,La Antorcha Olimpica,,
,,,,," España : Ed. I. G. Castuera, S. A., 1992 ; il. ; 195 ; 27 cm.",,
,,,,,ISBN : 84-505-4896-9,D,
,,,,,,,
,,,,,,,
1532,,,5/23/2016,," Roldán, Gustavo",,
,,,,,Los sueños del yacaré,,
,,,,," Argentina : Ed. Alfaguara, 2015 ; il. ; 69 p. ; 19 cm.",,
,,,,,ISBN : 978-950-46-3509-3,C,LIB. KLAXIKA
,,,,,,,
,,,,,,,
1533,,,5/23/2016,," Sierra i Fabra, Jordi",,
,,,,,Querido hijo : estamos en huelga,,
,,,,," Argentina : Ed. Santillana, 2015 ; il , 135 p. ; 19 cm.",,
,,,,,ISBN :978-950-46-4360-9,C,LIB. KLAXIKA
,,,,,,,
,,,,,,,
1534,,,5/23/2016,," Bornemann, Elsa",,
,,,,,Queridos monstruos ,,
,,,,," Argentina : Ed. Santillana, 2015 ; 170 p. ; 19 cm.",,
,,,,,ISBN : 978-950-46-4350-0,C,LIB. KLAXIKA
,,,,,,,
,,,,,,,
1535,,,5/23/2016,," Muleiro, Vocente",,
,,,,,Don Perro de Mendoza,,
,,,,," Argentina : Ed. Alfaguara, 201 ; 113 p. ; 19 cm.",,
,,,,,ISBN :978-987-04-0313-5,C,LIB. KLAXIKA
,,,,,,,
,,,,,,,
1536,,,5/23/2016,," Bornemann, Elsa",,
,,,,,No somos irrompibles,,
,,,,," Argentina : Ed. Santillana, 2015 ; il. ; 150 p. ; 19 cm.",,
,,,,,ISBN : 978-950-46-3346-4,C,LIB. KLAXIKA
,,,,,,,
,,,,,,,
1537,,,5/23/2016,," Berocay, Roy",,
,,,,,Ruperto al rescate,,
,,,,," Argentina : Ed. Santillana, 2015 ; il. ; 166 p. ; 19 cm.",,
,,,,,ISBN : 978-950-46-4478-1,C,LIB. KLAXIKA
,,,,,,,
,,,,,,,
1538,,,5/23/2016,," Falconi, María Ines",,
,,,,,El secreto del tanque de agua,,
,,,,," Argentina : Ed. Santillana, 2016 ; il. ; 322 p. ; 19 cm.",,
,,,,,ISBN :978-950-46-4561-0,C,LIB. KLAXIKA
,,,,,,,
,,,,,,,
1539,,,5/23/2016,," Steel, Danielle",,
,,,,,Tiempo prestado,,
,,,,," Argentina : Ed. Sudamericana, 2014 ; 315 p. ; 18 cm.",,
,,,,,ISBN : 978-950-07-5101-8,C,LIB. KLAXIKA
,,,,,,,
,,,,,,,
1540,,,5/23/2016,," Steel, Danielle",,
,,,,,Una gran chica,,
,,,,," Argentina : Ed. Sudamericana,2014 ; 365 p. ; 18 cm.",,
,,,,,ISBN : 978-950-07-5100-1,C,LIB. KLAXIKA
,,,,,,,
,,,,,,,
1541,,,5/23/2016,," Steel, Danielle",,
,,,,,Fiel a si misma,,
,,,,," Argentina : Ed. Sudamericana, 2015 ; 318 p. ; 18 cm.",,
,,,,,ISBN : 978-950-07-5121-6,C,LIB. KLAXIKA
,,,,,,,
,,,,,,,
1542,,,5/23/2016,," Pescetti,  Luis María",,
,,,,,Lejos de Frin,,
,,,,," Argentina : Ed. Santillana, 2016 ; il. ; 390 p. ; 19 cm.",,
,,,,,ISBN : 978-950-46-4517-7,C,LIB. KLAXIKA
,,,,,,,
,,,,,,,
,,,,,,,
,,,,,,,
1543,,,5/23/2016,," Bsch, Adela",,
,,,,,La empanadas criollas son una joya,,
,,,,," Argentina : Ed.Alfaguara, 2010 ; il. ; 85 p. ; 19 cm.",,
,,,,,ISBN : 978-987-04-1410-0,C,LIB. KLAXIKA
,,,,,,,
,,,,,,,
1544,,,5/23/2016,," Mariño, Ricardo",,
,,,,,Pulgoso y otros cuentos perros,,
,,,,," Argentina : Ed. Santillana, 2014 ; il. ; 31 p. ; 18 cm.",,
,,,,,ISBN : 978-950-46-4024-0,C,LIB. KLAXIKA
,,,,,,,
,,,,,,,
1545,,,5/23/2016,," Roldán, Gustavo",,
,,,,,La leyenda del bicho colorado,,
,,,,," Argentina : Ed. Santillana, 2016 ; il. ; 75 p. ; 19 cm.",,
,,,,,ISBN : 978-950-46-4458-3,C,LIB. KLAXIKA
,,,,,,,
,,,,,,,
1546,,,5/23/2016,," Ramos, María Cristina",,
,,,,,Belisario y el violín,,
,,,,," Argentina : Ed. Santillana, 2015 ; il. ; 36 p. ; 18 cm.",,
,,,,,ISBN : 978-950-46-4103-2,C,LIB. KLAXICA
,,,,,,,
,,,,,,,
1547,,,5/23/2016,," Rivera, Iris",,
,,,,,Bicho hambriento,,
,,,,," Argentina : Ed. Santillana, 2014 ; il. ; 38 p. ; 18 cm.",,
,,,,,ISBN : 978-950-46-3914-5,C,LIB. KLAXIKA
,,,,,,,
,,,,,,,
1548,,,5/23/2016,," Schujer, Silvia",,
,,,,,El astronauta del barrio,,
,,,,," Argentina : Ed. Santillana, 2015 ; il. ; 37 p. ; 18 cm.",,
,,,,,ISBN : 978-950-3365-5,C,LIB. KLAXIKA
,,,,,,,
,,,,,,,
1549,,,5/23/2016,," Bornemann, Elsa",,
,,,,,Mil grullas,,
,,,,," Argentina : Ed. Santillana, 2015 ; il. ; 47 p. ; 19 cm.",,
,,,,,ISBN : 978-950-46-4091-2,C,LIB. KLAXIKA
,,,,,,,
,,,,,,,
1550,,,5/23/2016,, Anónimo,,
,,,,,Cuentos con animales,,
,,,,," Argentina : Ed. El gato de hojalata, 2015 ; il, ; 171p ; 28 cm.",,
,,,,,ISBN : 978-987-705-679-2,C,LIB. KLAXIKA
,,,,,,,
,,,,,,,
1551,,,5/23/2016,, 28 Cuentos para soñar,,
,,,,,"Argentina : Ed. El gato de hojalata, 2015 ; il. ; 175 p. ; 28 cm.",,
,,,,,ISBN : 978-987-393-7,C,LIB. KLAXIKA
,,,,,,,
,,,,,,,
1552,,,5/23/2016,," Montefiore, Santa",,
,,,,,A la sombra del ombú,,
,,,,," España : Ed. URANO, 2002 ; 587 p. ; 22 cm.",,
,,,,,ISBN : 978-84-95618-93-1,C,LIB. KLAXICA
,,,,,,,
,,,,,,,
1553,,,5/23/2016,,"Stuart, Anne",,
,,,,,El vals del diablo,,
,,,,," España : Ed. MELISA, 2006 ; 347 p. ; 19 cm.",,
,,,,,ISBN : 978-84-671-5099-5,C,LIB. KLAXIKA
,,,,,,,
,,,,,,,
1554,,,5/23/2016,," Steel, Danielle",,
,,,,,Volar,,
,,,,," Argentina  Ed. : Ed. Sudamericana, 2015 ; 477 p. ; 18 cm.",,
,,,,,ISBN : 978-950-07-5305-0,C,LIB. KLAXIKA
,,,,,,,
,,,,,,,
1555,,,5/23/2016,," Varela, Magalí",,
,,,,,En el eterno Sur,,
,,,,," Argentina : Ed. Javier Vergara, 2013 ; 291 p. ; 22 cm.",,
,,,,,ISBN : 978-950-15-2584-7,C,LIB. KLAXIKA
,,,,,,,
,,,,,,,
1556,,,5/23/2016,," De Miguel, María Esther",,
,,,,,La amante del restaurador,,
,,,,," Argentina : Ed. Plante, 2013 ; 298 p. ; 22 cm.",,
,,,,,ISBN : 978-950-49-3646-6,C,LIB. KLAXIKA
,,,,,,,
,,,,,,,
1557,,,5/23/2016,," De Miguel, María Esther",,
,,,,,"El general, el pintor y la dama",,
,,,,," Argentina : Ed. Planta, 2013 ; 326 p. ; 22 cm.",,
,,,,,ISBN : 978-950-49-3648-0,C,LIB. KLAXIKA
,,,,,,,
,,,,,,,
1558,,,8/5/2016,," Pescetti, Luis María",,
,,,,,Bituin Bituin Natach,,
,,,,," Argentina : Ed. Alfaguara, 2015 ; il. ; 99 p. ; 21 cm.",,
,,,,,ISBN : 978-987-738-123-8,C,LIB. KLAXIKA
,,,,,,,
,,,,,,,
1559,,,8/10/2016,," Tolkien, John Ronald Reuen",,
,,,,,El hobbit,,
,,,,," Argentina : Ed. Minotauro, 2010 ; 309 p. ; 17 cm.",,
,,,,,ISBN : 978-950-547-063-1,D,SRA. ANDREA TARABINI
,,,,,,,
,,,,,,,
1560,,,8/10/2016,," de Saint-Exupéry, Antoine",,
,,,,,Piloto de guerra,,
,,,,,"  Argentina : Ed. Sudamericana, 1998 ; 231 p. ; 17 cm.",,
,,,,,ISBN : 950-07-1426-4,D,SRA. TARABINI ANDREA
,,,,,,,
,,,,,,,
1561,,,8/10/2016,,"  Daniel, Alma y Otros",,
,,,,,Descubre a tus Angeles,,
,,,,," Argentina : Ed. Argentina S.A., 2004 ; il. ; 378 p. ; 17 cm.",,
,,,,,ISBN : 84-666-1922-4,D,SRA. TARABINI ANDREA
,,,,,,,
,,,,,,,
1562,,,8/10/2016,," Pérez-Reverte, Arturo",,
,,,,,La carta esferica,,
,,,,," Argentina : Ed Grupo Santillana, 2000 ; 643 p ; 17 cm.",,
,,,,,ISBN : 987-1106-05-X,D,SRA. ANDREA TARABINI
,,,,,,,
,,,,,,,
1563,,,8/10/2016,," Quiroga, Horacio",,
,,,,,Cuentos de amor de locura y de muerte,,
,,,,," Argentina : Ed. Espasa Calpe, 1993 ; 211 p.; 16 cm.",,
,,,,,ISBN : 950-852-028-0,D,SRA. TARABINI ANDREA
,,,,,,,
,,,,,,,
1564,,,8/10/2016,," Alonso, Salazar J.",,
,,,,,La parábola de Pablo,,
,,,,," Argentina : Ed. Booket, 2014 ; 416 p. ; 18 cm.",,
,,,,,ISBN : 978-987-580-513-2,D,SRA. TARABINI ANDREA
,,,,,,,
,,,,,,,
1565,,,8/10/2016,," Schlink, Bernhard",,
,,,,,El lector,,
,,,,," Argentina : Ed. Anagrama,2010 ; 203 p. ; 21 cm.",,
,,,,, ISBN : 978-84-339-0849-0,D,SRA. TARABINI ANDRES
,,,,,,,
,,,,,,,
1566,,,8/10/2016,," Dolina, Alejandro",,
,,,,,Bar del infierno,,
,,,,," Argentina : Ed. Planeta, 2005 ; 348 p. ; 22 cm.",,
,,,,,ISBN : 950-49-1350-4,D,SRA. TARABINI ANDREA
,,,,,,,
,,,,,,,
1567,,,8/10/2016,," Paszkowski,  Diego",,
,,,,,Tesis sobre un homicidio,,
,,,,," Argentina : Ed. Sudamericana, 2013 ; 206p. ; 22 cm.",,
,,,,,ISBN : 978-950-07-4098-2,D,SRA. ANDREA TARABINI
,,,,,,,
,,,,,,,
,,,,,,,
,,,,,,,
,,,,,,,
,,,,,,,
,,,,,,,
1566,,,,,,,
,,,,,,,
,,,,,,,
,,,,,,,
,,,,,,,
,,,,,,,
,,,,,,,
1567,,,,,,,
,,,,,,,
,,,,,,,
,,,,,,,
,,,,,,,
,,,,,,,
,,,,,,,
1568,,,8/10/2016,, Relatos del Nuevo Mundo,,
,,,,,"Argentina : Ed. Planeta-Agostini, 1992 : il. ; 32 cm. ",,
,,,,,ISBN : 84-395-2050-6,D,SRA. ANDREA TARABINI
,,,,,,,
,,,,,,,
,,,,,,,
,,,,,,,
,,,,,,,
1569,,,8/19/2016,," Ramanauskas, Ruth",,
,,,,,La trampa del sueño americano,,
,,,,," Argentina : Ed. AGUILAR, 2009 ; 222p. ; 23 cm.",,
,,,,,ISBN : 978-987-04-1202-1,D,SRA. ANDREA TARABINI
,,,,,,,
,,,,,,,
,,,,,,,
1570,,,8/19/2016,," Follett, Ken",,
,,,,,En la boca del dragón,,
,,,,," Argentina : Ed. Debolsillo, 2009 ;392 p. ; 18 cm.",,
,,,,,ISBN : 978-987-566-466-1,D,SRA. ANDREA TARABINI
,,,,,,,
,,,,,,,
,,,,,,,
1571,,,8/19/2016,," Waitomo, Alessandra",,
,,,,,A la luz del sol,,
,,,,," Argentina :Ed. De los cutro vientos, 2013 ; 158 p. ; 19 cm.",,
,,,,,ISBN : 978-987-08-0764-3,D,LA AUTORA
,,,,,,,
,,,,,,,
,,,,,,,
,,,,,,,
,,,,,,,
,,,,,,,
1572,,,8/19/2016,," Ivey, Eowyn",,
,,,,,La niña de nieve,,
,,,,," Argentina : Ed. Grijalbo, 2012 ; 393 p. ; 22 cm.",,
,,,,,ISBN : 978-950-28-0577-1,D,
,,,,,,,
,,,,,,,
,,,,,,,
,,,,,,,
,,,,,,,
,,,,,,,
1573,,,8/19/2016,," Beldi, Luis",,
,,,,,Presas de amor,,
,,,,," Argentina : Ed. B, 2012 ; 316 p. ; 22 cm.",,
,,,,,ISBN : 978-987-627-328-2,D,
,,,,,,,
,,,,,,,
,,,,,,,
1574,,,1/08/216,," Delica, Pablo Javier",,
,,,,,,,
,,,,,,,
,,,,,Existir y trascender… con humor y reflexión,,
,,,,,"Argentina : Ed. PJD, 2013 ; il. ; 196 p. ; 20 cm.",,
,,,,,ISBN : 978-987-28929-1-3,C,AUTOR
,,,,,,,
,,,,,,,
1575,,,8/29/2016,," Rivero, Viviana",,
,,,,,Secreto bien guardado,,
,,,,,,,
,,,,,,,
,,,,," Argentina : Ed. EMECE, 2012 ; 399 p. ; 22 cm",,
,,,,,,,
,,,,,ISBN : 978-950-04-3274-0,C,LIB. KLAXIKA
,,,,,,,
,,,,,,,
,,,,,,,
1576,,,8/29/2016,," Margall, Gabriela",,
,,,,,Con solo nombrarte,,
,,,,," Argentina : Ed. Vestales, 2007 ; 318 p. ; 21 cm.",,
,,,,,ISBN : 978-987-1405-02-2,C,LIB. KLAXIKA
,,,,,,,
,,,,,,,
1577,,,8/29/2016,," Clark, Ebony",,
,,,,,El club de la orquídia,,
,,,,," Argentina : Ed. Vestales, 2011 ; 286 p. ; 22 cm.",,
,,,,,ISBN : 978-987-1568-31-4,C,LIB. KLAXIKA
,,,,,,,
,,,,,,,
1578,,,8/29/2016,," Velasco, Claudia",,
,,,,,El medallón de los Lancaster,,
,,,,," Argentina : Ed. Vestales, 2007 ; 238 p. ; 21 cm",,
,,,,,ISBN : 978-987-1405-01-5,C,LIB. KLAXIKA
,,,,,,,
,,,,,,,
1579,,,8/29/2016,," Steven, Saylor",,
,,,,,El veredicto de César,,
,,,,," Argentina : Ed. El Ateneo, 2006 ; 404 p. ; 22 cm.",,
,,,,,ISBN : 950-02-5836-6,C,LIB. KLAXIKA
,,,,,,,
,,,,,,,
1580,,,8/29/2016,," Camp, Candace",,
,,,,,El poder del amor,,
,,,,," Madris: Ed. Harlequín, 2003 ; 316 p. ; 18 cm",,
,,,,,ISBN : 978-84671-9691-7,C,LIB. KLAXIKA
,,,,,,,
,,,,,,,
1581,,,8/29/2016,," Bracco, Diago",,
,,,,,María de Sanabria,,
,,,,," Argentina : Ed. El Ateneo, 2009 ; 277 p. ; 22 cm.",,
,,,,,ISBN : 978-950-02-0457-6,C,LIB. KLAXIKA
,,,,,,,
,,,,,,,
1582,,,8/29/2016,," Megan, Maxwell",,
,,,,,Hola ¿te acuerdas de mí?,,
,,,,," Argentina : Ed. Planeta, 2016 ; 452 p. ; 18 cm.",,
,,,,,ISBN : 978-950-49-5032-5,C,LIB. KLAXIKA
,,,,,,,
,,,,,,,
1583,,,8/29/2016,," Jill, Monroe",,
,,,,,El señor de la furia,,
,,,,," España : Ed Harlequin, 2011 ; 285 p. ; 18 cm.",,
,,,,,ISBN : 978-84-687-0469-2,C,LIB. KLAXIKA
,,,,,,,
,,,,,,,
1584,,,8/29/2016,, Howard Linda,,
,,,,,En mundos distintos,,
,,,,," España : Ed. HARLEQUIN , 1986 ; 318 p. ; 19 cm.",,
,,,,,ISBN : 978-84-671-4781-0,C,LIB. KLAXIKA
,,,,,,,
,,,,,,,
,,,,,,,
1585,,,8/29/2016,," Morriga, Rita",,
,,,,,Intimo sendero de magia,,
,,,,," Argentina : Ed. Vestales, 2011 ; 207 p. ; 21 cm.",,
,,,,,ISBN : 978-987-1568-34-5,C,LIB. KLAXIKA
,,,,,,,
,,,,,,,
1586,,,8/29/2016,," Megan, Maxwell",,
,,,,,Olvidé olvidarte ,,
,,,,," Argentina : Ed. Planeta, 2016 ; 332 p. ; 18 cm.",,
,,,,,ISBN : 978-950-49-5034-9,C,LIB. KLAXIKA
,,,,,,,
,,,,,,,
1587,,,8/29/2016,," Geneve, Arlette",,
,,,,,La última cita,,
,,,,," Argentina : Ed. Vestales, 2010 ; 285 p. ; 22 cm.",,
,,,,,ISBN : 978-987-1405-09-1,C,LIB. KLAXIKA
,,,,,,,
,,,,,,,
1588,,,8/29/2016,," Ephron, Amy",,
,,,,,una rosa blanca,,
,,,,," Argentina : Ed. Atlántida, 2000 ; 279 p. ; 22 cm.",,
,,,,,ISBN : 950-08-2392-6,C,LIB. KLAXIKA
,,,,,,,
,,,,,,,
1589,,,8/29/2016,," Vidal, César",,
,,,,,Lo-ruhama No  compadecida,,
,,,,," EEUU : Ed. Grupo Nelson, 2009 ; 271 p. ; 22 cm.",,
,,,,,ISBN : 978-1-60255-238-8,C,LIB. KLAXIKA
,,,,,,,
,,,,,,,
1590,,,9/14/2016,, Nik,,
,,,,,Gaturro a lo grande 3,,
,,,,," Argentina : Ed. Catapulta, 2013 ; il. ; 95 p. ; 27 cm.",,
,,,,,ISBN : 978-987-637-173-5,C,LIB. KLAXIKA
,,,,,,,
,,,,,,,
1591,,,10/11/2016,," Rivero, Viviana",,
,,,,,La dama de noche,,
,,,,," Argentina : Ed. Booket, 2016 ; 478 p. ; 18 cm.",,
,,,,,ISVN : 978-987-580-779-2,C,LIB. KLAXIKA
,,,,,,,
,,,,,,,
1592,,,10/11/2016,," Rivero, Viviana",,
,,,,,Lo que no se dice,,
,,,,," Argentina : Ed. Booket, 2016 ; 436 p. ; 18 cm.",,
,,,,,ISBN : 978-987-580-700-6,C ,LIB. KLAXIKA
,,,,,,,
,,,,,,,
1593,,,10/11/2016,," Smith, Wilbur ",,
,,,,,Los que están en peligro,,
,,,,," Argentina : Ed. Booket, 2016 ; 351 p. ; 18 c.",,
,,,,,ISBN : 978-987-580-788-4,C,LIB. KLAXIKA
,,,,,,,
,,,,,,,
1594,,,10/11/2016,," Smith, Wilbur",,
,,,,,El séptimo papiro,,
,,,,," Argentina : Ed. Booket, 2013 ; 532 p. ; 18 cm.",,
,,,,,ISBN : 978-987-580-114-1,C,LIB. KLAXIKA
,,,,,,,
,,,,,,,
1595,,,10/11/2016,," Balmaceda, Daniel",,
,,,,,Espada y corazones El costado humano de la Historia Argentina,,
,,,,," Argentina : Ed. Sudamericana, 2016 ; 319 p. ; 22 cm.",,
,,,,,ISBN : 978-950-07-5415-6,C,LIB. KLAXIKA
,,,,,,,
,,,,,,,
1596,,,12/14/2016,," Aguinis, Marcos",,
,,,,,Las redes del odio,,
,,,,," Argentina : Ed. Planeta, 2003 ; 219 p. ; 22 cm.",,
,,,,,ISBN : 950-491130-7,D,SRA. ADA DE CONDE
,,,,,,,
,,,,,,,
1597,,,12/14/2016,," Steel, Danielle",,
,,,,,Secretos,,
,,,,," Argentina : Ed. Sudamericana, 2011 ; 338 p. ; 18 cm.",,
,,,,,ISBN : 978-950-07-3557-5,D,SRA. ADA DE CONDE
,,,,,,,
,,,,,,,
1598,,,12/14/2016,," Sordo, Pilar",,
,,,,,No quiero envejecer,,
,,,,," Argentina : Ed. Planeta, 2014 ; 197 p. ; 20 cm.",,
,,,,,ISBN : 978-950-49-3888-0,D,SRA. ADA DE CONDE
,,,,,,,
,,,,,,,
1599,,,12/14/2016,, Maguire Margo,,
,,,,,La dama sajona,,
,,,,," Argentina : Ed. Harlequin , 2014 ; 318 p. ; 16 cm.",,
,,,,,ISBN : 978-84-687-4836-8,D,SRA. ADA DE CONDE
,,,,,,,
,,,,,,,
1600,,,12/14/2016,," Lane, Soraya",,
,,,,,De soldado a papá,,
,,,,," Argentina : Ed. Harlequin, 2013 ; 158 p. 16 cm.",,
,,,,,ISBN : 978-84-6873567-2,D,SRA. ADA DE CONDE
,,,,,,,
,,,,,,,
1601,,,12/14/2016,," Stamateas, Bernardo",,
,,,,,Gente toxica,,
,,,,," Argentina : Ed. Ediciones B, 2010 ; 216 p. ; 18 cm.",,
,,,,,ISBN : 978-987-627-179-0,D,SRA. ADA DE CONDE
,,,,,,,
,,,,,,,
1602,,,12/14/2016,," Arias, Daniel",,
,,,,,Eternidad maldita,,
,,,,," Argentina : Ed. Alfaguara, 2010 ; 94 p. ; 21 cm.",,
,,,,,ISBN : 978-987-04-1329-5,D,SRA. ADA DE CONDE
,,,,,,,
,,,,,,,
1603,,,12/14/2016,," Stamateas, Bernardo",,
,,,,,Emociones toxicas,,
,,,,," Argentina : Ed. Vergara Editor, 2009 ; 215 p. ; 22 cm.",,
,,,,,ISBN : 978-950-15-2431-4,D,SRA. ADA DE CONDE
,,,,,,,
,,,,,,,
1604,,,1/9/2017,," González, Eduardo",,
,,,,,El fantasma de Gardel ataca el Abasto,,
,,,,," Argentina : ed. Norma, 2001 ; 159 p. ; 18 cm.",,
,,,,,ISBN : 978-987-545-035-6,D,SRA. ADA DE CONDE
,,,,,,,
,,,,,,,
1605,,,1/9/2017,," Stevenson, R. L.",,
,,,,,El extraño caso del Dr. Jekyll y Mr. Hyde,,
,,,,," Argentina : Ed. Yammal, 2004 ; 70 p. ; 16 cm.",,
,,,,,ISBN : 987-1160-40-2,D,SRA. ADA DE CONDE
,,,,,,,
,,,,,,,
1606,,,1/9/2017,," Sheldon, Sidney",,
,,,,,Las arenas del tiempo,,
,,,,," Argentina : Ed. Emecé, 2014 ; 333 p. ; 19 cm.",,
,,,,,ISBN : 978-950-04-3614-4,D,SRA. ADA DE CONDE
,,,,,,,
,,,,,,,
1607,,,1/9/2017,," Sheldon, Didney",,
,,,,,El capricho de los Dioses,,
,,,,," Argentina : Ed. Emecé, 2014 ; 319 p. ; 19 cm.",,
,,,,,ISBN : 978-950-04-3620-5,D,SRA. ADA DE CONDE
,,,,,,,
,,,,,,,
1608,,,02/032017,," Rowling, J. R.",,
,,,,,Harry Potter y el misterio del príncipe,,
,,,,," España : Ed. Salamandra, 2005 ; 573 p. ; 22 cm.",,
,,,,,ISBN : 978-84-9838-666-0,D,
,,,,,,,
,,,,,,,
1609,,,3/2/2017,," Kleypas, Lisa",,
,,,,,Amor en la tarde,,
,,,,," Argentian : Ed. B S.A., 2133 ; 349 P. ; 18 CM.",,
,,,,,ISBN : 978-84-9872-791-3,D,SRA. ADA DE CONDE
,,,,,,,
,,,,,,,
1610,,,4/20/2017,," Esquibel, Laura",,
,,,,,Como agua  para chocolate,,
,,,,," Argentina : Ed. Punto de Lectura, 216 ; 266 p. ; 18 cm.",,
,,,,, ISBN : 978-987-578-22-4,C,LIB. KLAXIKA
,,,,,,,
,,,,,,,
1611,,,4/20/2017,," Andretto, María Teresa",,
,,,,, La durmiente,,
,,,,," Argentina : Ed. Alfaguara, 213 ; il. ; 37  p. ; 19 cm.",,
,,,,, ISBN : 978-978-04-3129-9,C,LIB. KLAXIKA
,,,,,,,
,,,,,,,
1612,,,4/20/2017,," Schujer, Silvia",,
,,,,,La mochila de Uki,,
,,,,," Argentina : Ed. S. M., 2009 ; il. ; 31 p. ; 18 cm.",,
,,,,,ISBN : 978-987-573-308-4,C,LIB. KLAXIKA
,,,,,,,
,,,,,,,
1613,,,4/20/2017,,"  Bodoc, Liliana",,
,,,,,Sucedió en colores,,
,,,,," Argentina : Ed. Alfaguara, 2014 ; il. ; 92 p. ; 19 cm.",,
,,,,,ISBN : 978-987-04-1719-4,C,LIB. KLAXIKA
,,,,,,,
,,,,,,,
1614,,,4/20/2017,," Reyes, Yolanda",,
,,,,,"El terror de Sexto ""B""",,
,,,,," Argentina : Ed. Santillana, 216 ; il. ; 78 p. ; 19 cm.",,
,,,,,ISBN : 978-950-46-4563-4,C,LIB. KLAXIKA
,,,,,,,
,,,,,,,
1615,,,4/20/2017,," Maroño, Ricardo",,
,,,,,Cuentos espantosos,,
,,,,," Argentina : Ed. Santillana, 215 ; il. ; 72 p. ; 19 cm.",,
,,,,,ISBN : 978-950-46-3854-4,C,LIB. KLAXIKA
,,,,,,,
,,,,,,,
1616,,,4/20/2017,," Bornemann, Elsa",,
,,,,,El niño envuelto,,
,,,,," Argentina : Ed. Santillana, 215 ; il. ; 176 p. ; 19 cm.",,
,,,,,ISBN : 978-950-46-4349-4,C,LIB. KLAXIKA
,,,,,,,
,,,,,,,
1617,,,4/20/2017,," Birnaser, Marcelo",,
1618,,,,,Juicio al raton Perez,,
,,,,," Argentina : Ed. Santillana, 2014 : il. ; 113 p. ; 19 cm.",,
,,,,,ISBN : 978-950-46-3887-2,C,LIB. KLAXIKA
,,,,,,,
,,,,,,,
1619,,,4/20/2017,," Basch, Adela",,
,,,,,Una luna junto a la laguna,,
,,,,, Argentina : Ed. S. M. 2015 ; il. ; 120 p. ; 19 cm.,,
,,,,,ISBN : 978-987-1098-98-9,C,LIB. KLAXIKA
,,,,,,,
,,,,,,,
1620,,,4/20/2017,," Bornemann, Elsa",,
,,,,,Disparatario,,
,,,,," Argentina : Ed. Santillana, 2015 ; il. ; 120 p. ; 19 cm.",,
,,,,,ISBN : 978-950-46-4319-7,C,LIB. KLAXIKA
,,,,,,,
,,,,,,,
1621,,,4/20/2017,," Bornemann, Elsa",,
,,,,,Un elefante ocupa mucho espacio,,
,,,,," Argentina : Ed. Santillana, 2015 ; il. ; 104 p. ; 19 cm.",,
,,,,,ISBN : 978-950-46-4320-3,C,LIB. KLAXIKA
,,,,,,,
,,,,,,,
1622,,,4/20/2017,," Moreno, Alberto",,
,,,,,Dimozaurios de la A a la Z,,
,,,,,"Argentina : Ed. ARTEMISA, 2016 ; il. ; 24 cm",,
,,,,,ISBN : 978-987-674-555-0,C,LIB. KLAXIKA
,,,,,,,
,,,,,,,
1623,,,20/4/217,," Rivero, Viviana",,
,,,,,Y ellos se fueron,,
,,,,," Argentina : Ed. Booket, 2017 ; 375 p. ; 19 cm.",,
,,,,,ISBN : 978-987-580-697-5,C,LIB. KLAXIKA
,,,,,,,
,,,,,,,
1624,,,4/20/2017,," Rivero, Viviana",,
,,,,,La magia de la vida,,
,,,,," Argentina . Ed. Booket, 2017 ; 457 p. ; 19 cm.",,
,,,,,ISBN : 978-987-580-853-9,C,LIB. KLAXIKA
,,,,,,,
,,,,,,,
1625,,,4/20/2017,," Rivero, Viviana",,
,,,,,Mujer y maestra en un mundo de hombres,,
,,,,," Argentina : Ed. Emecé, 2017 ; 173 p. ; 22 cm.",,
,,,,,ISBN : 978-950-04-3834-6,C,LIB. KLAXIKA
,,,,,,,
,,,,,,,
1625,,,4/20/2017,," Rivero, Viviana",,
,,,,,Los colores de la felicidad,,
,,,,," Argentina : Ed. Emecé, 2015 ; 438 p. ; 22 cm.",,
,,,,,ISBN : 978-950-04-3760-8,C,LIB. KLAXIKA
,,,,,,,
,,,,,,,
1627,,,4/2/2017,," Romana, Muriel",,
,,,,,Mas alla de la gran muralla,,
,,,,," España :  Ed. B, 2002 ; 366 p. ; 22 cm.",,
,,,,,ISBN : 84-666-0667-X,C,LIB. KLAXIKA
,,,,,,,
,,,,,,,
1628,,,4/20/2017,," Cornwell, Patricia D.",,
,,,,,La isla de los perros,,
,,,,," España : Ed. B, 202 ; 454 p. ; 22 cm.",,
,,,,,ISBN : 84-666-653-X,C,LIB. KLAXIKA
,,,,,,,
,,,,,,,
1629,,,4/20/2017,," Ellroy, Janes",,
,,,,,Noches en Hollywood,,
,,,,," España : Ed. B, 2009 ; 287 p. ; 22 cm.",,
,,,,,ISBN : 978-84-666-4236-1,C,LIB. KLAXIKA
,,,,,,,
1630,,,4/20/2017,," Urian, Elizabeth",,
,,,,,Los hermanos Broderick,,
,,,,," Argentina : Ed. Vestales, 2012 ; 318 p. ; 21 cm.",,
,,,,,ISBN : 978-987-1568-46-8,C,LIB. KLAXIKA
,,,,,,,
,,,,,,,
1631,,,4/20/2017,," Gallonay, Steven",,
,,,,,el equilibrista,,
,,,,," Argentina : Ed. El Atene, 2004 ; 252 p. ; 21 cm.",,
,,,,,ISBN : 950-02-7476--0,C,LIB. KLAXIKA
,,,,,,,
,,,,,,,
1632,,,4/20/2017,," Hacket, Joyce",,
,,,,,Sonata interrumpida,,
,,,,," Argentina : Ed. El Ateneo, 24 ; 279 p. ; 21 cm.",,
,,,,,ISBN : 950-02-7479-5,C,LIB. KLAXIKA
,,,,,,,
,,,,,,,
1633,,,4/20/2017,," Margall, Gabriela",,
,,,,,La dama de los espejos (Mariquita Sanchez una vida apasionada),,
,,,,," Argentina : Ed. Javier Vergara, 2014 ; 322 p. ; 22 cm.",,
,,,,,ISBN : 978-950-15-2607,C,LIB. KLAXIKA
,,,,,,,
,,,,,,,
1634,,,4/20/2017,," Lakk, Sarah",,
,,,,,A la sombra del árbol kauri,,
,,,,," Argentina : Ed. B, 2014 ; 806 p. ; 22 cm.",,
,,,,,ISBN : 978-84-666-5493-7,C,LIB. KLAXIKA
,,,,,,,
,,,,,,,
1635,,,4/20/2017,," Emptaz, Erik",,
,,,,,La maldición de la medusa,,
,,,,," Argentina : Ed. El Ateneo, 2006 ; 237 p. ; 22 cm.",,
,,,,,ISBN : 950-02-3085-2,C,LIB. KLAXIKA
,,,,,,,
,,,,,,,
1636,,,4/20/2017,," Slaughter, Frank G.",,
,,,,,Los galileos,,
,,,,," Argentina : Ed. El Ateneo, 2008 : 347 p. ; 22 cm.",,
,,,,,ISBN : 978-950-02-0334-,C,LIB. KLAXIKA
,,,,,,,
,,,,,,,
1637,,,4/20/2017,," Rowling, J. K.",,
,,,,,Harry Potter y el legado maldito,,
,,,,," Argentina : Ed. Salamandra, 2016 ; 333 p. ; 21 cm.",,
,,,,,ISBN : 978-84-9838-755-1,C,LIB. KLAXIKA
,,,,,,,
,,,,,,,
1638,,,4/20/2017,, Rowling J. K.,,
,,,,,Harry Potter y la orden del fenix,,
,,,,," Argentina : Ed. Salamandra, 2016 ; 925 p. ; 21 cm.",,
,,,,,ISBN : 978-84-9838-664-6,C,LIB. KLAXIKA
,,,,,,,
,,,,,,,
1639,,,4/20/2017,," Flifer, Laurent",,
,,,,,En inventor de la máquina prodigiosa,,
,,,,," Argentina : ed. El Ateneo, 2007 ; 297 p. ; 22 cm.",,
,,,,,ISBN : 978-950-02-3097-1,C,LIB. KLAXIKA
,,,,,,,
,,,,,,,
1640,,,20/4/217,," Saylor, Steven",,
,,,,,La muerte llega a Roma,,
,,,,," Argentina : Ed. El Ateneo, 2006 ; 31 p. ; 22 cm.",,
,,,,, ISBN : 95-02-5482-,C,LIB. KLAXIKA
,,,,,,,
,,,,,,,
1641,,,4/20/2017,," Bracco, Diego",,
,,,,,María de Sanabria,,
,,,,,"Argentina : Ed. El Ateneo, 29 ; 277 p. ; 22 cm.",,
,,,,,ISBN : 978-95-02-457-6,C,LIB. KLAXIKA
,,,,,,,
,,,,,,,
1642,,,4/20/2017,," Bracco, Diego",,
,,,,,El mejor de los mundos,,
,,,,," Argentina : Ed. El Ateneo, 201 ; 221 p. ; 22 cm.",,
,,,,,ISBN : 978-950-2-566-5,C,LIB. KLAXIKA
,,,,,,,
,,,,,,,
1643,,,4/20/2017,," Echague, Soledad",,
,,,,,¿De qué me disfrazo?,,
,,,,,"Argentina : Ed. Booket, 201 ; 187 p. ; 21 cm.",,
,,,,,ISBN : 978-987-157-2-7,C,LIB. KLAXIKA
,,,,,,,
,,,,,,,
1644,,,4/20/2017,," Krichesky, Marcelo",,
,,,,,Proyectos de orienteción y tutotía,,
,,,,," Argentina : Ed. Paidos, 2008 ; 247 p. ; 21 cm",,
,,,,,ISBN : 978-950-12-6129-5,C,LIB. KLAXIKA
,,,,,,,
,,,,,,,
1645,,,4/20/2017,," Milano, Andrea",,
,,,,,Pasado imperfecto,,
,,,,," Argentina : Ed. Vestales, 2012 ; 237 p. ; 21 cm.",,
,,,,,ISBN : 978-987-1405-05-3,C,LIB. KLAXIKA
,,,,,,,
,,,,,,,
1646,,,4/20/2017,," Cleave, Chris",,
,,,,,A por el oro,,
,,,,," Espeaña  : Ed. Maeva, 212 ; 363 p. ; 22 cm.",,
,,,,,ISBN : 978-84-15120-95-7,C,LIB. KLAXIKA
,,,,,,,
,,,,,,,
1647,,,4/20/2017,," Lee, Mauren",,
,,,,,Las cuatro hermanas,,
,,,,," Madrid : Ed. Maeva, 209 ; 415 p. ; 22 cm",,
,,,,,ISBN : 978-84-92695-3-4,C,LIB. KLAXIKA
,,,,,,,
,,,,,,,
1648,,,4/20/2017,," Frances, Bel",,
,,,,,No te fies de un bandido,,
,,,,," Argentina : Ed. Vestales, 2007 ; 239 p. 21 cm.",,
,,,,,ISBN  978-987-2147-8-2,C,LIB. KLAXIKA
,,,,,,,
,,,,,,,
1649,,,4/20/2017,," Lake, Amber",,
,,,,,Estrategias del destino,,
,,,,," Argentina : Ed. Vestales, 2011 ; 383 p. ; 21 cm.",,
,,,,,ISBN : 978-987-145-08-4,C,LIB. KLAXIKA
,,,,,,,
,,,,,,,
1650,,,4/20/2017,," Exilart, Gabriela",,
,,,,,Renacer de los escombros,,
,,,,," Argentina : Ed. P&J, 2014 ; 413 p. ; 22 cm.",,
,,,,,ISBN : 978-950-644-306-1,C,LIB. KLAXIKA
,,,,,,,
,,,,,,,
1651,,,4/20/2017,," Velazco,  Claudia",,
,,,,,Promesas de amor cumplidas,,
,,,,," Argentina : Ed. Vestales, 2008 ; 383p. ; 21 cm.",,
,,,,,ISBN : 978-987-145-07-7,C,LIB. KLAXIKA
,,,,,,,
,,,,,,,
1652,,,7/27/2017,," Fontanarrosa, Roberto",,
,,,,,Inodoro Pereyra el renegau,,
,,,,," Argentina : Ed. Planeta, 2016 ; 19 cm.",,
,,,,,ISBN : 978-950-49-5256-5,D,
,,,,,,,
,,,,,,,
1653,,,7/27/2017,, Quino,,
,,,,,Diez años con Mafalda,,
,,,,," Argentina : Ed. De La Flor, 2016 ; 190 p. ; 27 cm.",,
,,,,,ISBN : 978-950-515-675-7,D,
,,,,,,,
,,,,,,,
1654,,,9/7/2017,," Méndez, Marcela",,
,,,,,Celia Torrá ensayo sobre su vida y su obra en su tiempo,,
,,,,, Argentina : Ed. Bicentenario ; 2010 ; il. ; 60 p. ; 20 cm.,,
,,,,,ISBN : 978-987-5-9926-5,D,MARCELA MENDEZ
,,,,,,,
,,,,,,,
1655,,,9/7/2017,," Méndez, Marcela",,
,,,,,Orquesta Sinfónica de Entre Ríos 1948 - 2013,,
,,,,," Argentina : ED. Delta Editora, 2013 ; il. ; 124 p. ; 22 cm.",,
,,,,,ISBN : 978-987-1698-25-7,D,MARCELA MENDEZ
,,,,,,,
,,,,,,,
1656,,,23/10/217,," Melville, Herman",,
,,,,,Moby Dick,,
,,,,," Colombia : Ed. Oveja Negra, 1985 ; 286 p. ; 19 cm.",,
,,,,,ISBN : 84-828-958-X,D,LAURA SCHROEDER
,,,,,,,
,,,,,,,
1657,,,10/23/2017,," Camilleri, Andrea",,
,,,,,El perro de terracota,,
,,,,," Argentina : Ed. Emecé, 1999 ; 257 p. ; 21 cm.",,
,,,,,ISBN : 95-4-2053-8,D,LAURA SCHROEDER
,,,,,,,
,,,,,,,
1658,,,10/23/2017,, Almafuerte,,
,,,,,Prosa y poesía,,
,,,,," Argentina : Ed. Universitaria, 1962 ; 91 p. ; 17 cm.",D,LAURA SCHROEDER
,,,,,,,
,,,,,,,
1659,,,10/23/2017,,"  Berlo, Angel G.",,
,,,,,Yoga autentico en mi hogar,,
,,,,," Argentina : Ed. Lux, ; il. ; 97 p. ; 21 cm.",,
,,,,,ISBN : 95-43-8766-7,D,LAURA SCHROEDER
,,,,,,,
,,,,,,,
1660,,,10/23/2017,," González, Eduardo",,
,,,,,La maldición de Moctezuma,,
,,,,," Argentina : Ed. Norma, 2005 ; il. ; 211 p. ; 18 cm.",,
,,,,,ISBN : 987-545-344-7,D,LAURA SCHROEDER
,,,,,,,
,,,,,,,
1661,,,10/23/2017,," Lorman, Josepe",,
,,,,,El Vampiro del torreón,,
,,,,," Argentina : Ed. ANAYA,  ; il. ; 125 p. ; 18 cm.",,
,,,,,ISBN : 84-207-6543-,D,LAURA SCHROEDER
,,,,,,,
,,,,,,,
1662,,,10/23/2017,," Calderón, Emilo",,
,,,,,El fantasma de cera,,
,,,,," Argentina : Ed. ANAYA,  ; il. ; 89 p. ; 18 cm.",,
,,,,,ISBN : 84-207-978-8,D,LAURA SCHROEDER
,,,,,,,
,,,,,,,
1663,,,10/23/2017,," Fuchs, Gerd",,
,,,,,"Charly, el ratón cazagatos",,
,,,,," Argentina : Ed. ANAYA, ; il. ; 79 p. ; 19 cm",,
,,,,,ISBN : 84-207-906-,D,LAURA SCHROEDER
,,,,,,,
,,,,,,,
1664,,,1/23/2017,,"  MacDonald Read, Margaret",,
,,,,,Cuentos que van y vienen,,
,,,,," Argentina : Ed. Aique, 2001 ; il. ; 159 p. ; 22 cm.",,
,,,,,ISBN : 95-71-78-1,D,LAURA SCHROEDER
,,,,,,,
,,,,,,,
1665,,,10/23/2017,," Wargon, Cristina",,
,,,,,El dascabellado oficio de ser mujer,,
,,,,," Argentina : Ed. De la Urraca, 1992 ; 128 p. ; 22 cm.",,
,,,,,ISBN : 95-9265-16-0,D,LAURA SCHROEDER
,,,,,,,
,,,,,,,
1666,,,10/23/2017,," Mastretta, Angeles",,
,,,,,Mujeres de ojos grandes,,
,,,,," Argentina : Ed. Seix Barral, 1992 ; 188 p. ; 21 cm.",,
,,,,,ISBN : 950-731-133-5,D,LAURA SCHROEDER
,,,,,,,
,,,,,,,
1667,,,10/23/2017,," Menapace, Mamerto",,
,,,,,Entre el brocal y la fragua,,
,,,,," Argentina : Ed. Patria Grande, 1994 ; 117 p. ; 18 cm.",,
,,,,,ISBN : 950-546-89-9,D,LAURA SCHROEDER
,,,,,,,
,,,,,,,
1668,,,10/23/2017,,"  Menapace, Mamerto",,
,,,,,El paso y la espera,,
,,,,," Argentina : Ed. Patria Grande, 1991 ; 104 p. ",,
,,,,,ISBN : 950-546-97-X,D,LAURA SCHROEDER
,,,,,,,
,,,,,,,
1669,,,10/23/2017,," Menapace, Mamerto",,
,,,,,El paso y la espera,,
,,,,," Argentina : Ed. Patria Grande, 2014 ; 101 p. ; 17 cm.",,
,,,,,ISBN : 978-950-546-053-3,D,LAURA SCHROEDER
,,,,,,,
,,,,,,,
1670,,,10/23/2017,,"Wood, Barbara ",,
,,,,,La profetisa,,
,,,,," Argentina : Ed. Buenos Aires, 2010 ; 407 p ; 18 cm.",,
,,,,,ISBN :  978-987-566-552-1,D,SRA. ADA DE CONDE
,,,,,,,
,,,,,,,
1671,,,10/23/2017,, Nueva Literatura de Habla Hispana,,
,,,,,Antoligía de varios Autores Tomo 2,,
,,,,," Argentina : ED. Nuevo Ser, 2009 ; 189 p. ; 19 cm.",,
,,,,,ISBN : 978-987-1226-43-6,D,LAURA SCHROEDER
,,,,,,,
,,,,,,,
1672,,,10/20/2017,," Yarza caudet, Francisco",,
,,,,,Antología de leyendas universales,,
,,,,," Madrid : Ed. M. E., 1995 ; 304 p. ; 20 cm.",,
,,,,,ISBN : 84-495-0176-8,D,LAURA SCHROEDER
,,,,,,,
,,,,,,,
1673,,,10/23/2017,, Poetas de la S.A.D.E.,,
,,,,,"Breve antología de los poetas ""Club de la pluma alzada""",,
,,,,," Argentina : Ed. Gabas, 28 ; 191 p. ; 22 cm.",,
,,,,,ISBN : 978-987-1251-23-,D,LAURA SCHROEDER
,,,,,,,
,,,,,,,
1674,,,1/23/2017,,"Holt, Anne",,
,,,,,Bienaventurados los sedimentos,,
,,,,," Argentina : Ed. Roca, 2011 ; 216 p. ; 22 cm.",,
,,,,,ISBN : 978-84-9918-555-2,D,SRA. ADA DE CONDE
,,,,,,,
,,,,,,,
1675,,,1/23/2017,,Anónimo,,
,,,,,Viviendo bien con diabetes,,
,,,,,"Argentina : Ed. Abbot Laboratories, 2012 ; il. ; 35 p. ; 19 cm.",,
,,,,,ISBN : 978-987-25651-2-1,D,LAURA SCHROEDER
,,,,,,,
,,,,,,,
1676,,,1/23/2017,," Buch, Tomás",,
,,,,,Sistemas Tecnológicos,,
,,,,," Argentina : Ed. AIQUE,1999 ; il. ; 424 p. ; 22 cm.",,
,,,,,ISBN : 95-71-536-1,D,LAURA SCHROEDER
,,,,,,,
,,,,,,,
1677,,,10/23/2017,," Maas, Pablo; Castillo, José",,
,,,,,Economía,,
,,,,," Argentina : Ed. AIQUE, 2002 ; il. ; 195 p. ; 23 cm.",,
,,,,,ISBN : 95-71-859-X,D   ,LAURA SCHROEDER
,,,,,,,
,,,,,,,
1678,,,10/23/2017,," Di  Sarli, María Cristina",,
1679,,,,,Del Big Bang al Homo sapiens una aproximación al proceso evolutivo,,
,,,,," Argentina : Ed. AIQUE, 1999 ; il. ; 167 p. ; 23 cm.",,
,,,,,ISBN : 950-701-565-5,D,LAURA SCHROEDER
,,,,,,,
,,,,,,,
1680,,,10/23/2017,, AIQUE,,
,,,,,Manual Aique Multiciencias,,
,,,,," Argentina : Ed. Grupo Aique, 1997 ; il, ; 399 p. ; 27 cm.",,
,,,,,ISBN : 95-71-326-1,D,LAURA SCHROEDER
,,,,,,,
,,,,,,,
1681,,,10/23/2017,," Steel, Danielle",,
,,,,,Vidas cruzadas,,
,,,,," Argentina : Ed. Debolsillo, 2008 ; 450 p. ; 18 cm. ",,
,,,,,ISBN : 978-987-566-367-1,D,SRA. ADA DE CONDE
,,,,,,,
,,,,,,,
1682,,,10/23/2017,, Reader's Digest,,
,,,,,Diccionario,,
,,,,," Mexico : Ed. Reader's Digest, 2002 ; 1152 p. ; 28 cm.",,
,,,,,ISBN : 968-546-19-1,D,LAURA SCHROEDER
,,,,,,,
,,,,,,,
1683,,,12/14/2017,," García Márquez, Gabriel",,
,,,,,Cien años de soledad,,
,,,,," Argentina : Ed. Sudamericana, 1967 ; 609 p. ; 20 cm.",,
,,,,,ISBN : 978-84-24-7183-9,D,SRA. MARIA CAMINOS
,,,,,,,
,,,,,,,
1684,,,12/14/2017,," Allende, Isabel",,
,,,,,El plan infinito,,
,,,,," Argentina : Ed. Sudamericana, 2013 ; 410 p. ; 18 cm.",,
,,,,,ISBN : 978-950-07-445-8 ,D,SRA.  MARIA CAMINOS
,,,,,,,
,,,,,,,
1685,,,12/14/2017,," Chaucer, Geooffrey",,
,,,,,Cuentos de Canterbury,,
,,,,," Argentina : Ed. Gradifco, 2004 ; 349 p. ; 18 cm.",,
,,,,,ISBN : 987-1093-93-4,D,SRA. MARIA CAMINOS
,,,,,,,
,,,,,,,
1686,,,12/14/2017,," Perry, Anne",,
,,,,,Asesino en la oscuridad,,
,,,,," Argentina : Ed. Ediciones B, 2007 ; 35 p. ; 22 cm.",,
,,,,,ISBN : 978-84-666-3872-2,D,SRA. MARIA CAMINOS
,,,,,,,
,,,,,,,
1687,,,12/14/2017,," Bigliardi, Pablo",,
,,,,,El santo de saco viejo,,
,,,,," Argentina : Ed. Ultino Recurso, 2015 ; 251 p. ; 19 cm.",,
,,,,,ISBN : 978-987-3852-06-0,D ,SRA. MARIA CAMINOS
,,,,,,,
,,,,,,,
1688,,,12/14/2017,," Stamateas, Alejandra",,
,,,,,Culpable por ser mujer,,
,,,,," Argentina : ED. Booket, 2011 ; 213 p. ; 18 cm.",,
,,,,,ISBN : 978-987-580-428-9,D,SRA. MARIA CAMINOS
,,,,,,,
,,,,,,,
1689,,,12/14/2017,," Faur, Patricia",,
,,,,,Estrés conyugal,,
,,,,," Argentina : Ediciones B, 2011 ; 166 p. ; 22 cm.",,
,,,,,ISBN : 978-987-627-249-0,D,SRA. MARIA CAMINOS
,,,,,,,
,,,,,,,
1690,,,12/14/2017,," Raquin, Bernard",,
,,,,,¡No dejes que te manipulen!,,
,,,,," Argentina : Ed. Lumen, 2009 ; 106 p. ; 20 cm.",,
,,,,,ISBN : 978-987-00-0878-1,D,"SRA, MARIA CAMINOS"
,,,,,,,
,,,,,,,
1691,,,12/14/2017,," Faure, Jean-Philippe ",,
,,,,,Educar sin castigos ni recompensas,,
,,,,," Argentina : Ed. Lumen, 2007 ; 119 p. ; 20 cm.",,
,,,,,ISBN : 978-987-00-0701-2,D,SRA. MARIA CAMINOS
,,,,,,,
,,,,,,,
1692,,,12/15/2017,," Bonelli, Florencia",,
,,,,,Lo que dicen tus ojos,,
,,,,," Argentina : Ed. Alfaguara, 2014 ; 330p. ; 21 cm.",,
,,,,,ISBN : 978-987-4-1433-9,D,SRA. ADA DE CONDE
,,,,,,,
,,,,,,,
1693,,,12/15/2017,," Bonelli, Florencia",,
,,,,,Caballo de fuego París 1,,
,,,,," Argentina ; Ed. Alfaguara, 2014 ; 224 p. ; 21 cm.",,
,,,,,ISBN : 978-987-04-3326-2,D,SRA. ADA DE CONDE
,,,,,,,
,,,,,,,
1694,,,12/15/2017,," Bonelli, Florencia",,
,,,,,Caballo de fuego París 2,,
,,,,," Argentina : Ed. Alfaguara, 2014 ; 349 p. ; 21 cm.",,
,,,,,ISBN : 978-987-04-3327-9,D,SRA. ADA DE CONDE
,,,,,,,
,,,,,,,
1695,,,12/15/2017,," Bonelli, Florencia",,
,,,,,Caballo de fuego Congo 1,,
,,,,," Argentina : Ed. Alfaguara, 2014 ; 303 p. ; 21 cm.",,
,,,,,ISBN : 978-987-4-3322-4,D,SRA. ADA DE CONDE
,,,,,,,
,,,,,,,
1696,,,12/15/2017,," Bonelli, Florencia",,
,,,,,Caballo de fuego Congo 2,,
,,,,," Argentina : Ed. Alfaguara, 2014 ; 300 p. ; 21 cm.",,
,,,,,ISBN : 978-987-04-3321-7,D,SRA. ADA DE CONDE
,,,,,,,
,,,,,,,
1697,,,12/15/2017,," Bonelli, Florencia",,
,,,,,Caballo de fuego Gaza 1,,
,,,,," Argentina : Ed. Alfaguara, 2014 ; 361 p. ; 21 cm.",,
,,,,,ISBN : 978-987-04-3320-0,D,SRA. ADA DE CONDE
,,,,,,,
,,,,,,,
1698,,,12/15/2017,," Bonelli, Florencia",,
,,,,,Caballo de fuego Gaza 2,,
,,,,," Argentina : Ed. Alfaguara, 2014 ; 318 p. ; 21 cm.",,
,,,,,ISBN : 978-987-04-3325-5,D,SRA. ADA DE CONDE
,,,,,,,
,,,,,,,
1699,,,12/15/2017,, Morris - Goscinny,,
,,,,,Lucky Luke,,
,,,,, Argentina : Ed. Lucky Comics. 2004 ; il. ; 208 ; 20 cm.,D,SRA. ADA DE CONDE
,,,,,,,
,,,,,,,
1700,,,12/15/2017,," Blajaquis, Camilo",,
,,,,,La venganza del cordero atado,,
,,,,," Argentina : Ed. Continente, 2011 ; 127 p. ; 19 cm.",,
,,,,,ISBN : 978-95-754-36-7,D,SRA. ADA DE CONDE
,,,,,,,
,,,,,,,
1701,,,12/15/2017,," Díaz, Jorge",,
,,,,,La justicia de los errantes,,
,,,,," Argentina : Ed. Plaza & Janés, 2012 ; 459 p. ; 22 cm.",,
,,,,,ISBN : 978-950-644-260-6,D,SRA. ADA DE CONDE
,,,,,,,
,,,,,,,
1702,,,12/15/2017,," Turow, Scott",,
,,,,,Inocente,,
,,,,," Argentina : Ed. Mondadori, 2010 ; 427 p. ; 22 cm.",,
,,,,,ISBN : 978-987-658-062-5,D,SRA. ADA DE CONDE
,,,,,,,
,,,,,,,
1703,,,12/15/2017,," Kazinski, A. J. ",,
,,,,,El último hombre bueno,,
,,,,," Argentina : Ed. Ediciones B, 2011 ; 518 p. ; 22 cm.",,
,,,,,ISBN : 978-84-666-4732-8,D,SRA. ADA DE CONDE
,,,,,,,
,,,,,,,
1704,,,12/15/2017,," Grisham, John",,
,,,,,Tiempo de matar,,
,,,,," Argentina : Ed. Sudamericana, 2011 ; 641 p. ; 18 cm.",,
,,,,,ISBN : 978-95-07-3351-9,D,SRA. ADA DE CONDE
,,,,,,,
,,,,,,,
1705,,,12/15/2017,," Grisham, John",,
,,,,,El jurado,,
,,,,," Argentina : Ed. B, 1998 ; 607 p. ; 18 cm",,
,,,,,ISBN : 956-7510-13-X,D,SRA. ADA DE CONDE
,,,,,,,
,,,,,,,
1706,,,12/15/2017,," Grisham, John",,
,,,,,La tapadera,,
,,,,," Argentina : Ed. Sudamericana, 2011 ; 513 p. ; 18 cm.",,
,,,,,ISBN : 978-950-07-3349-6,D,SRA. ADA DE CONDE
,,,,,,,
,,,,,,,
1707,,,12/15/2017,," Steel, Danielle",,
,,,,,Su alteza real,,
,,,,," Argentina : Ed. Sudamericana, 2012 ; 347p. ; 18 cm.",,
,,,,,ISBN : 978-950-07-3302-1,D,SRA. ADA DE CONDE
,,,,,,,
,,,,,,,
1708,,,12/15/2017,," Steel, Danielle",,
,,,,,Esperanza,,
,,,,," Argentina : Ed. Sudemaricana, 2011 ; 232 p. ; 18 cm.",,
,,,,,ISBN : 978-950-07-3552-0,D,SRA. ADA DE CONDE
,,,,,,,
,,,,,,,
1709,,,12/15/2017,," Steel, Danielle",,
,,,,,El beso,,
,,,,," Argentina : Ed. Sudamericana, 2012 ; 365 p. ; 18 cm.",,
,,,,,ISBN : 978-950-07-331-4,D,SRA. ADA DE CONDE
,,,,,,,
,,,,,,,
1710,,,12/15/2017,," Steel, Danielle",,
,,,,,El largo camino a casa,,
,,,,," Argentina : Ed. Sudamericana, 2011 ; 377 p. ; 18 cm.",,
,,,,,ISBN : 978-950-07-3308-3,D,SRA. ADA DE CONDE
,,,,,,,
,,,,,,,
1711,,,12/15/2017,, Steel. Danielle,,
,,,,,Epezar de nuevo,,
,,,,," Argentina : Ed. Sudamericana, 2015 ; 234 p. ; 18 cm.",,
,,,,,ISBN : 978-950-7-5104-9,D,SRA. ADA DE CONDE
,,,,,,,
,,,,,,,
1712,,,12/15/2017,," Steel, Danielle",,
,,,,,El anillo,,
,,,,," Argentina : Ed. Sudamericana, 2011 ; 455 p. ; 18 cm.",,
,,,,,ISBN : 978-950-07-3553-7,D,SRA. ADA DE CONDE
,,,,,,,
,,,,,,,
1713,,,12/15/2017,," Steel, Danielle",,
,,,,,Ecos,,
,,,,," Argentina : Ed. Sudamericana, 2010 ; 349 p. ; 18 cm.",,
,,,,,ISBN : 978-950-07-3298-7,D,SRA. ADA DE CONDE
,,,,,,,
,,,,,,,
1714,,,12/15/2017,," Steel, Danielle",,
,,,,,Aguila solitaria,,
,,,,," Argentina : Ed. Sudamericana, 2011 ; 356 p. ; 18 cm.",,
,,,,,ISBN : 978-950-07-3443-1,D,SRA. ADA DE CONDE
,,,,,,,
,,,,,,,
1715,,,12/15/2017,," Sheldon, Sidney",,
,,,,,más allá de la medianoche,,
,,,,," Argentina : Ed. Emecé, 2014 ; 382 p. ; 18 cm.",,
,,,,,ISBN : 978-95-04-3610-6,D,SRA. ADA DE CONDE
,,,,,,,
,,,,,,,
1716,,,12/15/2017,," Sheldon, Sidney",,
,,,,,La conspiración del juicio final,,
,,,,," Argentina : Ed. Emecé, 2014 ; 332 p. ; 18 cm.",,
,,,,,ISBN : 978-95-4-3611-3,D,SRA. ADA DE CONDE
,,,,,,,
,,,,,,,
1717,,,12/15/2017,," Sheldon, Sidney",,
,,,,,El precio de la intriga,,
,,,,," Argentina : Ed. Emecé, 2014 ; 478 p. ; 18 cm.",,
,,,,,ISBN : 978-95-4-3609-,D,ARA. ADA DE CONDE
,,,,,,,
,,,,,,,
1718,,,"15/12/2017 Sheldon, Sidney",," Sheldon, Siney",,
,,,  ,,¿Tienes miedo a la oscuridad?,,
,,,,," Argentina : Ed. Emecé, 2014 ; 294 p. ; 18cm.",,
,,,,,ISBN : 978-950-04-3618-2,D,SRA. ADA DE CONDE
,,,,,,,
,,,,,,,
1719,,,12/15/2017,," Sheldon, Sidney",,
,,,,,Los mejores planes,,
,,,,," Argentina : Ed. Emecé, 2014 ; 254 p. ; 18 cm.",,
,,,,,ISBN : 978-950-04-3621-2,D,SRA. ADA DE CONDE
,,,,,,,
,,,,,,,
1720,,,12/15/2017,," Steel, Danielle",,
,,,,,Juego de cita,,
,,,,," Argentina : Ed. Sudamericana, 2010 ; 386 p. ; 18 cm.",,
,,,,,ISBN : 978-950-07-3299-4,D,SRA. ADA DE CONDE
,,,,,,,
,,,,,,,
1721,,,3/6/2018,," Quintero, Dante Raúl",,
,,,,,Correrías de Patoruzito John el solitario,,
,,,,," Argentina : Ed. ORBIT, 2010 ; il. ; 64 p. ; 13 cm.",,
,,,,,ISBN : 978-987-1721-22-1,D,SRA. DE BLETTLER
,,,,,,,
,,,,,,,
1722,,,3/6/2017,," Quintero, Dante Raúl",,
,,,,,Correrías de Patoruzito  La bella y el ogro,,
,,,,," Argentina : Ed. ORBIT, 2010 ; il. ; 64 p. ; 13 cm.",,
,,,,,ISBN : 978-987-1721-15-3,D,SRA. DE BLETTELR
,,,,,,,
,,,,,,,
1723,,,3/6/2018,," Quintero, Dante Raúl",,
,,,,,Andanzas de Patoruzú El gran lagarto,,
,,,,," Argentina : Ed. ORBIT, 2010 ; il. ; 64 p. ; 13cm.",,
,,,,,ISBN : 978-987-1721-52-8,D,SRA. DE BLETTLER
,,,,,,,
,,,,,,,
1724,,,3/6/2018,," Quintero, Dante Raúl",,
,,,,,"Correrías de Patoruzito Sonrrisas, el payaso",,
,,,,," Argentina : Ed. ORBIT, 2010 ; il. ; 64 p. ; 13 cm.",,
,,,,,ISBN : 978-987-1721-01-6,D,SRA. DE BLETTLER
,,,,,,,
,,,,,,,
1725,,,3/6/2018,," Quintero, Dante Raúl",,
,,,,,Andanzas de Patoruzú Capeón olímpico,,
,,,,," Argentina : Ed. ORBIT, 2010 ; il. ; 64 p. ; 13 cm.",,
,,,,,ISBN : 978-987-1721-48-1,D,SRA. DE BLETTLER
,,,,,,,
,,,,,,,
1726,,,3/6/2018,," Bornamann, Elsa Isabel",,
,,,,,El libro de los chicos emamorados,,
,,,,," Argentina : Ed. ALFAGUARA, 2012 ; il. ; 130 p. ; 19cm.",,
,,,,,ISBN : 978-987-4-0228-2,D,SRA. DE BLETTLER
,,,,,,,
,,,,,,,
1727,,,3/6/2018,," Por, Edgar Allan y Verne, Julio",,
,,,,,"La carta robada, La vuelta al mundo en 80 días",,
,,,,," Argentina : Ed. TintaFresca, 2014 ; il. ; 19 cm.",,
,,,,,ISBN : 978-987-1789-56-6,D,SRA. DE BLETTLER
,,,,,,,
,,,,,,,
1728,,,3/6/2018,," Pescetti, Luis María",,
,,,,,Natacha,,
,,,,," Argentina : Ed. Alfaguara, 2013; il. ; 114 p. ; 19 cm.",,
,,,,,ISBN : 978-987-04-112-5,D,SRA. DE BLETTLER
,,,,,,,
,,,,,,,
1729,,,3/6/2018,," Blake, Michael",,
,,,,,Bailando con lobos,,
,,,,," España : Ed. Grijalbo, 1993 ; 351 p. ; 20 cm.",,
,,,,,ISBN : 84-473-0139-7,D,SRA. DE BLETTLER
,,,,,,,
,,,,,,,
1730,,,3/6/2018,," Eco, Homberto",,
,,,,,La misteriosa llama de la reina Loana,,
,,,,," Argentina : Ed. Lumen, 2005 ; 58 p. ; 22 cm.",,
,,,,,ISBN : 84-264-1491-5,D,SRA. DE BLETTLER
,,,,,,,
,,,,,,,
1731,,,3/6/2018,,"  De Miguel, María Esther",,
,,,,,"El General, el Pintor y la Dama",,
,,,,," Argentina : Ed. Planeta, 2006 ; 283 p. ; 22 cm.",,
,,,,,ISBN : 950-49-1570-1,D,SRA. DE BLETTLER
,,,,,,,
,,,,,,,
1732,,,3/6/2018,," Riel, Jorn",,
,,,,,La historia de los hombres que amaban el hielo,,
,,,,," España : Ed grijalbo, 1999 ; 20 cm.",,
,,,,,ISBN : 84-253-3350-4,D,SRA. DE BLETTLER
,,,,,,,
,,,,,,,
1733,,,3/6/2018,," Bracco, Diego",,
,,,,,El mejor de los mundos,,
,,,,," Argentina : Ed. El Ateneo, 2010 ; 222 p. ; 22 cm.",,
,,,,,ISBN : 978-950-2-0566-5,D,SRA. BLETTLER
,,,,,,,
,,,,,,,
1734,,,3/6/2018,," Grisham, John",,
,,,,,El estafador,,
,,,,," Argentina :  Ed. P & J, 2013 ; 394 p. ; 22 cm.",,
,,,,,ISBN : 978-950-644-285-9,D,SRA. DE BLETTLER
,,,,,,,
,,,,,,,
1735,,,3/20/2018,, Nik,,
,,,,,Gaturro a lo grande 6,,
,,,,,"Argentina : Ed. Catapulta, 2017 ; il. ; 93 p. ; 27 cm.",,
,,,,,ISBN : 978-987-637-646-4,C,LIB KLAXIKA
,,,,,,,
,,,,,,,
1736,,,3/20/2018,, Nik,,
,,,,,Gaturro 27,,
,,,,," Argentina : Ed. De la Flor, 2016 ; il. ; 95 p. ; 13 cm.",,
,,,,,ISBN : 978-950-515857-7,C,LIB. KLAXIKA
,,,,,,,
,,,,,,,
1737,,,3/20/2018,, Nik,,
,,,,,Gaturro 28,,
,,,,," Argentina : Ed. Dela Flor, 2017 ; il. ; 95 p. ; 13 cm.",,
,,,,,ISBN : 978-95-515-862-1,C,LIB. KLAXIKA
,,,,,,,
,,,,,,,
1738,,,3/20/2018,, Nik,,
,,,,,Gaturro 25,,
,,,,,"Argentina : Ed. De la Flor, 2015 ; il. ; 95 p. ; 13 cm.",,
,,,,,ISBN : 978-95-515-839-3,C,LIB. KLAXIKA
,,,,,,,
,,,,,,,
1739,,,3/20/2018,, Nik,,
,,,,,Gaturro 26,,
,,,,,"Argentina : Ed. Dela Flor, 2017 ; il. ; 95 p. ; 13 cm.",,
,,,,,ISBN : 978-950-515-852-2,C,LIB. KLAXIKA
,,,,,,,
,,,,,,,
1740,,,3/20/2018,, Nik,,
,,,,,Gaturro 29,,
,,,,,"Argentina : Ed. De la flor, 2017 ; il. ; 95 p. ; 13 cm.",,
,,,,,ISBN : 978-950-515-863-8,C,LIB. KLAXIKA
,,,,,,,
,,,,,,,
1741,,,3/20/2018,," Bornemann, Elsa",,
,,,,,Cuadernos de un delfin,,
,,,,," Argentina : Ed. Santillana, 2016 ; il. ; 125 p. ; 19 cm.",,
,,,,,ISBN : 978-950-46-4699-0,C,LIB. KLAXIKA
,,,,,,,
,,,,,,,
1742,,,3/20/2018,," Montes, Graciela",,
,,,,,La batalla de los monstruos y las hadas,,
,,,,," Argentina : Ed. Santillana, 2017 ; il. ; 100 p. ; 19 cm.",,
,,,,,ISBN : 978-950-46-4515-3,C,LIB. KLAXIKA
,,,,,,,
,,,,,,,
1743,,,3/20/2018,," Dahl, Roald",,
,,,,,Matilda,,
,,,,," Argentina : Ed. Santillana, 2015 ; il. ; 287 p. ; 19 cm.",,
,,,,,ISBN : 978-950-46-4368-5,C,LIB. KLAXIKA
,,,,,,,
,,,,,,,
1744,,,3/20/2018,," Valentino, Esteban",,
,,,,, Los guerreros de la hierba,,
,,,,," Argentina : Ed, Santillana, 2016 ; il. ; 79 p. ; 19 cm.",,
,,,,,ISBN : 978-95-46-4885-7,C,LIB. KLAXIKA
,,,,,,,
,,,,,,,
1745,,,3/20/2018,," Roldán, Gustavo",,
,,,,,Cuentos que cuentan los indios,,
,,,,," Argentina : Ed. Santilana, 2016 ; il. ; 129 p. 19 cm.",,
,,,,,ISBN : 978-950-46-4878-9,C,LIB. KLAXIKA
,,,,,,,
,,,,,,,
1746,,,3/20/2018,," Mariño, Ricardo",,
,,,,,Perdido en la selva,,
,,,,," Argentina : Ed. Santillana, 2016 ; il. ; 68 p. ; 19 cm.",,
,,,,,ISBN : 978-950-46-4518-4,C,LIB. KLAXIKA
,,,,,,,
,,,,,,,
1747,,,3/20/2018,," Escudero, Laura",,
,,,,,Encuentro con Flo,,
,,,,," Argentina : Ed. SM, 2017 ; 174 p. ; 18 cm.",,
,,,,,ISBN : 978-987-573-053-3,C,LIB. KLAXIKA
,,,,,,,
,,,,,,,
1748,,,3/20/2018,," Falconi, María Ines",,
,,,,,Caídos del mapa i,,
,,,,," Argentina : Ed. Quipu, 2016 ; 159 p. ; 20 cm.",,
,,,,,ISBN : 978-987-54-27-4,C,LIB. KLAXIKA
,,,,,,,
,,,,,,,
1749,,,3/20/2018,," Hirsch, Alex",,
,,,,,Gravity falls,,
,,,,," Argentina : Ed. Planeta, 2018 ; il. ; 288 p. ; 21 cm.",,
,,,,,ISBN : 978-050-49-6131-4,C,LIB. KLAXIKA
,,,,,,,
,,,,,,,
1750,,,3/20/2018,, Colección Sueños,,
1751,,,,,"Piratas, Dragones, Dinosaurios en mis sueños, ",,
1752,,,,," Argentina : Ed. Betina, 2016 ; il. ; 14 p. ; 16 cm.",,
,,,,,ISBN : ,C,LIB. KLAXIKA
,,,,,,,
,,,,,,,
1753,,,3/20/2018,," Donoghue, Emma",,
,,,,,El prodigio,,
,,,,," España : Ed.Ediciones B, 2017 ; 426 p.  ",,
,,,,,ISBN : 978-84-666-6103-4,C,LIB. KLAXIKA
,,,,,,,
,,,,,,,
2754,,,3/20/2018,, Ramos Graciela,,
,,,,,Los Amantes de San Telmo,,
,,,,," Argentina : Ed. Suma de letras, 2016 ; 378 p. ; 22cm.",,
,,,,,ISBN : 978-987-739-028-5,C,LIB. KLAXIKA
,,,,,,,
,,,,,,,
1755,,,3/20/2018,," Margall, Gabriela",,
,,,,,Huellas en el desierto,,
,,,,," Argentina : Ed. Javier Vergara, 2017 ; 237 p. ; 22 cm.",,
,,,,,ISBN : 978-950-15-6204-,C,LIB. KLAXIKA
,,,,,,,
,,,,,,,
1756,,,3/20/2018,," Perry, Anne",,
,,,,,Laberintos de la noche,,
,,,,," Argentina : Ed. Ediciones B, 2017 ; 357 p. ; 22 cm.",,
,,,,,ISBN : 978-84-666-6128-7,C,LIB. KLAXIKA
,,,,,,,
,,,,,,,
1757,,,3/20/2018,," Foenkinos, David",,
,,,,,La delicadeza,,
,,,,," Argentina : Ed. Seix Barral, 2015 ; 218 p. ; 22 cm. ",,
,,,,,ISBN : 978-95-731-716-3,C,LIB. KLAXIKA
,,,,,,,
,,,,,,,
1758,,,3/20/2018,," Unamuno, Miguel de",,
,,,,,Niebla,,
,,,,," Argentina : Ed. Gradifco, 2008 ; 254 p. ; 19 cm.",,
,,,,,ISBN : 978-987-571-0801,C,LIB. KLAXIKA
,,,,,,,
,,,,,,,
1759,,,3/20/2018,," Austen, Jane",,
,,,,,Orgullo y perjuicio,,
,,,,," Argentina : Ed. Gradifco, 2008 ; 320p. ; 18 cm.",,
,,,,,ISBN : 978-987-1093-72-4,C,LIB. KLAXIKA
,,,,,,,
,,,,,,,
176,,,3/20/2018,," Manseau, Peter",,
,,,,,La biblioteca de los sueños rotos,,
,,,,," España : Ed. Duomo, 2010 ; 446 p. ; 21 cm.",,
,,,,,ISBN : 978-84-92723-45-4,C,LIB. KLAXIKA
,,,,,,,
,,,,,,,
1761,,,3/20/2018,," Dickens, Charles",,
,,,,, Tiempos dificiles,,
,,,,," Argentina : Ed. Gradifco, 2008 ; 384 p. ; 19 cm.",,
,,,,,ISBN : 978-987-571-082-5,C,LIB. KLAXIKA
,,,,,,,
,,,,,,,
1762,,,3/20/2018,," Shakespeare, William",,
,,,,,Sueño de un noche de verano. Antonio y Cleopatra,,
,,,,," Argentina : Ed. Agebe, 2008 ; 172 p. ; 19 cm.",,
,,,,,ISBN : 978-987-1165-79-7,C,LIB. KLAXIKA
,,,,,,,
,,,,,,,
1763,,,3/20/2018,," Mastretta, Angeles",,
,,,,,Mujeres de ojos grandes,,
,,,,," Argentina : Ed. Booket, 2015 ; 237 p. ; 18 cm.",,
,,,,,ISBN : 978-987-58-728-0,C,"LIB, KLAXIKA"
,,,,,,,
,,,,,,,
1764,,,3/27/2018,," Ferrari, Andrea",,
,,,,,La noche del polizón,,
,,,,," Argentina : Ed. Norma, 217 ; 155 p. ; 20 cm.",,
,,,,,ISBN : 978-987-545-310-4,C,LIB. KLAXIKA
,,,,,,,
,,,,,,,
1765,,,3/27/2018,," Dickens, Charles",,
,,,,,Cuento de navidad,,
,,,,," Argentina : Ed. Gradifco, 2007 ; 127 p. ; 18 cm.",,
,,,,,ISBN : 978-987-1093-91-5,C,LIB. KLAXIKA
,,,,,,,
,,,,,,,
1766,,,4/9/2018,," Bodoc, Liliana",,
1767,,,,,El espejo africano,,
,,,,," Argentina : Ed. sm, 2018 ; 122 p. ; 19 cm",,
,,,,,ISBN : 978-987-573-509-4,C,LIB. KLAXIKA
,,,,,,,
,,,,,,,
1768,,,4/9/2017,," Bodoc, Liliana",,
,,,,,Amigos por el viento,,
,,,,," Argentina : Ed. Alfaguara, 2017; il. ; 85 p. ; 21 cm.",,
,,,,,ISBN : 978-987-738-389-8,C,LIB. KLAXIKA
,,,,,,,
,,,,,,,
1769,,,4/23/2018,," Serrano, Marcela",,
,,,,,La Novena,,
,,,,," Argentina : Ed. Alfaguara, 2016 ; 252 p. ; 23 cm.",,
,,,,,ISBN : 978-987-738-279-2,C,LIB. KLAXIKA
,,,,,,,
,,,,,,,
1770,,,11/22/2018,," Balmaceda, Daniel",,
,,,,,Que tenían puesto La moda en la Historia Argentina,,
,,,,," Argentina : Ed. Sudamericana, 2018 ; il ; 378 p. ; 22 cm.",,
,,,,,ISBN : 978-950-7-6205-2,C  ,LIB. KLAXIKA
,,,,,,,
,,,,,,,
1771,,,11/22/2018,," Benelli, Florencia",,
,,,,,Aquí hay dragones,,
,,,,,"Argentina : Ed. SUMA, 2018 ; 763 p. ; 22 cm.",,
,,,,,ISBN : 978-987-739-11-7,C,LIB. KLAXIKA
,,,,,,,
,,,,,,,
1772,,,11/22/2018,," Ruiz Zafón, Carlos",,
,,,,,El laberinto de los espíritus,,
,,,,," Argentina : Ed. Planeta, 2016 ; 922 p. ; 22 cm.",,
,,,,,ISBN : 978-950-49-552-3,C,LIB. KLAXIKA
,,,,,,,
,,,,,,,
1773,,,11/22/2018,," Vina, Jackson",,
,,,,,Ochenta melodías de pasión,,
,,,,," España : Ed OCEANO, 2013 ; 335 p. ; 22 cm.",,
,,,,,ISBN : 978-67-8383-0-7,C,LIB. KLAXIKA
,,,,,,,
,,,,,,,
1774,,,22/11/218,," Rolón, Gabriel",,
,,,,,La voz ausente,,
,,,,," Argentina : Ed. Emecé, 2018 ; 540 p. ; 22 cm.",,
,,,,,ISBN : 978-950-4-3981-7,C,LIB. KLAXIKA
,,,,,,,
,,,,,,,
1775,,,11/22/2018,," Benedetti, Mario",,
,,,,,Con y sin nostalgia,,
,,,,," Argentina : Ed. Planeta, 2016 ; 157 p. ; 18 cm.",,
,,,,,ISBN : 978-950-4953-5,C,LIB. KLAXIKA
,,,,,,,
,,,,,,,
1776,,,"22/11/2018 Benedetti, Mario",," Benedetti, Mario",,
,,,,,"El amor, las mujeres y la vida",,
,,,,," Argentina : Ed. Planeta, 2016 ; 175 p. ; 18 cm.",,
,,,,,ISBN : 978-950-49-4998-5,C,LIB. KLAXIKA
,,,,,,,
,,,,,,,
1777,,,11/22/2018,," Benedetti, Mario",,
,,,,,Primavera con esquina rota,,
,,,,," Argentina : Ed. Planeta, 2016 ; 219 p. ; 18 cm.",,
,,,,,ISBN : 978-950-49-5002-8,C,LIB. KLAXIKA
,,,,,,,
,,,,,,,
1778,,,11/22/2018,," Almada, Selva",,
,,,,,Ladrilleros,,
,,,,," Argentina : Ed. La Página S. A., 2018 ; 177 p. ; 19 cm.",,
,,,,,ISBN : 978-987-53712-0,C,LIB. KLAXIKA
,,,,,,,
,,,,,,,
1779,,,11/22/2018,," Guarinoni, Mariana",,
,,,,,Tierra de fugitivos,,
,,,,,"Argentina : Ediciones B, 2018 ; 379 p. ; 18 cm.",,
,,,,,ISBN : 978-987-627-847-8,C,LIB. KLAXIKA
,,,,,,,
,,,,,,,
1780,,,11/22/2018,," Gruen, Sara",,
,,,,,Agua para elefantes,,
,,,,," Argentina : Ed. deBolsillo, 2018 ; 534 p. ; 18 cm.",,
,,,,,ISBN : 978-987-725-272-9,C,LIB. KLAXIKA
,,,,,,,
,,,,,,,
1781,,,11/22/2018,," Roa Bastos, Augusto",,
,,,,,Contravida,,
,,,,," Argentina : Ed. Norma, 1994 ; 266 p. ; 20 cm.",,
,,,,,ISBN : 958-04-2931-6,C,LIB. KLAXIKA
,,,,,,,
,,,,,,,
1782,,,11/22/2018,," Bizai, José",,
,,,,,Liderazgo Neuroespiritual en acción,,
,,,,," Argentina : Ed. Sb, 2018 ; 215 p. ; 22 cm.",,
,,,,,ISBN : 978-987-4434-32-6,C,LIB. KLAXIKA
,,,,,,,
,,,,,,,
1783,,,11/22/2018,," Colfer, Chris",,
,,,,,La tierra de las histórias El hechizo de los deseos,,
,,,,," Argentina : Ed. V&R, 2018 ; 438 p. ; 20 cm.",,
,,,,,ISBN : 978-987-747-062-8,C,LIB. KLAXIKA
,,,,,,,
,,,,,,,
1784,,,11/22/2018,," Pimenta, Paula",,
,,,,,Viviendo mi pelícila la estrella de Fani 1,,
,,,,," Argentina : Ed. V&R, 2014 ; 365 p. ; 20 cm.",,
,,,,,ISBN : 978-987-612-855-1,C,LIB. KLAXIKA
,,,,,,,
,,,,,,,
1785,,,11/22/2018,," Furiasse, Mariana",,
,,,,,Intermitente Rafaela,,
,,,,," Argentina : Ed. SM, 2017 ; 243 p. ; 18 cm.",,
,,,,,ISBN : 978-987-731-396-3,C,LIB. KLAXIKA
,,,,,,,
,,,,,,,
1786,,,11/22/2018,," Punset, Ana",,
,,,,,El Club de las ZAPATILLAS ROJAS,,
,,,,," Argentina : Ed. Montena, 2018 ; il. ; 238 p. ;  20 cm.",,
,,,,,ISBN : 978-987-4924-4-9,C,LIB. KLAXIKA
,,,,,,,
,,,,,,,
1787,,,11/22/2018,," Hirs, Alex",,
,,,,,Gravity falls cómix 2,,
,,,,," Argentina : Ed.Planeta, 2018 ; il. ; 239 p. ; 20 cm. ",,
,,,,,ISBN : 978-950-49-6197-,C,LIB. KLAXICA
,,,,,,,
,,,,,,,
1788,,,11/22/2018,," Falconi, María Ines",,
,,,,,Caídos del mapa V,,
,,,,," Argentina : Ed. Quipú, 2017 ; 255 p. ; 20 cm.",,
,,,,,ISBN : 978-987-54-45-8,C ,LIB. KLAXIKA
,,,,,,,
,,,,,,,
1789,,,11/22/2018,," Falconi, María Ines",,
,,,,,Caídos del mapa VII,,
,,,,," Argentina : Ed. Quipu, 2017 ; 239p. ; 20 cm.",,
,,,,,ISBN : 978-987-504-47-2,C,LIB. KLAXIKA
,,,,,,,
,,,,,,,
1790,,,11/22/2018,," Dahl, Roald",,
,,,,,Charlie y la fabrica de chcolate,,
,,,,," Argentina : Ed. Santillana, 2015 ; il. ; 199 p. ; 19 cm.",,
,,,,,ISBN : 978-950-46-4367-8,C,LIB. KLAXIKA
,,,,,,,
,,,,,,,
1791,,,11/22/2018,," Falconi, María ines",,
,,,,,Caro Dice,,
,,,,," Argentina : Ed. Santillana, 2015 ; il. ; 258 p. ; 19 cm.",,
,,,,,ISBN : 978-950-46-4370-8,C,LIB. KLAXIKA
,,,,,,,
,,,,,,,
1792,,,11/22/2018,," Bordons, Paloma",,
,,,,,Latierra de las papas,,
,,,,," Argentina : Ed. SM, 2018 ; 135 p. ; 18 cm.",,
,,,,,ISBN : 978-987-573-335-0,C,LIB. KLAXIKA
,,,,,,,
,,,,,,,
1793,,,11/22/2018,," Ferrari, Andrea",,
,,,,,Café solo,,
,,,,," Argentina : Ed. SM, 2013 ; 117 p. ; 18 cm.",,
,,,,,ISBN : 978-987-573-366-4,C,LIB. KLAXIKA
,,,,,,,
,,,,,,,
1794,,,11/22/2018,," Furiasse, Mariana",,
,,,,,Rafaela,,
,,,,," Argentina : Ed. SM, 2017 ; 127 p. ; 18 cm. ",,
,,,,,ISBN : 978-987-1098-19-4,C,LIB. KLAXIKA
,,,,,,,
,,,,,,,
1795,,,11/22/2018,," Brandá Aráoz, María ",,
,,,,,Detectives en Recoleta,,
,,,,," Argentina : Ed. Alfaguara, 2013 ; il. ; 278 p. ; 19 cm.",,
,,,,,ISBN : 978-987-04-0227-5,C,LIB. KLAXIKA
,,,,,,,
,,,,,,,
1796,,,11/22/2018,," Gattari, María Florencia",,
,,,,,Posición adelantada,,
,,,,," Argentina : Ed. SM, 2011 ; 133 p. ; 18 cm.",,
,,,,,ISBN : 978-987-573-126-4,C,LIB. KLAXIKA
,,,,,,,
,,,,,,,
1797,,,11/22/2018,," Lindo, Elvira",,
,,,,,Amigos del alma,,
,,,,," Argentina : Ed. Santillana, 2017 ; il. ; 46 p. ; 19 cm.",,
,,,,,ISBN : 978-950-46-51963,C,"LIB, KLAXIKA"
,,,,,,,
,,,,,,,
1798,,,11/22/2018,," Bornemann, Elsa",,
,,,,,Puro ojos,,
,,,,," Argentina : Ed. Santillana, 2016 ; il. ; 63 p. ; 19 cm.",,
,,,,,ISBN : 978-950-46-4408-8,C,LIB. KLAXIKA
,,,,,,,
,,,,,,,
1799,,,11/22/2018,," Mariño, Ricardo",,
,,,,,Cuentos ridículos,,
,,,,," Argentina : Ed. Santillana, 2017 ; il. ; 73 p. ; 19 cm.",,
,,,,,ISBN : 978-950-46-4445-3,C,LIB. KLAXIKA
,,,,,,,
,,,,,,,
1800,,,11/22/2018,," Bornemann, Elsa",,
,,,,,¡Nada de tucanes!,,
,,,,," Argentina : Ed. Santillana, 2017 ; il. ; 76 p. ; 19 cm.",,
,,,,,ISBN : 978-950-46-4321-0,C,LIB. KLAXIKA
,,,,,,,
,,,,,,,
1801,,,11/22/2018,," Granatta, María",,
,,,,,El gallo Quiquiricó y los zancos traviesos,,
,,,,," Argentina : Ed. Sigmar, 2017 ; il. ; 16 p. ; 20 cm.",,
,,,,,ISBN : 978-950-11-3442-1,C,LIB. KLAXIKA
,,,,,,,
,,,,,,,
1802,,,11/22/2018,," Granatta, María",,
,,,,,Viaje en globo y un pichón de avestruz,,
,,,,," Argentina : Ed. Sigmar, 2017 ; il. ; 16 p. ; 20 cm.",,
,,,,,ISBN : 978-950-113438-4,C,LIB. KLAXIKA
,,,,,,,
,,,,,,,
1803,,,3/12/2019,," Hines, J I M C.",,
,,,,,La locura de la sirena,,
,,,,," Argentina : Ed. El Ateneo, 2018 ; 493 p. ; 22 cm.",,
,,,,,ISBN : 978-950-02-0962-5,C,LIB. KLAXIKA
,,,,,,,
,,,,,,,
1804,,,3/12/2019,," Lins e Silva, Flávia",,
,,,,,Diario de Pilar en Egipto,,
,,,,," Argentina : Ed. V & R, 2018 ; il. ; 160 p. ; 18 cm.",,
,,,,,ISBN : 978-987-747-131-1,C,LIB. KLAXIKA
,,,,,,,
,,,,,,,
1805,,,3/12/2019,," Lins e Silva, Flávia",,
,,,,,Diario de Pilar en Machu Pichu,,
,,,,," Argentina : Ed. V & R, 2018 ; il. ; 155 p. ; 18 cm.",,
,,,,,ISBN : 978-987-747-306-3,C,LIB. KLAXIKA
,,,,,,,
,,,,,,,
1806,,,3/12/2019,," Lins e Silva, Flávia",,
,,,,,Diario de Pilar en Grecia,,
,,,,," Argentina : Ed. V & R, 2018 ; il. ; 151 p. ; 18 cm.",,
,,,,,ISBN : 978-987-612-824-7,C,LIB. KLAXIKA
,,,,,,,
,,,,,,,
,,,,,,,
1807,,,3/12/2019,," Rowe, Jeffrey",,
,,,,,Gravity falls Dipper y Mabel,,
,,,,," Argentina : Ed. Planeta, 2019 ; il. ; 295 p. ; 20 cm.",,
,,,,,ISBN : 978-950-49-6080-5,C,LIB. KLAXIKA
,,,,,,,
,,,,,,,
1808,,,12/032019,," Renzetti, Rob",,
,,,,,Gravity falls Guía de misterio y diversión,,
,,,,," Argentina : Ed. Planeta, 2018 ; il. ; 160 p. ; 20 cm.",,
,,,,,ISBN : 978-950-49-6132-1,C,LIB. KLAXIKA
,,,,,,,
,,,,,,,
1809,,,3/12/2019,," Montes, Graciela",,
,,,,,"Doña Clementina queridita, la achicadora",,
,,,,," Argentina : Ed. Colihue, 2016 ; 74 p. ; 16 cm.",,
,,,,,ISBN : 978-950-581-513-5,C, LIB. KLAXIKA
,,,,,,,
,,,,,,,
1810,,,3/12/2019,," Schujer, Silvia",,
,,,,,Cientos y chinventos,,
,,,,," Argentina : Ed. Colihue, 2015 ; 77 p, ; 16 cm.",,
,,,,,ISBN : 978-950-581-520-3,C,LIB. KLAXIKA
,,,,,,,
,,,,,,,
1811,,,3/12/2019,," Mariño, Ricardo",,
,,,,,Cuentos del circo,,
,,,,," Argentina : Ed. Colihue, 2015 ; 70 p. ; 16 cm.",,
,,,,,ISBN : 978-950-581-530-5,C,LIB. KLAXIKA
,,,,,,,
,,,,,,,
1812,,,3/12/2019,," Montes, Graciela",,
,,,,,Historia de un amor exagerado,,
,,,,," Argentina : Ed. Colihue, 2014 ; 65 p. ; 16 cm.",,
,,,,,ISBN : 978-95-581-525-8,C,LIB. KLAXIKA
,,,,,,,
,,,,,,,
1813,,,3/12/2019,," Brezenoff, Steve",,
,,,,,Ravens Pass  La isla perdida,,
,,,,," Uruguay : Ed. Latinbooks, 2016 : il. ; 86 p. ; 19 cm.",,
,,,,,ISBN : 978-9974-738-73-7,C,LIB. KLAXIKA
,,,,,,,
,,,,,,,
1814,,,3/12/2019,," Brezenoff, Steve",,
,,,,,Ravens Pass Tramposos,,
,,,,," Uruguay : Ed. Latinbooks, 2016 ; il. ; 87 p. ; 19 cm.",,
,,,,,ISBN : 978-9974-738751,C,LIB. KLAXIKA
,,,,,,,
,,,,,,,
1815,,,3/12/2019,," Brezenoff, Steve",,
,,,,,Ravens Pass No hay lugar como el hogar,,
,,,,," Uruguay : Ed. Latinbooks, 2016 ; il. ; 86 p. ; 19 cm.",,
,,,,,ISBN : 978-9974-738-74-4,C,LIB. KLAXIKA
,,,,,,,
,,,,,,,
1816,,,3/12/2019,, Nik,,
,,,,,Gaturro 50 cuentos para leer en un minuti,,
,,,,," Argentina : Ed. Sudamericana, 2019 ; il. ; 116 p. ; 20 cm.",,
,,,,,ISBN : 978-950-07-6222-9,C,LIB. KLAXIKA
,,,,,,,
,,,,,,,
1817,,,3/12/2019,, Nik,,
,,,,,Gaturro 31,,
,,,,," Argentina : Ed. De la Flor, 2018 ; il. ; 95 p. ; 13 cm.",,
,,,,,ISBN : 978-950-515-870-6,C,LIB. KLAXIKA
,,,,,,,
,,,,,,,
1818,,,12/032019,, Nik,,
,,,,,Gaturro 16,,
,,,,," Argentina : Ed. De la Flor, 2014 ; il. ; 95 p. ; 13 cm.",,
,,,,,ISBN : 978-950-515-7990,C,LIB. KLAXIKA
,,,,,,,
,,,,,,,
1819,,,12/032019,, Nik,,
,,,,,Gaturro 11,,
,,,,," Argentina : Ed. De la Flor, 2018 ; il. ; 95 p. ; 13 cm.",,
,,,,,ISBN : 978-950-515-788-4,C,LIB. KLAXIKA
,,,,,,,
,,,,,,,
1820,,,3/12/2019,, Nik,,
,,,,,Gaturro 24,,
,,,,," Argentina : Ed. De de la For, 2015 ; il ; 95 p. ; 13 cm.",,
,,,,,ISBN : 978-950-515-824-9,C,LIB. KLAXIKA
,,,,,,,
,,,,,,,
1821,,,12/032019,, Nik,,
,,,,,Gaturro 7,,
,,,,," Argentina : Ed. De la Flor, 2018 , il. ; 95 p. ; 13 cm.",,
,,,,,ISBN : 978-950-515-770-9,C,LIB. KLAXIKA
,,,,,,,
,,,,,,,
1822,,,3/12/2019,," Vaccarini, Franco",,
,,,,,Lobo y ogro se pelean,,
,,,,," Argentina : Ed. SIGMAR, 2017 ; il. ; 16 p. ; 21 cm.",,
,,,,,ISBN : 978-95-11-3726-2,C,LIB. KLAXIKA
,,,,,,,
,,,,,,,
1823,,,3/12/2019,," Schuff, Nicolas",,
,,,,,Aprendiz de bruja,,
,,,,," Argentina : Ed. SIGMAR, 2018 ; il. ; 16 p. ; 21 cm.",,
,,,,,ISBN : 978-950-11-3723-1,C,LIB. KLAXIKA
,,,,,,,
,,,,,,,
1824,,,3/12/2019,," Suárez, Patricia",,
,,,,,Pollo primor,,
,,,,," Argentina : Ed. SIGMAR, 2018 ; il. 16 p. ; 21 cm.",,
,,,,,ISBN : 978-95-11-3730-9,C,LIB. KLAXIKA
,,,,,,,
,,,,,,,
1825,,,3/12/2019,," Vaccarini, Franco",,
,,,,,El rey mío,,
,,,,," Argentina : Ed. SIGMAR, 2017 ; il. ; 16 p. ; 21 cm.",,
,,,,,ISBN : 978-950-11-3725-5,C,LIB. KLAXIKA
,,,,,,,
,,,,,,,
1826,,,3/12/2019,," Schuff, Nicolas",,
,,,,,Cornelia y el horrible pispás,,
,,,,,"Argentina : Ed. SIGMAR, 2018 ; il. ; 16 p. ; 21 cm.",,
,,,,,ISBN : 978-950-11-2724-8,C,LIB. KLAXIKA
,,,,,,,
,,,,,,,
1827,,,3/12/2019,," Suárez, Patricia",,
,,,,,"Rupert, el valiente",,
,,,,," Argentina : Ed. SIGMAR, 2018 ; il. ; 16 p. ; 21 cm.",,
,,,,,ISBN : 978-950-11-3731-6 ,C,LIB. KLAXIKA
,,,,,,,
,,,,,,,
1828,,,3/12/2019,, Anónimo,,
,,,,,El oso anda por el bosque,,
,,,,," Argentina : Ed. EDG, 2016 ; il, 14 cm.",,
,,,,,ISBN : 978-987-3993-13-8,C,LIB. KLAXIKA
,,,,,,,
,,,,,,,
1829,,,3/12/2019,,Anónimo,,
,,,,,El zorro sale de paseo,,
,,,,," Argentina : Ed. EDG, 2016 ; il. ; 14 cm.",,
,,,,,ISBN: 978-987-39939-11-4,C,LIB. KLAXIKA
,,,,,,,
,,,,,,,
1830,,,3/12/2019,,Anónimo,,
,,,,,El mono hace monerías,,
,,,,," Argentina : Ed. EDG, 2016 ; il. ; 14 cm.",,
,,,,,ISBN : 978-987-3993-1-7,C,LIB. KLAXIKA
,,,,,,,
,,,,,,,
1831,,,3/12/2019,," Dulfano, Carla",,
,,,,,Pepe el tractor,,
,,,,," Argentina : Ed. Infantil, 2015 ; il. 18 cm.",,
,,,,,ISBN : 978-987-598-337-3,C,LIB. KLAXIKA
,,,,,,,
,,,,,,,
1832,,,3/12/2019,," Dulfano, Carla",,
,,,,,Paco el vagón,,
,,,,," Argebntina : Ed. Infantil, 2015 ; il. ; 18 cm.",,
,,,,,ISBN : 978-987-598-337-3,C,LIB. KLAXIKA
,,,,,,,
,,,,,,,
1833/12/03/2019,,,,," Rivero, Viviana",,
,,,,,Zafiros en la piel,,
,,,,," Argentina : Ed. Emecé, 2018 ; 244 p. ; 22 cm.",,
,,,,,ISBN : 978-950-4-3966-4,C,LIB. KLAXIKA
,,,,,,,
,,,,,,,
1834,,,3/12/2019,,"Rivero, Viviana",,
,,,,,Sí,,
,,,,," Argentina : Ed. Emecé, 2017 ; 557 p. ; 22 cm.",,
,,,,,ISBN : 978-950-04-3854-4,C,LIB. KLAXICA
,,,,,,,
,,,,,,,
1835,,,3/12/2019,," Taylor, Elizabeth",,
,,,,,Prohibido morir aquí,,
,,,,," Argentina : Ed. La Bestia Equilatera, 2018; 253 p. ; 19 cm.",,
,,,,,ISBN : 978-950-9749-36-8,C,LIB. KLAXIKA
,,,,,,,
,,,,,,,
1836,,,3/12/2019,," Stell, Danielle",,
,,,,,La amante,,
,,,,," Argentina : Ed. P&J, 2019 ; 298 p. ; 22 cm.",,
,,,,,ISBN : 978-950-644-484-6,C,LIB. KLAXIKA
,,,,,,,
1837,,,3/12/2019,," Eger, Edith",,
,,,,,La bailarina de Auschwitz,,
,,,,," Argentina : Ed. Planeta, 2018 ; 412 p. ; 22 cm.",,
,,,,,ISBN : 978-950-49-6213-7,C,LIB. KLAXIKA
,,,,,,,
,,,,,,,
1838,,,3/12/2019,," Margal, Gabriela",,
,,,,,La Princesa de las pampas,,
,,,,," Argentina : Ed. B, 2018 ; 325 p. ; 18 cm.",,
,,,,,ISBN : 978-987-316-9,C,LIB. KLAXIKA
,,,,,,,
,,,,,,,
1839,,,3/12/2019,," Border, María",,
,,,,,Aunque me resista,,
,,,,," Argentina : Ed. P&J, 2018 ; 283 p. ; 18 cm.",,
,,,,,ISBN : 978-95-644-451-8,C,LIB. KLAXIKA
,,,,,,,
,,,,,,,
1840,,,3/12/2019,," Pilcher, Rosamunde",,
,,,,,La casa Vacía,,
,,,,," Argentina : Ed. Debolsillo, 2018 ; 188 p. ; 18 cm.",,
,,,,,ISBN : 978-987-725-273-6,C,LIB. KLAXIKA
,,,,,,,
,,,,,,,
1841,,,3/12/2019,," Guarinoni, Mariana",,
,,,,,Tierra de fugitivos,,
,,,,," Argentina : Ed. B, 2018 ; 379 p. ; 18 cm.",,
,,,,,ISBN : 978-987-627-847-8,C,LIB. KLAXIKA
,,,,,,,
,,,,,,,
1842,,,3/12/2019,," Lippincott, Rachael",,
,,,,,Ados metros de ti,,
,,,,," Argentina : Ed. Nube de tinta, 2019 ; 283 p. ; 21 cm.",,
,,,,,ISBN : 978-987-1997-38-1,C,LIB. KLAXIKA
,,,,,,,
,,,,,,,
1843,,,3/12/2019,,"Wernicke, Luciano",,
,,,,,Istorias insólitas de los juegos olímpicos,,
,,,,," Argentina : Ed. Planeta, 2016 ; 316 p. ; 22 cm.",,
,,,,,ISBN : 978-950-49-5233-6,C,LIB. KLAXIKA
,,,,,,,
,,,,,,,
1844,,,3/12/2019,," Belli, Gioconda",,
,,,,,Las fiebres de la memoria,,
,,,,," Argentina : Ed. Seix Barral, 2018 ; 358 p. ; 23 cm.",,
,,,,,ISBN : 978-980-731-954-9,C,LIB. KLAXIKA
,,,,,,,
,,,,,,,
1845,,,3/12/2019,," Casañas, Gloria v.",,
,,,,,La mirada del puma Hechozo de amor en la Patagonia,,
,,,,, Argentina : Ed. 2018 ; 477 p. ; 22cm.,,
,,,,,ISBN : 978-95-644-461-7,C,LIB. KLAXUKA
,,,,,,,
,,,,,,,
1446,,,3/12/2019,," Pérez, Fernanda",,
,,,,,La piel no olvida,,
,,,,," Argentina : Ed. Suma de letras, 2019 ; 477 p. ; 22 cm.",,
,,,,,ISBN : 978-987-739-118-3,C,LIB. KLAXIKA
,,,,,,,
,,,,,,,
1447,,,3/12/2019,,"Britos, Orlando",,
,,,,, Alemanes del Volga,,
,,,,,"Argentina : Ed, 2011 ; 118 p. ; 19 cm.",D,SR. ORLANDO BRITOS
,,,,,,,
,,,,,,,
1848,,,21/32019,," Valentino, Esteban",,
,,,,,Es tan difícil volver a Itaca,C,LIB. KLAXIKA
,,,,," Argentina : Ed. SM, 2018 ; 113 p. ; 20 cm.",,
,,,,,ISBN : 978-987-731-86-7,,
,,,,,,,
,,,,,,,
1849,,,21/03219,, Homero,,
,,,,,ODISEA,C,LIB. KLAXIKA
,,,,," Argentina : Ed. Kapelusz, 2018 ; il. ; 191 p. ; 19 cm.",,
,,,,,ISBN : 978-95-13-2336-8,,
,,,,,,,
,,,,,,,
1850,,,4/5/2019,," Butti, Enrique",,
,,,,,No me digan que no,,
,,,,," Argentina : Ed. Colihue, 2013  ; il. ; 115 p. ; 17 cm.",,
,,,,,ISBN : 978-950-581-085-7,C,LIB. KLAXIKA
,,,,,,,
,,,,,,,
1851,,,4/29/2019,," Benedetti, Mario",,
,,,,,La tregua,,
,,,,," Argentina : Ed. Booket, 2017 ; 223 p. ; 18 cm.",,
,,,,,ISBN : 978-987-580-095-3,C,LIB. KLAXIKA
,,,,,,,
,,,,,,,
1852,,,4/29/2019,," Devetach, Laura",,
,,,,,Monigotes en la arena,,
,,,,," Argentina : Ed. Santillana, 2019 ; il. ;  59 p. ; 19 cm.; ",,
,,,,,ISBN : 978-950-46-4306-7,C,LIB. KLAXIKA
,,,,,,,
,,,,,,,
1853,,,6/21/2019,," Balbiano, Alejandro y Otros",,
,,,,,Cinecias Naturales 1- Santillana en línea,,
,,,,," Argentina : Ed. Santillana, 2018 ; il. ; 240 p. ; 27 cm.",,
,,,,,ISBN : 978-950-46-3993-0,C,MERCADO LIBRE
,,,,,,,
,,,,,,,
1854,,,8/1/2019,," Larsson, Stieg",,
,,,,,La reina en el palacio de las corrientes de aire,,
,,,,," Aregentina : Ed. Booket, 2015 ; 868 p. ; 19 cm.",,
,,,,,ISBN : 978-987-58-488-3,C,MERCADO LIBRE
,,,,,,,
,,,,,,,
1855,,,8/1/2019,," Larsson, Stieg",,
,,,,,Lo que no te mata tehace mas fuerte,,
,,,,," Argentina : Ed. Booket, 2017 ; 651 p. ; 19 cm.",,
,,,,,ISBN : 978-987-58-874-4,C,MERCADO LIBRE
,,,,,,,
,,,,,,,
1856,,,8/1/2019,," Larsson, Stieg",,
,,,,,El hombre que perseguía su sombra,,
,,,,," Argentina : Ed.Destino, 2017 ; 596 p. ; 22 cm. ",,
,,,,,ISBN : 978-95-732-402-4,C,MERCADO LIBRE
,,,,,,,
,,,,,,,
1857,,,9/20/2019,," Verne, Julio",,
,,,,,El faro del fondo del mundo,,
,,,,," Argentina : Ed. Agebe, 2007 ; 141 p. ; 19 cm.",,
,,,,,ISBN : 987-1165-38-2,C,LIB. KLAXIKA
,,,,,,,
,,,,,,,
1858,,,9/2/2019,," Casona, Alejandro",,
,,,,,La dama del alba,,
,,,,," Argentina : Ed. EDAF, 2013 ; 138 p. ; 20 cm",,
,,,,,ISBN : 978-84-414-2174-5,C,LIB. KLAXIKA
,,,,,,,
,,,,,,,
1859,,,11/5/2019,," Stephen, King",,
,,,,,El Instituto,,
,,,,," Argentina : Ed. P&J, 2019 ; 618 p. ; 22 cm. ",,
,,,,,ISBN : 978-950-644-509-6,C,LIB. KLAXIKA
,,,,,,,
,,,,,,,
1860,,,11/5/2019,," Cabrera, Ana María",,
,,,,,Macacha Guemes,,
,,,,," Argentina : Ed. Emecé, 2016 ; 223 p. ; 22 cm.",,
,,,,,ISBN : 978-950-04-3326-6,C,LIB. KLAXIKA
,,,,,,,
,,,,,,,
1861,,,11/5/2019,," Margall, Gabriela",,
,,,,,La Historia Argentina contada por Mujeres,,
,,,,," Argentina : Ed. B, 2018 ; 237 p. ; 22 cm.",,
,,,,,ISBN : 978-987-627-318-3,C,LIB. KLAXIKA
,,,,,,,
,,,,,,,
1862,,,11/5/2019,," Margall, Gabriela",,
,,,,,Ese ancho río entre nosotros,,
,,,,," Argentina : Ed. Vergara, 2016 ; 280 p. ; 22 cm.",,
,,,,,ISBN : 978-950-15-6183-8,C,LIB. KLAXIKA
,,,,,,,
,,,,,,,
1863,,,05/11/201-,," Margall, Gabriela",,
,,,,,Lo que no se nombra,,
,,,,," Argentina : Ed. B, 2019 ; 333p. ; 22 cm.",,
,,,,,ISBN : 978-987-780-044-9,C,LIB. KLAXIKA
,,,,,,,
,,,,,,,
1864,,,11/5/2019,," Margall, Gabriela",,
,,,,,Ojos color pampa,,
,,,,," Argentina : Ed. Sentimental, 2013 ; 282 p. ; 21 cm.",,
,,,,,ISBN : 978-987-1568-33-8,C,LIB. KLAXIKA
,,,,,,,
,,,,,,,
1865,,,11/5/2019,, Ramos. Graciela,,
,,,,,La capitana,,
,,,,," Argentina : Ed. SUMA, 2015 ; 421 p. ; 22 cm. ",,
,,,,,ISBN : 978-987-734-004-9,C,LIB. KLAXIKA
,,,,,,,
,,,,,,,
1866,,,11/5/2019,," Bonelli, Florencia",,
,,,,,Nacida bajo el fuego de Aries,,
,,,,," Argentina : Ed. Alfaguara, 2017 ; 617 p. ; 21 cm.",,
,,,,,ISBN : 978-987-345-4,C,LIB. KLAXIKA
,,,,,,,
,,,,,,,
1867,,,11/5/2019,," Bonelli, Florencia",,
,,,,,El cuarto arcano El puerto de las tormentas,,
,,,,," Argentina : Ed. SUMA, 2018 ; 589 p. ; 22 cm.",,
,,,,,ISBN : 978--987-739-109-1,C,LIB. KLAXIKA
,,,,,,,
,,,,,,,
1868,,,11/5/2019,," Bonelli, Florencia",,
,,,,,Nacida bajo el signo del Toro,,
,,,,," Argentina : Ed. Alfaguara, 2014 ; 419 p. ; 20 cm.",,
,,,,,ISBN : 978-987-04-2916-6,C,LIB. KLAXICA
,,,,,,,
,,,,,,,
1869,,,11/5/2019,," Binelli, Florencia",,
,,,,,Marlene,,
,,,,," Argentina : Ed. SUMA, 2018 ; 481 p. ; 22 cm",,
,,,,,ISBN : 978-987-739-112-1,C,LIB. KLAKIKA
,,,,,,,
,,,,,,,
1870,,,11/5/2019,," Bajo, Cristina y Otras",,
,,,,,"Ay, amor Diez historias para enamorarte",,
,,,,," Argentina : Ed. P&J, 2015 ; 366 p. ; 22 cm.",,
,,,,,ISBN : 978-950-644-343-6,C,LIB. KLAXIKA
,,,,,,,
,,,,,,,
1871,,,11/5/2019,," Casañas, Gloria V.",,
,,,,,La maestra de la laguna,,
,,,,," Argentina : Ed. Debolsillo, 2017 ; 827 p. ; 18 cm.",,
,,,,,ISBN : 978-987-725-007-7,C,LIB. KLAXIKA
,,,,,,,
,,,,,,,
1872,,,11/5/2019,," Casañas, Gloria V.",,
,,,,,Por el sendero de las lágrimas,,
,,,,," Argentina : Ed. Debolsillo, 2018 ; 541 p. ; 18 cm.",,
,,,,,ISBN : 978-987-725-317-7,C,LIB. KLAXIKA
,,,,,,,
,,,,,,,
1873,,,11/5/2019,," Casañas, Gloria V.",,
,,,,,La salvaje de Boston,,
,,,,," Argentina : Ed. P&J, 2019 ; 55 p. ; 22 cm.",,
,,,,,ISBN : 978-95-544-378-8,C,LIB. KLAXIKA
,,,,,,,
,,,,,,,
1874,,,11/5/2019,," Casañas, Gloria V.",,
,,,,,Noche de luna larga,,
,,,,," Argentina : Ed. P&J, 2016 ; 268 p. ; 20 cm.",,
,,,,,ISBN : 978-950-644-43-7,C,LIB. KLAXIKA
,,,,,,,
,,,,,,,
1875,,,11/5/2019,," Casañas, Gloria V.",,
,,,,,En alas de la seducción,,
,,,,," Argentina : Ed. P&J, 2018 ; 441 p. ; 23 cm.",,
,,,,,ISBN : 978-950-644-128-9,C,LIB. KLAXIKA
,,,,,,,
,,,,,,,
1876,,,11/5/2019,," Ramos, Graciela",,
,,,,,Lágrimas de la revolución,,
,,,,," Argentina : Ed, Alfaguara, 2013 ; 443 p. ; 22 cm.",,
,,,,,ISBN : 978-987-04-3106-0,C,LIB. KLAXIKA
,,,,,,,
,,,,,,,
1877,,,11/5/2019,," Ramos, Graciela",,
,,,,,La boca roja del riachuelo,,
,,,,," Argentina : Ed. SUMA, 2017 ; 412 p. ; 22 cm.",,
,,,,,ISBN : 978-987-939-083-4,C,LIB. KLAXIKA
,,,,,,,
,,,,,,,
1878,,,11/5/2019,, Ramos Graciela,,
,,,,,La patria de Enriqueta,,
,,,,," Argentina : Ed. SUMA, 2019 ; 287 p. ; 22 cm.",,
,,,,,ISBN : 978-987-739-136-7,C,LIB. KLAXIKA
,,,,,,,
,,,,,,,
1879,,,11/5/2019,," Guarinoni, Mariana",,
,,,,,La dueña de la Santa,,
,,,,," Argentina : Ed. Vergara, 2016 ; 393 p. ; 22 cm.",,
,,,,,ISBN : 978-950-15-6173-9,C,LIB. KLAXIKA
,,,,,,,
,,,,,,,
1880,,,11/5/2019,," Guarinoni, Mariana",,
,,,,,La adelantada de los Mares del Sur,,
,,,,," Argentina : Ed. Vergara, 2015 ; 372 p. ; 22cm.", ,
,,,,,ISBN : 978-950-15-2630-1,C,LIB. KLAXIKA
,,,,,,,
,,,,,,,
1881,,,11/5/2019,," Guarinoni, Mariana ",,
,,,,,Hijas del sol,,
,,,,," Argentina : Ed. Vergara, 2017 ; 427 p. ; 23 cm.",,
,,,11/5/2019,,ISBN : 978-950-15-621-9,C,LIB. KLAXIKA
,,,,,,,
,,,,,,,
1882,,,11/5/2019,," Guarinoni, Mariana",,
,,,,,Renacerán mil rosas,,
,,,,," Argentina : ed. B, 2018 ; 382 p. ; 22 cm.",,
,,,,,ISBN : 978-987-627-5,C,LIB. KLAXIKA
,,,,,,,
,,,,,,,
1883,,,11/5/2019,," Guarinoni, Mariana",,
,,,,,Puerto prohibido,,
,,,,," Argentina : Ed. Vergara, 2017 ; 344 p. ; 23 cm.",,
,,,,,ISBN : 978-950-15-6199-9,C,LIB. KLAXIKA
,,,,,,,
,,,,,,,
1884,,,11/5/2019,," Guarinoni, Mariana",,
,,,,,Tierra de fugitivos,,
,,,,," Argentina : Ed. Vergara, 2014 ; 378 p. ; 23 cm.",,
,,,,,ISBN : 978-950-15-6158-6,C,LIB. KLAXIKA
,,,,,,,
,,,,,,,
1885,,,11/5/2019,," Rivero, Viviana",,
,,,,,Los colores de la felicidad,,
,,,,," Argentina : Ed. Emecé, 2019 ;  438 p. ; 23 cm.",,
,,,,,ISBN : 978-950-04-376-8,C,LIB. KLAXIKA
,,,,,,,
,,,,,,,
1886,,,11/5/2019,," Bonelli, Florencia",,
,,,,,Jasy,,
,,,,," Argentina : Ed. SUMA, 2014 ; 605 p. ; 23 cm.",,
,,,,,ISBN : 978-987-04-3612-6,C,LIB. KLAXIKA
,,,,,,,
,,,,,,,
1887,,,11/5/2019,," Bonelli, Florencia",,
,,,,,Nacida bajo el sol de acuario,,
,,,,," Argentina : Ed. Alfaguara, 2016 ; 67 p. ; 21 cm.",,
,,,,,ISBN : 978-987-738-161-0,C ,KLAXIKA
,,,,,,,
,,,,,,,
1888,,,11/5/2019,," Bonelli, Florencia",,
,,,,,La tierra sin mal,,
,,,,," Argentina : Ed. SUMA, 2016 ; 787 p. ; 23 cm.",,
,,,,,ISBN : 978-987-739-022-3,C,LIB. KLAXIKA
,,,,,,,
,,,,,,,
1889,,,11/5/2019,," Bonelli, Florencia",,
,,,,,Bodas de odio,,
,,,,," Argentina : Ed. SUMA, 2016 ; 396 p. ; 23 cm.",,
,,,,,ISBN : 978-987-042848-0,C,LIB. KLAXIKA
,,,,,,,
,,,,,,,
1890,,,11/5/2019,," Bonelli, Florencia",,
,,,,,Almanegra,,
,,,,," Argentina : Ed. SUMA, 2015 ; 637 p. ; 23 c.",,
,,,,,ISBN : 978-987-739-007-0,C,LIB. KLAXIKA
,,,,,,,
,,,,,,,
1891,,,05/11/219,," Bonelli, Florencia",,
,,,,,"Dime, ¿quién es como Dios?",,
,,,,," Argentina : Ed. SUMA, 2019 ; 813 p. ; 23 cm.",,
,,,,,ISBN : 978-987-739-124-4,C,LIB. KLAXIKA
,,,,,,,
,,,,,,,
1892,,,11/5/2019,," Bonelli, Florencia",,
,,,,,Cuentos para Felipe,,
,,,,," Argentina : Ed. Alfaguara, 2013 ; il. ; 70p. ; 22 cm.",,
,,,,,ISBN : 978-987-04-3186-2,C,LIB. KLAXIKA
,,,,,,,
,,,,,,,
1893,,,11/5/2019,," Roux, Mandeleine",,
,,,,,Catacomb,,
,,,,," Argentina : Ed. V&R, 2016 ; il. ; 334 p. ; 20 cm.",,
,,,,,ISBN : 978-987-747-059-8,C,LIB. KLAXIKA
,,,,,,,
,,,,,,,
1894,,,11/5/2019,," Roux, Mandeleine",,
,,,,,Asylum,,
,,,,," Argentina : Ed. V&R, 2014 ; il. ; 313 p. ; 20 cm.",,
,,,,,ISBN : 978-987-612-778-3,C,LIB. KLAXIKA
,,,,,,,
,,,,,,,
1895,,,11/5/2019,," Roux, Mandeleine",,
,,,,,Escape del Asylum,,
,,,,," Argentina ; Ed. V&R, 2016 ; il. ; 340 p. ; 20 cm.",,
,,,,,ISBN : 978-987-747-253-0,C,LIB. KLAXIKA
,,,,,,,
,,,,,,,
1896,,,11/5/2019,," Roux, Mandeleine",,
,,,,,Sanctum,,
,,,,," Argentina : Ed. V&R, 2015 ; il. ; 234 p. ; 20 cm.",,
,,,,,ISBN: 978-987-612-906-0,C,LIB. KLAXIKA
,,,,,,,
,,,,,,,
1897,,,11/5/2019,," Falconi, María Inés",,
,,,,,Caídos del mapa II Con un pie en el micro,,
,,,,," Argentina : Ed. Quipu, 2018 ;  il. ; ;223 p. ; 20 cm.",,
,,,,,ISBN : 978-987-504-028-1,C,LIB. KLAXIKA
,,,,,,,
,,,,,,,
1898,,,11/5/2019,," Falconi, María Inés",,
,,,,,Caídos del mapa II En viaje de egresados,,
,,,,," Argentina : Ed. Quipu, 2018 ;  il. ; 256 p. ; 20 cm.",,
,,,,,ISBN : 978-987-54-029-8,C,LIB. KLAXIKA
,,,,,,,
,,,,,,,
1899,,,11/5/2019,," Falconi, María Inés",,
,,,,,Caídos del mapa IV Chau septimo,,
,,,,," Argentina : Ed. Quipu, 2018 ; il. ; 253 p. ; 20 cm.",,
,,,,,ISBN : 978-987-504-03-4,C,LIB. KLAXIKA
,,,,,,,
,,,,,,,
1900,,,11/5/2019,," Falconi, María Inés",,
,,,,,Caídos del mapa VI Un año más,,
,,,,," Argentina : Ed. Quipu, 2017 ; il. ; 245 p. ; 20 cm.",,
,,,,,ISBN : 978-987-504-046-5,C,LIB. KLAXIKA
,,,,,,,
,,,,,,,
1901,,,11/5/2019,," Falconi, María Inés",,
,,,,,Caídos del mapa VII Un triste adios,,
,,,,," Argentina : Ed. Quipu, 2017 ; il. ; 239 p. ; 2 cm.",,
,,,,,ISBN : 978-987-504-047-2,C,LIB. KLAXIKA
,,,,,,,
,,,,,,,
1902,,,11/5/2019,," Falconi, María Inés",,
,,,,,"Caídos del mapa VIII Todos para uno, uno para todos",,
,,,,," Argrntina : Ed. Quipu, 2016 ; 249 p. ; 20 cm.",,
,,,,,ISBN : 978-987-504-025-0,C,LIB. KLAXIKA
,,,,,,,
,,,,,,,
1903,,,11/5/2019,," Falconi, María Inés",,
,,,,,Caídos del mapa IX Un novio para Miriam,,
,,,,," Argentina : Ed. Quipu, 2015 ; 271 p. ; 20 cm.",,
,,,,, ISBN : 978-987-504-048-9,C,LIB. KLAXIKA
,,,,,,,
,,,,,,,
1904,,,11/5/2019,," Falconi, María Inés",,
,,,,,Caídos del mapa X ¿Llegó el final?,,
,,,,," Argentina : Ed. Quipu, 2018 ; 279 p. ; 2 cm.",,
,,,,,ISBN : 978-987-504-068-7,C,LIB. KLAXIKA
,,,,,,,
,,,,,,,
1905,,,11/5/2019,," Falconi, María Inés",,
,,,,,Caídos del mapa XI Fiesta de despedida,,
,,,,," Argentina : Ed. Quipu, 2016 ; 231 p; 20 cm",,
,,,,,ISBN : 978-987-504-099-1,C,LIB. KLAXIKA
,,,,,,,
,,,,,,,
1906,,,11/5/2019,," Falconi, María Inés",,
,,,,,Caídos del mapa XII Amigos con secretos,,
,,,,," Argentina : Ed. Quipu, 2016 ; il. ; 159 p. ; 20 cm.",,
,,,,,ISBN : 978-987-504-177-6,C,LIB. KLAXIKA
,,,,,,,
,,,,,,,
1907,,,11/5/2019,," Pimenta, Paula",,
,,,,,Viviendo mi película 3 Novela,,
,,,,," Argentina : Ed. V&R, 2016 ; 437 p. ; 20 cm.",,
,,,,,ISBN : 978-987-747-138-0,C,LIB. KLAXIKA
,,,,,,,
,,,,,,,
1908,,,11/5/2019,," Pimenta, Paula",,
,,,,,Viviendo mi película 2 novela,,
,,,,," Argentina : Ed. V&R, 2015 ; 333 p. ; 20 cm.",,
,,,,,ISBN : 978-987-612-995-4,C,LIB. KLAXIKA
,,,,,,,
,,,,,,,
1909,,,11/5/2019,," Pimenta, Paula",,
,,,,,Viviendo mi película 1 Novela,,
,,,,," Argentina : Ed. V&R, 2014 : 365 p. ; 20 cm.",,
,,,,,ISBN : 978-987-612-855-1,C,LIB. KLAXIKA
,,,,,,,
,,,,,,,
1910,,,11/5/2019,," Colfer, Chris",,
,,,,,La tierra de las historias Advertencia de los hermanos Grimm,,
,,,,," Argentina : Ed. V&R, 2017 ; il. ; 500 p. ; 20 cm.",,
,,,,,ISBN : 978-987-747-295-0,C,LIB. KLAXIKA
,,,,,,,
,,,,,,,
1911,,,11/5/2019,," Colfer, Chris",,
,,,,,La tierra de las hostorias Más allá de los reinos,,
,,,,," Argentina : Ed. V&R, 2017 ; il. ; 411 p. ; 20 cm.",,
,,,,,ISBN : 978-987-747-377-3,C,LIB. KLAXIKA
,,,,,,,
,,,,,,,
1912,,,11/5/2019,," Colfer, Chris",,
,,,,,La tierra de las historias La odisea del autor,,
,,,,," Argentina : Ed. V&R, 2019 ; il. ; 420 p. ; 20 cm.",,
,,,,,ISBN : 978-987-747-477-0,C ,LIB. KLAXIKA
,,,,,,,
,,,,,,,
1913,,,11/5/2019,," Colfer, Chris",,
,,,,,La tierra de las historia El regreso de la hechicera,,
,,,,," Argentina : Ed. V&R, 2017 ; il. ; 546 p. ; 20 cm.",,
,,,,,ISBN : 978-987-747-209-7,C,LIB. KLAXIKA
,,,,,,,
,,,,,,,
1914,,,11/5/2019,," Marvel, G. L",,
,,,,,Cuentos para niños que sueñan con cambiar el mundo,,
,,,,," Argentina : Ed.Duomo, 2018 ; il. ; 147 p. ; 23 cm.",,
,,,,,ISBN : 978-84-17128-53-1,C,LIB. KLAXIKA
,,,,,,,
,,,,,,,
1915,,,11/5/2019,," Alcott, Louisa May",,
,,,,,Mujercitas,,
,,,,," -argentina : Ed. Gribaudo, 2019 ; il. ; 312 p. ; 19 cm.",,
,,,,,ISBN : 978-84-17127-36-7,C,LIB. KLAXIKA
,,,,,,,
,,,,,,,
1916,,,11/5/2019,," Favilli, Elena",,
,,,,,Cuentos de buenas noches para niñas rebeldes,,
,,,,," Argentina : Ed. Planeta, 2019 : il. 212 p. ; 23 cm.",,
,,,,,ISBN : 978-950-49-5870-3,C,LIB. KLAXIKA
,,,,,,,
,,,,,,,
1917,,,11/5/2019,," Nesbit, E.",,
,,,,,El castillo encantado,,
,,,,," Argentina : Ed. Salim, 2014 ; 189 p. ; 17 cm.",,
,,,,,ISBN : 978-987-1998-90-6,C,LIB. KLAXIKA
,,,,,,,
,,,,,,,
1918,,,11/5/2019,," Gripe, María",,
,,,,,Los escarabajos vuelas al atardecer,,
,,,,," Argentina : Ed. SM, 2015 ; 310 p. ; 20 cm.",,
,,,,,ISBN : 978-987-573-375-6,C,LIB. KLAXIKA
,,,,,,,
,,,,,,,
1919,,,11/5/2019,," Pescetti, Luis",,
,,,,,La enciclopedia de las chicas Perla,,
,,,,," Argentina : Ed. Santillana, 2018 ; il. ; 172 p. 19 cm.",,
,,,,,ISBN : 978-950-46-4708-9,C,LIB. KLAXIKA
,,,,,,,
,,,,,,,
1920,,,11/5/2019,," Gaarder, Jostein",,
,,,,,La joven de las naranjas,,
,,,,," Argentina : Ed. Siruela, 2016 ; 16 p. ; 21 cm.",,
,,,,,ISBN : 978-84-7844-816-6,C,LIB. KLAXIKA
,,,,,,,
,,,,,,,
1921,,,11/5/2019,," Bird, Poldy",,
,,,,,Palabras para mi hija adolescente,,
,,,,," Argentina : Ed. Del Nuvo Extremo, 2014 ; 93 p. ; 19 cm.",,
,,,,,ISBN : 978-987-609-217-3,C,"LIB, KLAXIKA"
,,,,,,,
,,,,,,,
1922,,,11/5/2019,," Lins e Silva, Flávia",,
,,,,,Diario de Pilar en Africa,,
,,,,," Argentina : V&R, 2019 ; il. ; 200 p. ; 18 cm.",,
,,,,,ISBN : 978-987-747-371-1,C,LIB. KLAXIKA
,,,,,,,
,,,,,,,
1923,,,11/5/2019,," Lins e Silva, Flávia",,
,,,,,Tu diario de Viaje con Pilar,,
,,,,," Argentina : Ed. V&R, 2019 ; il. ; 200 p. ; 18 cm.",,
,,,,,ISBN : 978-987-747-371-1,C,LIB. KLAXIKA
,,,,,,,
,,,,,,,
1924,,,11/5/2019,," Lins e Silva, Flávia",,
,,,,,Diario de Pilar en Egipto,,
,,,,," Argentina : Ed. V&r, 2019 ; il. ; 200 p ; 18 cm.",,
,,,,,ISBN : 978-987-747-131-1,C,LIB. KLAXIKA
,,,,,,,
,,,,,,,
1925,,,11/5/2019,," Lins e Silva, Flávia",,
,,,,,Diario de Pilar en China,,
,,,,," Argentina : Ed. V&R, 2019 ; il. ; 200 p ; 18 cm.",,
,,,,,ISBN : 978-987-747-429-9,C,LIB. KLAXIKA
,,,,,,,
,,,,,,,
1926,,,11/5/2019,," Pescetti, Luis María",,
,,,,,Nuestro planeta Natacha,,
,,,,," Argentina : Ed. Santillana, 2018 ; il. ; 325 p. ; 20 cm.",,
,,,,,ISBN : 978-950-46-4418-7,C,LIB. KLAXIKA
,,,,,,,
,,,,,,,
1927,,,11/5/2019,," Ende, Michael",,
,,,,,Momo,,
,,,,," Argentina : Ed. Santillana, 2019 ; 316 p. ; 21 cm.",,
,,,,,ISBN : 978-950-46-4589-4,C,LIB. KLAXIKA
,,,,,,,
,,,,,,,
1928,,,11/5/2019,, Quino,,
,,,,,Mafalda 1,,
,,,,," Argentina : Ed. De La Flor, ; il. ; 13 cm.",C ,LIB. KLAXIKA
,,,,,,,
,,,,,,,
1929,,,11/5/2019,, Quino,,
,,,,,Mafalda 2,,
,,,,," Argentina : Ed. De La Flor, ; il. ; 13 cm",C,LIB. KLAXIKA
,,,,,,,
,,,,,,,
1930,,,11/5/2019,, Quino,,
,,,,,Mafalda 3,,
,,,,," Argentina : Ed. De La Flor, ; il. ; 13 cm.",C ,LIB. KLAXIKA
,,,,,,,
,,,,,,,
1931,,,11/5/2019,, Quino,,
,,,,,Mafalda 4,,
,,,,," Argentina : Ed. De La Flor, ; il. ; 13 cm.",C,LIB. KLAXIKA
,,,,,,,
,,,,,,,
1932,,,505/11/2019,, Quino,,
,,,,,Mafalda 5,,
,,,,," Argentina : Ed. De La Flor, ; il. ; 13 cm",C ,LIB. KLAXIKA
,,,,,,,
,,,,,,,
1933,,,11/5/2019,, Quino,,
,,,,,Mafalda 6,,
,,,,," Argentian : Ed. De La Flor, ; il. ; 13 cm.",C,LIB. KLAXIKA
,,,,,,,
,,,,,,,
1934,,,11/5/2019,, Quino,,
,,,,,Mafalda 7,,
,,,,,"Argentina : Ed. De La Flor, ; il. ; 13 cm.",C,LIB. KLAXIKA
,,,,,,,
,,,,,,,
1935,,,11/5/2019,, Quino,,
,,,,,Mafalda 8,,
,,,,,"Argentina : Ed. De La Flor, ; il. ; 13 cm.",C,LIB. KLAXIKA
,,,,,,,
,,,,,,,
1936,,,11/5/2019,, Quino ,,
,,,,,Mafalda 9,,
,,,,," Argentina : Ed. De La Flor, ; il. ; 13 cm.",C,LIB. KLAXIKA
,,,,,,,
,,,,,,,
1937,,,11/5/2019,, Quino,,
,,,,,Mafalda 10,,
,,,,, Argentina : Ed. De La Flor ; il. ; 13 cm.,C ,LIB. KLAXIKA
,,,,,,,
,,,,,,,
1938,,,11/9/2020,," Sosa, María Martina",,
,,,,,CIUDADANIA 2 Formación Etica y Ciudadana,,
,,,,," Argentina : Ed. Estrada, 2020 ; il. ; 27 cm. ; 143 p.",,
,,,,,ISBN: 978-950-01-2500-0,C,INTERNET
,,,,,,,
,,,,,,,
1939,,,11/9/2020,," Vattuone, Lucy F. de",,
,,,,,Biología,,
,,,,," Argentina : Ed. Puerto de Palos, 2018 ; il. ; 27 cm. ; 208 p.",,
,,,,,ISBN: 978-987-547-711-7,C,INTERNET
,,,,,,,
,,,,,,,
1940,,,,,,,
,,,,,,,
,,,,,,,
,,,,,,,
,,,,,,,
,,,,,,,
1941,,,30/032021,," Stovene, Hrriet Beecher",,
,,,,,La cabaña del Tío Tom,,
,,,,," Argentina : Ed. Atlantida, 2009 ; il. ; 19,5 cm. ; 176 p.",,
,,,,,ISBN: 978-950-08-1517-8,C,TEMPLO DEL LIBRO
,,,,,,,
,,,,,,,
1942,,,3/30/2021,," Saad, Emilio",,
,,,,,El Familiar Una historia de terror,,
,,,,," Argentina : Ed. Estrada, 2017 ; 19 cm. ; 128 p.",,
,,,,,ISBN : 978-95-01-1190-4,C,
,,,,,,,
,,,,,,,
1943,,,3/30/2021,," Shakespeare, Wiliam",,
,,,,,Romeo y Julieta,,
,,,,, Argentina : Ed. Gradifco 2007 ; 19 cm. ; 96 p.,,
,,,,,ISBN : 978-987-1093-15-1,,
,,,,,,,
,,,,,,,
1944,,,3/30/2021,," Alcott, Louisa May",,
,,,,,Mujercitas,,
,,,,," Argentina : Ed. Salim, 2014 ; 17,5 cm. ; 288 p.",,
,,,,,ISBN : 978-987-1998-84-5,C,
,,,,,,,
,,,,,,,
1945,,,3/30/2021,," Mainé, Margarita A.",,
,,,,,El (h)ijo la libertad,,
,,,,," Argentina : Ed. Norma, 2018 ; 21 cm. ; 96 p.",,
,,,,,ISBN : 978-987-545-358-6,C,EL TEMPLO DEL LIBRO
,,,,,,,
,,,,,,,
1946,,,9/1/2021,," Parera, Aníbal Antonio",,
,,,,,El ermitaño de Cabo Vírgenes,,
,,,,," Argentina : Ed. Suelo Fértil, ; 18 cm. ; 84 p.",,
,,,,,ISBN : 987-97830-8-5,C,AUTOR
,,,,,,,
,,,,,,,
1947,,, 01/09/2021,," Parera, Aníbal Antonio",,
,,,,,La espada de la Confederación,,
,,,,," Argentina : Ed. Suelo Fértil, 2012 ; 19 cm. ; 78 p.",,
,,,,,ISBN : 978-987-23880-2-7,C,AUTOR
,,,,,,,
,,,,,,,
1948,,,9/1/2021,," Parera, Aníbal Antonio",,
,,,,,Combate por la Patria,,
,,,,," Argentina : Ed. Suelo Fértil, 2014 ; il. ; 19 cm. ; 86 p.",,
,,,,,ISBN : 978-987-33-5131-0,C,AUTOR
,,,,,,,
,,,,,,,
1949,,,9/1/2021,," Parera, Aníbal Antonio",,
1950,,,,,Combate por la Reorganización,,
1951,,,,," Argentina : Ed. Suelo Fértil, 2020 ; 19 cm. ; 70 p.",,
,,,,,ISBN : 978-987-33-5131-0,C,AUTOR
,,,,,,,
,,,,,,,
1952,,,11/5/2021,," Bodoc, Liliana",,
,,,,,Los días del venado,,
,,,,," Argentina : Ed. Debolsillo, 2021 ; 19 cm ; 336 p.",,
,,,,, ISBN : 978-987-725-276-7,C,
,,,,,,,
,,,,,,,
1953,,,11/5/2021,," Bodoc, Liliana",,
,,,,,Los días de la sombra,,
,,,,," Argentina : Ed. Debolsillo, 2021 ; 19 cm. ; 384 p.",,
,,,,,ISBN : 978-987-725-274-3,C,
,,,,,,,
,,,,,,,
1954,,,11/5/2021,," Bodoc, Liliana",,
,,,,,Los días del fuego,,
,,,,," Argentina : Ed. Debolsillo, 2018 ; 19 cm. ; 480 p.",,
,,,,,ISBN : 978-987-725-275-0,C,
,,,,,,,
,,,,,,,
1955,,,11/5/2021,," Sevilla, Fabián",,
,,,,,Bajo un árbol,,
,,,,," Argentina : Ed. Bambalí, 2019 ; 20 cm. ; 103 p. ",,
,,,,,ISBN : 978-987-47202-0-7,C,
,,,,,,,
,,,,,,,
1956,,,11/5/2021,," Bombara, Paula",,
,,,,,La fuerza escondida,,
,,,,," Argentina : Ed. Norma, 2019 ; il. ; 20,5 cm. ; 127 p. ",,
,,,,,ISBN : 978-987-545-747-8,C,
,,,,,,,
,,,,,,,
1957,,,11/5/2021,," Blasco, Martín",,
,,,,,Todas las tardes de sol,,
,,,,," Argentina : Ed. Santillana, 2020 ; 21,5 cm. ; 120 p.",,
,,,,,ISBN : 978-987-46-5241-0,C,
,,,,,,,
,,,,,,,
1958,,,11/5/2021,," Bodoc, Liliana",,
,,,,," Argentina : Ed. Norma, 2018 ; 21 cm. ; 224 p.",,
,,,,,ISBN : 978-987-545-722-5,C,
,,,,,,,
,,,,,,,
1959,,,11/5/2021,," Cinetto, Liliana",,
,,,,," Argentina : Ed. Norma, 2019 ; 21 cm. ; 181 p.",,
,,,,,ISBN : 978-987-545-781-2,C,
,,,,,,,
,,,,,,,
1960,,,11/5/2021,," Bombara, Paula",,
,,,,,La chica pájaro,,
,,,,," Argentina : Ed. Norma, 2015 ; 20,5 cm. ; 173 p.",,
,,,,,ISBN : 978-987-545-842-0,C,
,,,,,,,
,,,,,,,
1961,,,11/5/2021,," Kreimer, Ariela",,
,,,,,Crack,,
,,,,," Argentina : Ed. Edelvives, 2018 ; il. ; 19,5 cm. ; 180 p.",,
,,,,,ISBN : 978-987-642-618-3,C,
,,,,,,,
,,,,,,,
1962,,,11/5/2021,," Vaccarini, Franco",,
,,,,,Efecto mutante,,
,,,,," Argentina : Ed. Bambalí,2020 ; il. ; 23 cm. ; 116 p. ",,
,,,,,ISBN : 978-987-47202-1-4,C,
,,,,,,,
,,,,,,,
1963,,,11/5/2021,," Devetach, Laura",,
,,,,,La Señora de la calle Cangallo,,
,,,,," Argentina : Ed. Calibroscopio, 2019 ; il. ; 21,5 cm. 96 p.",,
,,,,,ISBN : 978-9873967-39-9,C,
,,,,,,,
,,,,,,,
1964,,,11/5/2021,," Lima, Juan",,
,,,,,Astronomía poética,,
,,,,," Argentina : Ed. Calibroscopio,  2018 ; il. ; 26 cm ; 48 p.",,
,,,,,ISBN : 978-987-3967-19-1,C,
,,,,,,,
,,,,,,,
1965,,,11/5/2021,," Frankel, Yael",,
,,,,,Un hueco,,
,,,,," Argentina : Ed. Calibroscopio, 2020 ; il. ; 24,5 cm. ; 32 p.",,
,,,,,ISBN : 978-987-3967-20-7,C,
,,,,,,,
,,,,,,,
1966,,,11/5/2021,," Marti, Estrella Escriña",,
,,,,,Lo que  quiere una mujer ,,
,,,,," Argentina : Ed. Calibroscopio, 2014 ; il. ; 23,5 cm. 32 p. ",,
,,,,,ISBN : 978-987-24914-8-2,C,
,,,,,,,
,,,,,,,
1967,,,11/5/2021,," Peinkofer, Michael",,
,,,,,El Reino Perdido - Novela Histórica,,
,,,,," Argentina : Ed. B, 2014 ; 23 cm. ; 546 p. ",,
,,,,,ISBN : 978-987-627-461-6,C,
,,,,,,,
,,,,,,,
,,,,,,,
1968,,,11/5/2021,," Siemens, Sandra",,
,,,,,La banda del siglo,,
,,,,," Argentina :  Ed.Santillana, 2016 ; il. ; 20 cm. ; 208 p. ",,
,,,,,ISBN : 978-95-46-4938-0,C,
,,,,,,,
,,,,,,,
1969,,,11/5/2021,," Dahl, Roald",,
,,,,,Cuentos en verso para niños peruersos,,
,,,,," Argentina : Ed. Santillana, 2020 ; il. ; 19,5 cm. ; 64 p.",,
,,,,,ISBN : 978-950-46-475-8,C,
,,,,,,,
,,,,,,,
1970,,,11/5/2021,," Bodoc, Liliana",,
,,,,,Aprendiz de dragón,,
,,,,," Argentina : Ed. SM, 2016 ; il. ; 19 cm. ; 41 p.",,
,,,,,ISBN : 978-987-731-359-8,C,
,,,,,,,
,,,,,,,
1971,,,11/5/2021,," Cinetto, Liliana",,
,,,,,¡Cuidado con el perro!,,
,,,,," Argentina : Ed. Santillana, 2021 ; il. ; 20 cm. ; 120 p. ",,
,,,,,ISBN : 978-95-46-4447-7,C,
,,,,,,,
,,,,,,,
1972,,,11/5/2021,," Devetach, Laura",,
,,,,,Para que sepan de mí,,
,,,,," Argentina : Ed. Calibroscopio, 2016 ; il. ; 21 cm. ; 95 p.",,
,,,,,ISBN : 978-987-3967-10-8,C,
,,,,,,,
1973,,,11/5/2021,," Roux, Madeleine",,
,,,,,La mansión de las furias,,
,,,,," Argentina : Ed. VyR, 2018 ; 21 cm. ; 424 p. ",,
,,,,,ISBN : 978-987-747-287-5,C,
,,,,,,,
,,,,,,,
1974,,,11/5/2021,," Shua, Ana María",,
,,,,," Argentina : Ed. Norma, 2008 ; il. ; 20 cm. ; 125 p.",,
,,,,,ISBN : 978-987-545-848-2,C,
,,,,,,,
,,,,,,,
1975,,,11/5/2021,," Bornemann, Elsa",,
,,,,,¡Socorro! (12 cuentos para caerse de niedo),,
,,,,," Argentina : Ed. Santillana, 2021 ; 20 cm. ; 172 p. ",,
,,,,,ISBN : 978-950-46-4416-3,C,
,,,,,,,
,,,,,,,
1976,,,11/5/2021,," Avila, Rosa",,
,,,,,La Rosa del río,,
,,,,," Argentina : Ed. Santilla, 2019 ; il. ; 19,5 cm. ; 184 p.",,
,,,,,ISBN : 978-950-46-5883-2,C,
,,,,,,,
1977,,,11/5/2023,," Dahl, Roald",,
,,,,,El gran gigante bonachón,,
,,,,," Argentina : Ed. Santillana, 2020 ; il. ; 20 cm. ; 272 p.  ",,
,,,,,ISBN : 978-950-46-4908-3,C,
,,,,,,,
,,,,,,,
1978,,,11/5/2021,," Mariño, Rocardo",,
,,,,,Cuentos Ridículos,,
,,,,," Argentina : Ed. Santillana, 2020 ; il. ; 20 cm.  ; 80 p.",,
,,,,,ISBN : 978-950-46-4445-3,C,
,,,,,,,
,,,,,,,
1979,,,11/5/2023,," Bornemann, Elsa y Otros",,
,,,,,Pequeñas historias de mi país,,
,,,,," Argentina : Ed. Santillana, 2021 ; il. ; 19,5 cm. ; 88 p.",,
,,,,,ISBN : 978-950-46-6209-9,C,
,,,,,,,
,,,,,,,
1980,,,11/5/2021,," Sevilla, Fabián",,
,,,,,Mi querida planta carnívora,,
,,,,," Argentina : Ed. Bambalí, 2017 ; il. ; 19 cm. ; 117 p. ",,
,,,,,ISBN : 978-987-46346-4-1,C,
,,,,,,,
,,,,,,,
1981,,,11/5/2021,," Mariño, Ricardo",,
,,,,,Cuentos espantosos,,
,,,,," Argentina : Ed. Santillana, 2018 ; il. ; 19 cm. ; 80 p.",,
,,,,,ISBN : 978-950-46-4565-8,C,
,,,,,,,
,,,,,,,
1982,,,11/5/2021,," Bodoc, Liliana",,
,,,,,Cuando San Pedro viajó en tren,,
,,,,," Argentina : Ed. SM, 2008 ; il. ; 19 cm. ; 45 p.",,
,,,,,ISBN : 978-987-573-194-3,C,
,,,,,,,
,,,,,,,
1983,,,11/5/2021,," Gambaro, Griselda",,
,,,,,El caballo que no sabía relinchar,,
,,,,," Argentina : Ed. Santillana, 2020 ; il. ; 19 cm. ; 40 p.",,
,,,,,ISBN : 978-950-464672-3,,
,,,,,,,
,,,,,,C,
1984,,,11/5/2021,," Bustamante, Nelvy",,
,,,,,Adentro de este dedal hay una ciudad,,
,,,,," Argentina : Ed. Edelvives, 2014 ; il. ; 20 cm. ; 4 p. ",,
,,,,,ISBN : 978-987-642-292-5,C,
,,,,,,,
,,,,,,,
1985,,,11/5/2021,," Sevilla, Fabián",,
,,,,,Angurrias no es ningún gallina y otras avivadas del zorro,,
,,,,," Argentina : Ed. Banbalí, 2020 ; il. ; 20,5 cm. ; 100 p.",,
,,,,,ISBN : 978-987-47202-3-8,C,
,,,,,,,
,,,,,,,
1986,,,11/5/2021,," Mariño, Ricardo",,
,,,,,Cinthia Scoch el libro de la risa,,
,,,,," Argentina : Ed. Santillan, 2019 ; il. ; 20 cm. ; 96 p.",,
,,,,,ISBN : 978-950-46-4778-2,C,
,,,,,,,
,,,,,,,
1987,,,05/11/221,," Mainé, Margarita",,
,,,,,Días de playa,,
,,,,," Argentina : Ed. Hola Chicos SRL, 2021 ; il. ; 20 cm. ; 97 p. ",,
,,,,,ISBN : 978-987-407-62-9,C,
,,,,,,,
,,,,,,,
1988,,,11/23/2022,," Canale, Florencia",,
,,,,,Bastarda,,
,,,,," Argentina : Ed. Planeta, 2022 ; 23 cm. ; 441 p. ",,
,,,,,ISBN : 978-950-49-7856-5,C ,LIB. KLAXIKA
,,,,,,,
,,,,,,,
1989,,,11/23/2022,," de Paula Fenández, francisco",,
,,,,,Blue Jeans Algo tan sencillo como tuitear te quiero,,
,,,,," Argentina : Ed. Planeta, 2015 ; 22 cm. ; 539 p.",,
,,,,,IIBN : 978-84-08-14102-0,C,LIB. KLAXIKA
,,,,,,,
,,,,,,,
1990,,,,,,,
,,,,,,,
,,,,,,,
,,,,,,,
,,,,,,,
,,,,,,,
1991,,,11/23/2022,, Pérez. Fernanda,,
,,,,,Los parísos perdidos,,
,,,,," Argentina : Ed. Suma de Letras, 2022 ; 21 cm. ; 531 p.",,
,,,,,ISBN : 978-987-739-179-4,C,LIB. KLAXIKA
,,,,,,,
,,,,,,,
1992,,,11/23/2022,," Grandes, Almudena",,
,,,,,Todo va a mejorar,,
,,,,," Argentina : Ed. TusQets,2022 ; 22 cm. ; 500 p.",,
,,,,,ISBN : 978-987-67-734-3,C ,LIB. KLAXIKA
,,,,,,,
,,,,,,,
1993,,,11/23/2022,," Grisham, John",,
,,,,,La lista de Juez,,
,,,,," Argentina : Ed. P&J, 2022 ; 23 cm. ; 426 p. ",,
,,,,,ISBN : 978-950-644-642-,C,LIB. KLAXIKA
,,,,,,,
,,,,,,,
1994,,,,,,,
,,,,,,,
,,,,,,,
,,,,,,,
,,,,,,,
,,,,,,,
1995,,,11/23/2022,," Lagercrantz, David",,
,,,,,La chica que vivió dos veces ,,
,,,,," Argentina : Ed. Destino, 2019 ; 23 cm. ; 579 p.",,
,,,,,ISBN : 978-950-732-482-6,C,LIB. KLAXIKA
,,,,,,,
,,,,,,,
1996,,,11/23/2022,," Piñeiro, Claudia",,
,,,,,El tiempo de las moscas,,
,,,,," Argentina : Ed. Alfaguara, 2022 ; 23 cm. ; 405 p.",,
,,,,,ISBN : 978-987-738-975-3,C,LIB. KLAXIKA
,,,,,,,
,,,,,,,
1997,,,11/23/2022,," Tagtachian, Magda",,
,,,,,Artsaj,,
,,,,," Argentina : Ed. P&J, 2022 ; 23 cm. ; 349 p.",,
,,,,,ISBN : 978-950-644-644-4,C,LIB. KLAXIKA
,,,,,,,
,,,,,,,
1998,,,11/14/2023,," Cook, Robin",,
,,,,,Anastecia letal,,
,,,,," Argentina : Ed. Debolsillo, 2017 ; 19 cm. ; 425 p.",,
,,,,,ISBN : 978-987-725-255-2,C,LIIB. KLAXIKA
,,,,,,,
,,,,,,,
1999,,,11/14/2023,," Cook, Robin",,
,,,,,Pandemia,,
,,,,," Argentina : Ed. P&J, 2022 ; 23 cm. ; 457 p. ",,
,,,,,ISBN : 978-950-644-7,C,LIB. KLAXIKA
,,,,,,,
,,,,,,,
2000,,,11/14/2023,," Reyes, Dolores",,
,,,,,Cometierra,,
,,,,," Argentina : Ed. Siglio, 2023 ;  22 cm. ; 220 p.",,
,,,,,ISBN : 978-987-4063-65-6,C,LIB. KLAXIKA
,,,,,,,
,,,,,,,
2001,,,11/14/2023,," Della Giustina, Nidia Haydée",,
,,,,,La piel del alma,,
,,,,," Argentina : Ed. Dunken, 2022 ; 22 cm. ; 104 p. ",,
,,,,,ISBN : 978-987-85-2359-0,C,LIB. KLAXIKA
,,,,,,,
,,,,,,,
2002,,,11/14/2023,," Yuszcuk, Marina",,
,,,,,La Sed,,
,,,,," Argentina : Ed. Blatt & Ríos, 2020 ; 17 cm. ; 290p.",,
,,,,,ISBN : 978-987-4941-81-7,C,LIB. KLAXIKA
,,,,,,,
,,,,,,,
2003,,,11/14/2023,," Sosa Villada, Camila",,
,,,,,Las malas,,
,,,,," Argentina : Ed. TusQuets, 2022 ; 21 cm. ; 220 p. ",,
,,,,,ISBN : 978-987-670-481-6,C,LIB. KLAXIKA
,,,,,,,
,,,,,,,
2004,,,11/14/2023,," Venturini, Aurora",,
,,,,,Cuentos secretos,,
,,,,," Argentina : Ed. TusQets, 2021 ; 21 cm. ; 290 p.",,
,,,,,ISBN : 978-987-670-676-6,C,LIB. KLAXIKA
,,,,,,,
,,,,,,,
2005,,,11/24/2023,," Echazarreta, Carlos",,
,,,,,Hazañas de Don Goyo Cardozo (Cuentos entrerrianos),,
,,,,," Argentina : Ed. Del Clé, , 2021 ; 22 cm. ; 131 p. ",,
,,,,,ISBN : 978-987-8404-13-4,D,MOV/AREA CULTURA
,,,,,,,
,,,,,,,
2006,,,1/24/2023,," Lujan, Luis",,
,,,,,Ciebas tierra grandiosa  (Crónica del país de los matreros),,
,,,,," Argentina : Ed. Del Clé, 2007 ; il. ; 22 cm. ; 314 p.",,
,,,,,ISBN : 978-987-1325-11-5,D ,MOV/AREA CULTURA
,,,,,,,
,,,,,,,
2007,,,11/24/2023,," Paniza, Delio",,
,,,,,Guitarras y lanzas  - Montiel 1930,,
,,,,," Argentina : Ed. Del Clé, 2022 ; 22 cm. ; 147 p.",,
,,,,,ISBN : 978-987-8404-21-9,D,MOV/AREA CULTURA
,,,,,,,
,,,,,,,
2008,,,11/24/2023,," Román, Marcelino M.",,
,,,,,Tierra y Gente (Poemas),,
,,,,," Aregentina : Ed. Del Clé, 2020 ; 22 cm. ; 105 p.",,
,,,,, ISBN : 978-987-8404-03-5,D,MOV/AREA CULTURA
,,,,,,,
,,,,,,,
2009,,,11/24/2023,," Monzón, Julián",,
,,,,,Recuerdos del pasado ,,
,,,,,Vida y costumbres de Entre Ríos en los tiempos viejos,,
,,,,," Argentina : Ed. Del Clé, 2017 ; 22 cm. ; 22 cm.",,
,,,,, ISBN : 978-987-3755-23-1,D,MOV/AREA CULTURA
,,,,,,,
,,,,,,,
2010,,,11/24/2023,," Alsina, Juan Carlos",,
,,,,,Marroncito - El hornerito rebelde,,
,,,,, Argentina : Ed. Del Cl♪0. 2014 ; il. ; 22 cm. ; 94 p. ,,
,,,,,ISBN : 978-987-1325-97-9,D,MOV/AREA CULTURA
,,,,,,,
,,,,,,,
2011,,,11/24/2023,," Romani, Roberto Alonso",,
,,,,,Hermanos de patria y cielo (misceláneas montieleras),,
,,,,," Argnetina : Ed. Del Clé, 2014 ; il. ; 22 cm. ; 219 p.",,
,,,,,ISBN : 978-987-1325-90-0,D,MOV/AREA CULTURA
,,,,,,,
,,,,,,,
2012,,,1/24/2023,," Balboa, Manrique",,
,,,,,Montielero (Novela),,
,,,,," Argentina : Ed. Del Clé, 2020 ; 22 cm ; 261 p. ",,
,,,,,ISBN : 978-987-3755-95-8,D,MOV/AREA CULTURA
,,,,,,,
,,,,,,,
2013,,,11/24/2023,," Leguizamón, Martiniano",,
,,,,,Recuerdos de la Tierra,,
,,,,," Argentina : Ed. Del Clé, 2017 ; il. ; 22 cm. ; 227 p. ",,
,,,,,ISBN : 987-978-3755-64-4,D,MOV/AREA CULTURA
,,,,,,,
,,,,,,,
2014,,, 24/11/2023,," Lobodón, Garra",,
,,,,,Río abajo,,
,,,,,El drama de los montes y los esteros de las islas del Ibicuy,,
,,,,," Argentina : Ed. Del Clé, 2020 ; 22 cm. ; 224 p. ",,
,,,,,ISBN : 978987-8404-04-2,D,MOV/AREA CULTURA
,,,,,,,
,,,,,,,
2015,,,11/24/2023,," Del Pospón, Martín",,
,,,,,El país de ls chajás,,
,,,,," Argentina : Ed. Del Clé, 2017 ; il. ; 22 cm. ; 175 p. ",,
,,,,,ISBN : 978-987-3755-57-6,D,MOV/AREA CULTURA
,,,,,,,
,,,,,,,
2016,,,11/24/2023,," Felizia, Pablo Gabriel",,
,,,,,Crónicas patrias ,,
,,,,,(Cuentos de entrerrianos combatientes de malvinas,,
,,,,," Argentina : Ed. Ana, 2019 ; 19 cm. ; 88 p.",,
,,,,,ISBN : 978-987-46905-9-3,D,MOV/AREA CULTURA
,,,,,,,
,,,,,,,
2017,,,12/11/2023,," Garcia, Santiago",,
2018,,,,,Micaela García La chica de la sonrisa eterna,,
,,,,," Argentina : Ed. Chirimbote, 2022 ; 22 c. ; 125 p. ",,
,,,,,ISBN : 978-987-8432-24-3,D,MOV/AREA CILTURA
,,,,,,,
,,,,,,,
2019,,,12/11/2023,," Fink, Nadia y Saá, Pitu",,
2020,,,,,Micaela García La Negra para chicas y chicos,,
,,,,," Argentina : Ed. Chirimbote, 2022 ; il. ; 21 cm. ; ",,
,,,,,ISBN : 978-987-47471-4-3,D,MOV/AREA CULTURA
,,,,,,,
,,,,,,,
2021,,,11/12/20230 ,," Valencia, Aníbal",,
,,,,,Cinco veces Cinco,,
,,,,," Argentina : Ed. Imaginante, 2022 ; 23 cm. ; 110 p. ",,
,,,,,ISBN : 978-987-8919-81-2,D,EL AUTOR
,,,,,,,
,,,,,,,
2022,,,12/11/2023,,"  de Vaconcelos, Jsé Mauro",,
,,,,,Mi planta de naranja lima,,
,,,,," Aregntina : Ed. El Ateneo, 2019 ; il. ; 19 cm. ; 253 p. ",,
,,,,,ISBN : 978-950-02-1036-2,D,MARY OCHOTECO
,,,,,,,
,,,,,,,
2023,,,12/11/2023,," Maresman, Guillermo",,
,,,,,Los controladores y otros textos,,
,,,,," Argentina : Ed. L A Mercado, 2022 ; 20 cm ; 144 p.",,
,,,,,ISBN : 978-987-88-3990-5,D,EL AUTOR
,,,,,,,
,,,,,,,
2024,,,12/11/2023,," Baldacci, David",,
,,,,,Los Coleccionista,,
,,,,," Argentina : Ed. B, 2007 ; 23 cm. ; 388 p. ",,
,,,,,ISBN : 978-84-666-3820-3,D,MARY OCHOTECO
,,,,,,,
,,,,,,,
2025,,,12/11/2023,," Steel, Danielle",,
,,,,,Esperanza,,
,,,,," Argentina : Ed. Debolsillo ,2011 ; 19 cm. ; 232 p.",,
,,,,,ISBN : 987-566-066-3,D ,MARY OCHOTECO
,,,,,,,
,,,,,,,
2026,,,11/12/202,," Exilart, Gabriela",,
,,,,, Piceladas de azabache,,
,,,,," Argentina : Ed. P&J, 2013 ; 23 cm. ; 318 p.",,
,,,,,ISBN : 978-950-644-274-3,D,MARY OCHOTECO
,,,,,,,
,,,,,,,
2027,,,12/11/2023,," Green, John",,
,,,,,Bajo la misma estrella,,
,,,,," Argentina : Ed. Nube de Tinta, 2013 ; 21 cm. ; 301 p.",,
,,,,,ISBN : 978-987-1997-00-8,D,MARY OCHOTECO
,,,,,,,
,,,,,,,
2028,,,12/11/2023,," Woodward, Bob",,
,,,,,Plan de ataque,,
,,,,," Argentina : Ed. Planeta, 2004 ; 23 cm. ; 516 p.",,
,,,,,ISBN : 950-49-1279-8,D,MARY OCHOTECO
,,,,,,,
,,,,,,,
2029,,,3/15/2024,," Arlt, Roberto",,
,,,,,La fiesta del hierro. El desierto entra en la cuidad,,
,,,,," Argentina : Ed.Losada, 2004 ; 18 cm. ; 189 p.",,
,,,,,ISBN : 950-03-0600-X,D,MONICA BORGONIO
,,,,,,,
,,,,,,,
2030,,,3/15/2024,," Cavarozzi, Marcelo y Otros",,
,,,,,Politica y Gestión,,
,,,,," Argentina : Ed. HomoSapiens, 2001  ; 23 cm. ; 160 p.",,
,,,,,ISBN : 950-808-330-1,D,MONICA BORGONIO
,,,,,,,
,,,,,,,
2031,,,1503/2024,," Finchelman, María Rosa",,
,,,,,El teatro con recetas. Colección homenaje al Teatro Argentino,,
,,,,," Argentina : Int. Nac. Del Teatro, 2006 ; il. ; 21 cm, ; 229 p.",,
,,,,,ISBN : 987-9433-44-0,D,MONICA BORGONIO
,,,,,,,
,,,,,,,
2032,,,3/26/2024,," Basch, Adela",,
,,,,,Una nave especial,,
,,,,," Argentina : Ed. AZ, 2023 ; il. ; 19 cm. ; 45 p.",,
,,,,,ISBN : 978-987-35-0465-5,C,LIB. LAS MARAVILLAS
,,,,,,,
,,,,,,,
2033,,,3/26/2024,," Mainé, Margarita",,
,,,,,El país de Malku,,
,,,,," Argentina :Ed. Norma, 2023 ; il.; 24 cm. ; 47 p.",C,LIB. LAS MARAVILLAS
,,,,,ISBN : 978-987-807-075-9,,
,,,,,,,
,,,,,,,
2034,,,3/26/2024,," Basch, Adela",,
,,,,,Había una vez un libro,,
,,,,," Argentina : Ed. Abran Cnacha, 2021 ; il. 20 cm. ; 24 p.",C,LIB. LAS MARAVILLAS
,,,,,ISBN : 978-987-20309-6-4,,
,,,,,,,
,,,,,,,
2035,,,3/26/2024,," Schuff, Nicolás",,
,,,,,Martín viaja al espacio,,
,,,,," Argentina : Ed. Edelvives, 2023 ; il. ; 18 cm. ; 32 p.",C,LIB. LAS MARAVILLAS
,,,,,ISBN : 978-987-642-278-9,,
,,,,,,,
,,,,,,,
2036,,,3/26/2024,," Devetach, Laura",,
,,,,,¿Quién fue primero?,,
,,,,," Argentina : Ed. Norma, 2019 ; il. ; 24 cm. ; 32 p.",C,LIB. LAS MARAVILLAS
,,,,,ISBN : 978-987-545-829-1,,
,,,,,,,
,,,,,,,
2037,,,3/26/2024,," Sevilla, Fabián",,
,,,,,¿Has visto a un mamut andar en bicicleta?,,
,,,,," Argentina : Ed. Bambalí, 2021 ; il. ; 24 cm. ; 44 p.",C,LIB. LAS MARAVILLAS
,,,,,ISBN : 978-987-48174-2-6,,
,,,,,,,
,,,,,,,
2038,,,3/26/2024,," Mainé, Margarita",,
,,,,,Malju y los cabritos,,
,,,,," Argentina : Ed. Norma, 2019 ; il. ; 27 cm. ; 31 p. ",,
,,,,,ISBN : 978-987-545-757-6,C,LIB. LAS MARAVILLAS
,,,,,,,
,,,,,,,
2039,,,3/26/2024,," Gutierrez, Javiera",,
,,,,,Una noche muy jajá,,
,,,,," Argentina : Ed. CEPA, 2021 ; il. ; 22 cm. ; 32 p. ",,
,,,,,ISBN : 978-987-45730-3-2,C,LIB. LAS MARAVILLAS
,,,,,,,
,,,,,,,
2040,,,3/26/2025,," Mainé, Margarita",,
,,,,,El mágico libro de las estaciones,,
,,,,," Argentina : Ed. Hola Chicos, 2024 ; il. ; 23 cm. ; 95 p.",,
,,,,,ISBN : 978-987-8450-55-1,C,LIB. LAS MARAVILLAS
,,,,,,,
,,,,,,,
2041,,,3/26/2024,," Carzon, Walter",,
,,,,,Robin Hood del imperio Inca,,
,,,,," Argentina : Ed. Albatros, 20216 ; il. ; 21 cm. ; 32 p.",,
,,,,,ISBN : 978-950-24-1322-8,C,LIB. LAS MARAVILLAS
,,,,,,,
,,,,,,,
2042,,,3/26/2024,," Carzon, Walter",,
,,,,,Blancanieves de la Tierra del Fuego,,
,,,,," Argentina : Ed. Albatros, 2020 ; il, ; 21 cm. ; 32 p.",,
,,,,,ISBN : 978-950-94-1259-9,C,LIB. LAS MARAVILLAS
,,,,,,,
,,,,,,,
2043,,,3/26/2024,," Lynch, Agustina",,
,,,,,La vaca no se calla,,
,,,,," Argentina : Ed. El Ateneo, 2023 ; il. 22 cm. ; 40 p.",,
,,,,,ISBN : 978-950-02-1399-8,C,LIB. LAS MARAVILLAS
,,,,,,,
,,,,,,,
2044,,,3/26/2024,," Manauta, Juan José",,
,,,,,Las tierras blancas,,
,,,,," Argentina : Ed. EDUNER, 2022 ; il. 23 cm. ; 276 p.",,
,,,,,ISBN : 978-950-698-497-7,C,UNER
,,,,,,,
,,,,,,,
2045,,,3/26/2024,," Madariaga, Francisco",,
,,,,,El tren casi fluvial. Contradeguellos I ,,
,,,,," Argentina : Ed. EDUNER, 2016 ; 22 cm. ; 532 p.",,
,,,,,ISBN : 978-950-698-373-4,C,UNER
,,,,,,,
,,,,,,,
2046,,,3/26/2024,," Madariaga, Francisco",,
,,,,,Criollo del universo. Contradeguellos II,,
,,,,," Argentina : Ed. Aeduner, 2016 ; 22 cm. ; 690 p.",,
,,,,,ISBN : 978-950-698-374-1,C,UNER
,,,,,,,
,,,,,,,
2047,,,3/26/2024,," Mendaro, María Celeste",,
,,,,,Andando la ciudad,,
,,,,,"Argentina : Ed. EDUNER, 2023 ; 22 cm. ; 222 p. ",,
,,,,,ISBN : 978-950-698-557-8,C,UNER
,,,,,,,
,,,,,,,
2048,,,3/26/2024,," Barrandéguy, Emma",,
,,,,,Cronosíntesis,,
,,,,," Argentina : Ed. EDUNER, 2016 ; 22 cm. ; 321 p.",,
,,,,,ISBN : 978-950-698-388-8,C,UNER
,,,,,,,
,,,,,,,
2049,,,3/26/2024,," Jzami, Nicolás J.",,
,,,,,¡Vendida!,,
,,,,," Argentina : Ed. EDUNER, 2022 ; IL. ; 22 cm. ; 103 p.",,
,,,,,ISBN : 978-950-698-532-5,C ,UNER
,,,,,,,
,,,,,,,
2050,,,3/26/2024,," Arlt, Roberto; Walsh, Rodolfo ",,
,,,,,El país del río. Aguafuertes y crónicas,,
,,,,," Argentina : Ed. EDUNER, 2019 ; il. ; 22 cm. ; 264 p.",,
,,,,,ISBN : 978-950-698-390-1,C,UNER
,,,,,,,
,,,,,,,
2051,,,3/26/2024,," Manauta, Juan José",,
,,,,,Poesía completa,,
,,,,," Argentina : Ed. EDUNER, 2015 ; il. ; 22 cm. ; 345 p.",,
,,,,,ISBN : 978-950-698-348-2,C,UNER
,,,,,,,
,,,,,,,
2052,,,3/26/2024,," Ortiz, Juan L.",,
,,,,,El junco y la corriente,,
,,,,," Argentina : Ed. EDUNER, 2016 ; il. ; 22 cm. ; 209 p.",,
,,,,,ISBN : 978-950-698-306-2,C,UNER
,,,,,,,
,,,,,,,
2053,,,3/26/2024,," Manauta, Juan José",,
,,,,,Cuentos completos. 2º edición ampliada y comentada,,
,,,,," Argentina : Ed. EDUNER, 2014 ; 22 cm. ; 665 p.",,
,,,,,ISBN : 978-950-698-328-4,C,UNER
,,,,,,,
,,,,,,,
2054,,,3/26/2024,," Villanueva, Amaro",,
,,,,,El arte de cebar. El lenguaje del mate,,
,,,,," Argentina : Ed. EDUNER, 2018 ; il. ; 22 cm. ; 494 p.",,
,,,,,ISBN : 978-950-698-412-0,,
,,,,,,C,UNER
,,,,,,,
,,,,,,,
2055,,,3/26/2024,," Cabezón Cámara, Gabriela",,
,,,,,La niñas del naranjel,,
,,,,," Argentina : Ed. Randon House, 2024 ; 22 cm. ; 254 p.",,
,,,,,ISBN : 978-987-769-326-3,C  ,LIB. LAS MARAVILLAS
,,,,,,,
,,,,,,,
2056,,,3/26/2024,," Almada, Selva",,
,,,,,El viento que arrasa,,
,,,,," Argentina : Ed. Randon House, 2023 ; 11 cm. ; 159",,
,,,,,ISBN : 978-987-769-138-2,C,LIB. LAS MARAVILLAS
,,,,,,,
,,,,,,,
2057,,,3/26/2024,," Romondino, Julian",,
,,,,,Frida Kahlo - vida y obra contada para niños,,
,,,,," Argentina : Ed. Lea, 2020 ; il. ; 23 cm. ; 62 p.",,
,,,,,ISBN : 978-987-718-650-5,C,LIB. LAS MARAVILLAS
,,,,,,,
,,,,,,,
2058,,,3/26/2024,," Andretto, María Teresa",,
,,,,,Aldao,,
,,,,," Argentina : Ed. Randon House, 2023 ; 22 cm. ; 221 p.",,
,,,,,ISBN : 978-987-769-265-5,C,LIB. LAS MARAVILLAS
,,,,,,,
,,,,,,,
2059,,,3/26/2024,," López Peiró, Belén",,
,,,,,Por qué volvías cada verano,,
,,,,," Argentina : Ed. Lummen, 2018 ; 22 cm. ; 138 p.",,
,,,,,ISBN : 978-84-264-8157-3,C,LIB. LAS MARAVILLAS
,,,,,,,
,,,,,,,
2060,,,4/15/2024,," Alcain, Juli y Otras",,
,,,,,Científicas de acá,,
,,,,," Argentina : Ed. TantaAgua, 2023 ; il. ; 20 cm. ; 47 p. ",,
,,,,,ISBN : 978-631-90024-1-6,D,JESUANA AIZCORBE
,,,,,,,
,,,,,,,
,,,,,,,
,,,,,,,
,,,,,,,otra forma de vida