Nº,Autor,Título,Editorial,ISBN
1," Segal, Erich",Love Story Historia de amor (Novela)," Argentina : EMECE Ed. S.A., 1970. ; 191p. ; 18cm.",ISBN : 
2, Alvarez y Otros,Nexos (Poesía)," Argentina :  PANORAMA GRAFICO, 1998. ; 110p. ; 19cm.",ISBN : 987-96190-9-9
3," Sheldon, Sidney",Mas alla de la medianoche (Novela)," Argentina : Emecé S.A., 1974. ; 428p. ; 19cm.",ISBN : 950-04-0085-0
4," Saénz, Dalmiro",Mujer ganadora La novela de ser una misma," Argentina : Ed. Planeta, 1996. ; 244p. ; 21cm.",ISBN : 950-742-719-8 
5, Quiroga Horacio,A la deriva y otros cuentos," Argentina : Losada, 2001. ; 172p. ; 21cm.",ISBN : 84-95594-64-1
6," Allende, Isabel",La casa de los espíritus," Agentina : Ed. SUDAMERICANA, 1991. ; 363p. ; 19cm.",ISBN : 950-07-0291-6
7," Montesco, Lola",Lady Di . Los Protaginstas," Argentina : Ed. CINCO E.C.S.A., 2004. ; 94p. ; 19cm.",ISBN : 987-1129-14-9
8, Cámara Argentina del Libro,Vamos a leer cuentos argentinos," Argentina : Arco Iris Impresiones S.A., 2001. ; 126p. ; 19cm.",ISBN : 950-9394-35-1
9, Alvarez Marta,Gabriel el Enviado (Poesía)," Argentina : Paraná, 1998. ; 88p. ; 20cm.",ISBN : 950-43-9122-2
10," Luna, Félix",Julio A. Rocca. Grandes Protagonistas de la Hist. Arg.," Argentina : Grupo Ed. Planeta, 2004. ; il. ; 158p. ; 22cm.", ISBN : 950-49-1253-2
11," Luna, Félix",José de San Martín. Gendes Protagonistas de la Hist. Arg.," Argentina : Grupo Ed. Planeta, 2004. ; il. ; 158p. ; 22cm.", ISBN : 950-49-1246-X 
12," Luna, Félix",Juan B. Alberdi. Grandes Protagonistas de la Hist. Arg.," Argentina : Grupo Ed. Planeta, 2004. ; il. ; 147p. ; 22cm.", ISBN : 950-49-1256-7
13," Steimbeck, John",La taza de oro (Novela histórica)," Argentina : Ed., 2006. ; 224p. ; 20cm.",ISBN : 987-04-0451-0
14,"  Haasse, Hella S.",La ciudad escarlata (Novela histórica)," Argentina : Aguilar, Altea, Taurus, Alfaguara, 2006 ",                     399p. ; 20cm.
15," Mahfuz, Naguib",Akhenatón (Novela histórica)," Argentina : Aguilar, Altea, Taurus, Alfaguara, 2006",                     174p. ; 20cm.
16," Dyer, Wayne W.",El camino de la perfección (Pensamientos que ayudan a mejorar)," España : Ed. Grijalbo, 1995. ; 180p. ; 20cm.",ISBN : 84-253-2629-X
17,El camino de la perfección (Pensamientos que ayudan a mejorar)," España : Ed. Grijalbo, 1995. ; 180p. ; 20cm.",ISBN : 84-253-2629-X,nan
18," Otero,Rodolfo",El secreto del Torreón Negro," Argentina : Ed.LOSADAS.A., 2002. ; 249p. ; 22cm.",ISBN : 950-03-7810-8  
19," Eddy, Paul",Una cara de la moneda," Argentina : HISPAMERICA, 1983. ; il, ; 396p. ; 21cm.",ISBN : 950-614-020-0
20," Sueiro, Victor",Más allá de la vida," Argentina : Ed. Planeta, 1990. ; 225p. ; 20cm.",ISBN : 950-742-021-2
21, NOTICIAS Edición Homenaje,René Favaloro. De La Pampa a Los Estados Unidos," Argentina : Ed. Perfil, 2000. ; il. ; 92p. ; 20cm.",ISBN : 950-639-520-9
22," Averbach, Luján y Otros",20 de animales," Argentina :  Ed. Sudamericana S.A., 1997. ; 85p. ; 21cm.",ISBN : 950-07-1368-3
23," Applegate, K. A.",Lo olvidado," Argentina : ENECE, 1997. ; 171p. : 18 cm.", ISBN : 950-04-2165-8
24," Cazenave, Walter y Otros",Epopeyas Pampeanas, Argentina : Instituto Movilizador de Fondos Cooperativos ,                     Subsc. De Cultura de La Pampa
25," Salgari, Emilio",Los dos trigres," Argentina : Ed. Atlántida, 1974. ; il. ; 16 cm. ;",nan
26," Pairault, Suzanne",Lassie y Joe," Argentina : KAPELUSZ,1964. ; il. ; 189p. ; 20 cm. ",nan
27," Stevenson, Robert Lois",La Isla del Tesoro," Argentina : Ed. Difusión S.A., 1967. ; 141p. ; 17 cm. ",nan
28," Alcott, Luisa M.",Hombrecitos," Argentina : Ed. Difusión S.A., 1966. ; 291p. ; 17 cm.",nan
29," Twain, Mark",Aventuras de Tom Sawyer," Argentina : Ed. Atlántida, 1943. ; 125p. ; 16 cm.",nan
30, Ediciones SOLQUIN,La Caperucita Roja," Barcelona : Ed. ULTRAMAR S.A., 2000  ; il. ; 24 cm.",nan
31, Colección Pasatiempos,Caperucita Roja," España : Ed. Saldaña S.A., ; il. ; 23 cm.",ISBN : 84-7297-161-9
32, Ediciones SOLQUIN,El Patito Feo," Barcelona : Ed. ULTRAMAR S.A., 2000. ; il. ; 24 cm.",nan
33," Andersen, H. C.",El Patito Feo," España : Ed. Sirven Grafic S. A., 1989. ; il. ; 19 cm. ",ISBN : 84-7712-226-1
34, LATIN BOOKS,El Colibrí y Las Flores," Uruguay : Ed. SUDAMER S.A., ; il. ; 26 cm.",ISBN : 9974-7729-1-5
35," Cinetto, Liliana ",El Chivo y La Hormiga,"Uruguay : Ed. SUDAMER S. A., ; IL. ; 26 CM. ",ISBN : 9974-7730-2-4
36, Disney,La Bella y La Bestia," Argentina : Ed. Norma, 1992. ; il. ; 26 cm.",isbn : 958-04-1956-6
37,nan, Disney,Princesa de Porcelana," Argentina : Ed. Planeta DeAgostini, ; il. ; 16p. ; 26 cm."
37, Disney,Princesa de Porcelana," Argentina : Ed. Planeta DeAgostini, ; il. ; 16p. ; 26 cm.",ISBN : 84-395-3139-X
38," Granata, María",El Río Turuntún y una Orquesta Original," Argentina : Ed. Signar S.A., 1997. ; il. ; 20 cm.",isbn : 950-11-1116-4
39, Colección Arlequín,La Sirenita," España : Ed. Susaeta, ; il. ; 29 cm.",nan
40," Vigil, Constancio C.",La liebre y la tortuga," Argentina : Ed. Atlántida,1963. ; il. ; 29 cm.",nan
41," Dalmais, Anne Marie",Piscolabis a medianoche," España : Ed. EVEREST S.A., 1984. ; il. ; 15p. : 28 cm.",ISBN : 84-241-2224-2
42," Cabal, Graciela Beatriz",Una cadena muy importante,La Cadena Alimentaria," Argenytina : ALFAGUARA, 1988. ; il. ; 39p. ; 21 cm."
43, Publicaciones Fher,Peter Pan," España : Ed. Fher S.A., ; il. ; 23 cm.",ISBN : 84-243-3448-5
44, Estrella de Mar,La Bella y La Bestia," España _ Es susaeta S.A., ; il. ; 19 cm.",ISBN : 84-305-8095-6
45, LATINBOOKS,El respeto por la vida," Uruguay : Ed. SUADAMER S.A., ; il. ; 26 cm.",ISBN : 9974-7724-8-6
46, Distribuidora Valenciana,Los tres cerditos," España : Aldoy Grafic, ; il. ; 26 cm.",ISBN : 84-932708-9-X 
47, Diney,Tierra de Osos," Argentina : Ed. Sigmar S.A., 2003. ; il. ; 19 cm.",ISBN : 950-11-1653-0
48, Disney,Chicken little," Argentina : Ed. Sigmar S.A., 2006. ; il. ; 19 cm.",ISBN : 950-11-1875-4
49, Disney,Buscando a Nemo. El reencuentro," Argentina : Ed. Sigmar S.A., 2005. ; il. ; 19 cm.",ISBN : 950-11-1636-0
50, Foundatión Books S.A.,La Cenicienta," Brasil : Ed. Comphania Melhoramentos, 1995. ; il. ; 24 cm",ISBN : 956-7240-46-9
51," Serrano, Maria Laura",Gatos y Gatitos," Argentina : Ed. Sigmar S.A., 1984. ; il. ; 20 cm.",ISBN : 950-11-0128-2
52," Wadswoth, Wallace C.",Los siete gatos maravillosos," Argentina : Ed. Sigmar S.A., 1978. ; il. ; 26 cm.",nan
53," Sonneborn, Ruth A.",Alguién está comiendo al sol," Argentina : Ed. Sigmar S.A., 1978. ; il. ; 20 cm.",nan
54," Heap, Sue",Espera y Verás," Argentina : Ed. Sudamericana, 2001. ; il. ; 22 cm.",ISBN : 950-07-2025-9
55," Asor, Mercedes",Caballito," España : Ed. Betis, ; il. ; 24cm.",ISBN : 84-7160-073-0
56, Disney,Bambi 2," Argentina : Ed. Sigmar S.A., 2006. ; il. 19 cm.",ISBN : 950-11-1951-3
57, Biblioteca SALVAT,Viajes Espaciales," España : Ed. SALVAT, 1976. ; il. ; 141p. ; 19 cm.",ISBN : 84-345-7411-X
58," Scgmitz, Siegfried",Terrario Ciencia Juvenil," Argentina : Ed. Cincel, 1974. ; il. ; 43p. ; 22 cm.",ISBN : 84-7046-060-9
59," De La Grange, Francois - Reille, Antoine",Las aves y sus secretos," España : ed. Fher S.A., 1976. ; il. ; 79p. ; 25 cm.",ISBN : 84-243-1157-4
60," León, María Teresa",El Cid Campeador," Argentina : Comp.Gral. Fabril Ed., 1976. ; 124p. ; 17 cm. ",nan
61," de Carvantes Saavedra, Miguel",Rinconete y cortadillo," España : KAPELUSZ, 1962. ; 52p. ; 16 cm.",nan
62, Biblioteca SALVAT,Viajes Espaciales," España : Ed. SALVAT, 1973. ; il. ; 141p. ; 129 cm. ",ISBN : 84-345-7411-X
63," Fernández de Moratín, Leandro",El si de las niñas," Argentina : Ed. Sopena, 12969. : 141p. ; 17 cm. ",nan
64," Obligado, Rafael",Poesías completas," Argentina : Ed. Sopena, 1963. ; 142p. ; 19 cm.",nan
65," Benavente, Jacinto",Los intereses creados," Argentina : SALVAT Editores, 1970. ; 136p. ; 18 cm.",nan
66," De la Barca, Calderón",El Alcalde de Zalamea," Argentina : Ed. PLUS ULTRA, 1977. ; 145p. ; 19 cm.",nan
67," De la Barca, Calderón", La vida es sueño," Argentina : SALVAT EDITORES S.A., 1970. ; 195p. ; 18 cm.",nan
68," Melville, Hernán",Bartley el escribiente," Argentina : Ed. Cátedra - Página/12, ; 85p. ; 18 cm.", ISBN : 950-695-106-7
69," Hoffmann, E. T. A.",El Voto," Argentina : Ed. Alianza S.A.-Página/12, ; 93p. ; 18 cm.",ISBN :  950-695-124-1
70, Stendhal,Vanina Vanini," Argentina : Ed. Alianza S.A,-Página/12, ; 94p. ; 18 cm.",ISBN : 950-695-100-8
71," Chesterton, Gilbert Keith",El Paraíso de los ladrones," Argentina : Ed. Alianza S.A.-Página/12, ; 94p. ; 18 cm.",ISBN : 950-685-116-0
72," London, Jack",El hombre de la cicatriz y otras narraciones," Argentina : Ed. Alianza S.A.-página/12, ; 93p. ; 18 cm.",ISBN : 950-695-147-0
73," Hoffmann, E .T. A.",La casa vacía," Argentina : Ed. Alianza S.A.-Página/12, ; 93 p. ; 18 cm.",ISBN : 950-695-119-5
74," Chesterton, Gilbert Keit",Las muertes de los Pendragon," Argentina : Ed. Alianza S.A.-Página/12, ; 94p. ; 18 cm.",ISBN : 950-695-141-1
75," Griene, Grahan",El Terder Hombre," Argentina : Ed. Alianza S.A.-Página/12, ; 94p. ; 18 cm.",ISBN : 950-695-047-4
76," De Rojas, Fernanado",La Celestina," Argentina : C. Ed. De América Latina, 1969. ; 163p. ; 16 cm.",nan
77," De Quevedo, Francisco",La vida del buscón llamado Don Pablos," Argentina : Salvat Editores S.A., 19969. ; 186p. ; 17 cm.",nan
78," Becquer, Gustavo A.","Rimas, Artículos y Leyendas"," Argentina : Ed. Difusión, 1953. ; 158p. ; 17 cm-",nan
79," De Maupassant, Guy",Cuentos de guerra," Argentina : Ed. E. Rei Arg. S.A.-Página/12, ; 94p. 18 cm.",ISBN : 950-695-091-1
80," De Maupassant, Guy",Un parricida," Argentina : Ed. Alianza S.a.-Página/12, ; 94p. ; 18 cm.",ISBN : 950-695-135-7
81, Stendhal,Vanina Vanini," Argentina : Ed. Alianza S.A.-Página/12, ; 94p. ; 18 cm.",ISBN : 950-695-100-8
82," García Lorca, Federico",Doña Rosita La Soltera," Argentina : Ed.Losada S.A.-Página/12, ; 94p. ; 18 cm.",ISBN : 950-695-075-X
83, De Maupossant,Magnetismo y otros cuentos," Argentina : Ed. Alianza S.A.-Página/12, ; 94p. ; 18 cm.",ISBN : 950-695-140-3
84," Melville, Hermann","Belly Bud, Marinero "," Argentina : Ed. Catedra S.A.-Página/12, ; 96p. ; 18 cm.",ISBN : 950-695-077-6
85," García Lorca, Federico",Doña Rosita La Soltera," Argentina : Ed. Losada S.A.-Página/12, ; 94p. ; 18 cm.",ISBN : 950-695-075-X
86," Mayor de Piérola, Amanda","Amanda, dolor y esperanza"," Argentina ; Ed. Chaco,2010 ; 138 p. ; 21 cm.",ISBN : 978-987-24913-7-684-305-8095-6
87," De Maupassant, Guy",Un Parricida," Argentina : Ed. Alianza S.A.-Página/12, ; 94p. ; 18cm.",ISBN : 950-695-135-7
88," Wells, Hebert G.",La máquina del tiempo," Argentina : Ed. Nuevo Siglo S.A., 1995. ; 123p. ; 18 cm.",ISBN : 987-9049-96-9
89," Fernández de Moratín, Leandro",El Sí de las Niñas," Argentina : Ed. Colihue, 1981. ; 125p. ;18 cm.",nan
90," de L'Isle, Villiers - Philippe, Adam",Vox Populi y otros cuentos crueles," Argentina : Ed. Alianza S.A.-Página/12, ; 93p. ; 18 cm.",ISBN : 950-695-133-0
91," De Maupassant, Guy",Cuentos de guerra," Argentina : Ed. E. Rei S.A.-Página/12, ; 94p. ; 18 cm.",ISBN : 950-695-091-1
92," Hernández, Miguel",Antología," Argentina : Ed. Losada S.A.-Página/12, ; 95p. ; 18 cm.",ISBN : 950-695-099-7
93," Melville, Herman",Benito Sereno," Argentina : Ed. Nuevo Siglo S.A., 1995, ; 126p. ; 17 cm.",ISBN : 987-9049-60-8
94," De Cervantes Saavedra, Miguel",La Gitanilla," Argentina : Ed. KAPELUSZ S.A., 1965. ; 74p. ; 16 cm.",nan
95," Becquer, Gustavo Adolfo",Rimas," Argentina : Ed. Alianza S.A.-Página/12, ; 93p. ; 18 cm.",ISBN : 950-695-143-4
96," Bullrich, Silvina",¿A qué hora murió el enfermo?," Argentina : Ed. Rapiri S.A., 1984. ; 199p. ; 19 cm. ",ISBN : 950-19-0171-8
97," Quiroga, Horacio",El Potro Salvaje," Argentina : Ed. Alianza S.A.-Página/12, ; 93 p. ; 18 cm.",ISBN : 950-695-125-X
98, Stendhal,Los Cenci. La Duquesa de Palliano," Argentina : Ed. Alianza S.A.-Página/12, ; 94 p. ; 17 cm.",ISBN : 950-695-107-5
99," Terzi, Mariela - Ortega, Emilio",100 Barcos de Vapor," España . Ediciones S. M., 1987. ; 246 p. ; 18 cm.",ISBN : 84-348-2031-5
100," Wilde, Oscar",El Fantasma de Canterville," Argentina : Ed. E. Rei-Página/12, ; 93 p. ; 18 cm.",ISBN : 950-695-064-4
101, Stendhal,Relatos,"Argentina : Ed. Salvat, 1970. ; 159 p- ; 18 cm.",nan
102," Gorki, Maximo",Malva," Argentina : Ed. Antártica S.A.-Página/12, ; 93 p. ; 18 cm.",ISBN : 950-03-154-3
103," Gogol, Nicolás",El Retrato," Argentina : Ed. Alianza S.A.-Página/12, ; 93 p. ; 18 cm.",ISBN : 950-695-136-5
104," Kipling, Rudyard",Rikki - Tikki - Tavi y otras historias de la selva," Argentina : Ed. Alianza S.A.-Página/12, ; 93 p. ; 18 cm.",ISVN : 950-695-144-6
105," Conan Doyle, Arthr",El carbúmclo azul," Argentina : Ed.Alianza S.A.-Página/12, ; 94 p. ; 18 cm.",ISBN : 950-695-127-6
106," Bande, Manuel",Fortín La Soledad," Argentina : Imprenta Lux S.R.L., 1994. ; 182 p. ; 21 cm.",ISBN : 950-43-5467-X
107," Valera, Juan",Pepita Jiménez," Argentina : Ed. Losada S.A.,1939. ; 191 p. ; 17 cm.",nan
108," Bullrich, Silvina",Mañana digo basta," Argentina : Ed. Sudamericana, 1975. ; 247 p. ; 17 cm.",nan
109," de Ibarbourou, Juana",Chico Carlo," Argentina : Ed. KAPELUSZ, 1958. ; 118 p. ; 13 cm.",nan
110," Casona, Alejandro",Los árboles mueren de pie," Argentina : Ed. Losada S.A., 1984. ; 105 p. ; 17 cm.",nan
111, Asociación Santafesina de Escritores,Mesa de Homenajes," Argentina : Imprenta Lux, 1997. ; 361 p. ; 21 cm.",nan
112," London, Jack",Diablo," Argentina : Ed. Rei-página/12, ; 94 p. ; 18 cm.",ISBN : 950-695-067-9
113," Machado, Antonio",Antología," Argentina : Ed. Losada S.A.-Página/12, ; 94 p. ; 18 cm.",ISBN : 950-695-088-1
114," de Cervantes Saavedrta, Miguel",Novelas Ejemplares," Argentina : Ed. Sopena S.A., 1958. ; 171 p. ; 21 cm.",nan
115," Flavín, Martín",El Hechizado," Argentina : Ed. Sudamericana, 1984. ; 431 p. ; 18 cm.",nan
116,"  London, Jack",La huelga general," Argentina : Ed. Rei-Página/12, ; 92 p. ; 18 cm.",ISBN : 950-695-126-8
117," Renata, Eugenia",Podemos juntar flores," Argentina : Imp. Lux, 2005. ; 236 p. ; 19 cm.",ISBN : 987-43-9485-4
118," Conrad, Josepe",La posada de las dos brujas," Argentina : Ed. Alianza S.A.-página/12, ; 93 p. ; 18 cm.",ISBN : 950-695-103-2
119," Machado, antonio",Los Máximos Creadores," Argentina : Ed. Perfil S.A., 1997. ; 62 p. ; 15 cm.",ISBN : 950-639-031-2
120," Chejov, Anton",El Monje Negro," Argentina : Ed. Alianza S.A.-Página/12, ; 95 p. ; 18 cm.",ISBN : 950-695-055-5
121," Neruda, Pablo",Los Máximos Creadores," Argentina : Ed. Perfil S.A., 1997. ; 60 p. ; 15 cm.",ISBN : 950-639-032-0
122," Lafond, Jaques",Las mejores recetas con soja," Argentina : Gama Prod. Gráfica, 2002. ; 94 p. ; 19 cm.",ISBN : 950-768-398-4
123, WATCH TOWER BIBLE AND TRACT SOCIETY OF , PENNSILVANIA INTERNATIONAL BIBLE STUDENTS, ASSOCIATION,"La vida … ¿Cómo se presentó aquí? ¿Por evolución , o"
124," Vecchioli, Mario R.",Obra Poética édita e inédita," Argentina : Ed. Municipalidad de Rafaela, 1981.; 155-",                     328 p. ; 26 cm.
125," Seton, Anya",Verde Oscuridad -Novela Romántica," Argentina : Emecé, 1979. ; 490p. ; 19 cm.",nan
126," Bande, Manuel",Cuentos de por aquí nomas," Argentina : Imp. Lux, 1996. ; 139 p. ; 21 cm.",ISBN : 987-99646-3-2
127, Goethe,Werther," Argentina : SALVAT Editores S.A., 1969. ; 173 p. ; 18 cm.",nan
128," Conan Doyle, Arthur",Sherlock Holmes El aristócrata solterón," Argentina : Ed. Alianza S.A.-Página/12, ; 94 p. ; 18 cm.",ISBN :950-695-134-9
129," de Quincey, Thomas",La rebelión de los tártaros," Argentina : Ed. Rei S.A.-Página/12, ; 94 p. ; 18 cm.",ISBN : 950-695-159-4
130," Bierce, Ambrose",Los ojos de la pantera y otros relatos," Argentina : Ed. Rei-Página/12, ; 93 p. ; 18 cm.",ISBN : 950-695-131-4
131," Bierce, Ambrose",Un jinete por el cielo," Argentina : Ed. Alianza S.A.-Página/12, ; 93 p. ; 18 cm.",ISVN : 950-695-132-0
132," Chesterton, Gilbert Keith",El candor del Padre Brown," Argentina : Ed. Alianza S.A.-Página/12, ; 93 p. ; 18 cm.",ISBN : 950-695-059-8
133," Sabato, Ernesto",Informe sobre ciegos," Argentina : Rd. Espasa Calpe-Página/12, ; 119 p. ; 18 cm.",ISBN : 987-9015-06-1
134," Bret Harte, Francis",El MONTE DEL Diablo y otros relatos," Argentina : Ed. Rei-Página/12, ; 94 p. ; 18 cm.",ISBN : 950-695-079-C
135," Goglo, Nikolai V.",El Capote," Argentina : Ed. Rei-Página/12, ; 95 p. ; 18 cm.",ISBN : 950-695-120-9
136," Kafka,Franz",La Metamorfosis," Argentina : Ed. Cátedra S.A.-Página/12, ; 94 p. ; 18 cm.",ISBN : 950-695-053-9
137," Bullrich, Silvina",Los Pasajeros del Jardín,"Argentina : Emecé Editores, 1971. ; 185 p. ; 18 cm. ",nan
138," Ribeiro, Alex",¿Quién ganó la COPA MUNDIAL?," Estados Unidos : Ed. CARIBE, 1998. ; 138 P. ; IL. ; 20 CM.",ISBN : 0-88113-495-3
139," Puig, Manuel",Boquitas pintadas," España : Ed. AGEA. S.A., 1969. ; 171 p. ; 21 cm.",ISBN : 84-95594-60-9
140," Ramos-Olivera, Antonio",La Vida de un Rey Memorias del duque de Windsor," Mexico : Ed. Mexicana S.A., 1951. ; il. ; 379 p. ; 21cm. ",nan
141, Imaginador,Diseños de tortas para fiestas," Argentina : IMPRECO GRAFIA, 1996. ; il. ; 15 p. ; 27 cm.",ISBN : 950-768-111-6
142," Cornwell, Patricia",Predator,"Argentina : Ediciones B S.A., 2006. ; 391 p. ; 22 cm",ISBN : 84-666-2911-4
143," De Santais, Pablo",El enigma de París,"Argentina : Ed. Planeta S.A., 2007. ; 281 p. ; 22 cm.",ISBN : 978-958-42-1686-1
144," Colin A, Roman",Secretos del cosmos," Argentina : SALVAT,Editores, 1970. ; 178 p. ; 18 cm.",nan
145," De Vega, Lope",FUENTEOVEJUNA," Argentina : Ed. Sopena,1959. ; 158 p. ; 19 cm.",nan
146," Del Campo, Estanislao",FAUSTO," Argentina : Ed. Sopena, 1958. ; 163 p. ; 19 cm.",nan
147," De Rojas, Fernanado",La Celestina," Argentina : Ed. Sopena, 1958. ; 142 p. ; 22 cm.",nan
148," Dumas, Alejandro",Los Tres Mosqueteros,                : 352 p. ; 23 cm.,nan
149, READER'S DIGEST COLECCIÓN DE LIB. SELECTOS,Libros Selectos," México : Reader's Digest, 2000. ; il. ; 574 p. ; 19 cm.",ISSN : 1405-7999 
150, READER'S DIGEST COLECCIÓN DE LIB. SELECTOS,Libros Selectos,"México : Reader's Digest, 2000.; il. 574 p. ; 19 cm.",ISSN1405-7999
151," Baum, Vicky",El lago de las damas," España : Ed. Planeta/Bruguera, 1985. ; 219 p. ; 19 cm.",ISBN : 84-320-8200-1
152," Dayub, Gerardo A.",Gestión Cultural en Entre Ríos," Argentina : Delta Editora, 2008. ; 107 p. ; 21 cm. ",nan
153," Beloff, Mary Ana y Otros",Cuadernos de la carcel," Argentina :   ,1991. ; 157 p. ; 19 cm.",nan
154, Ministerio de Salud y Acción Social,Funciones Esenciales de Salud Pública," Argentina : Ministerio de Saluda, 2008. ; 119 p. ; 23 cm.",ISBN : 978-950-710-113-7
155," Truffer, Isabel - Storani, Silvia M.",El Campo de Ciencia y Tecnología de la UNER," Argentina : UNER,2004. ; il. ; 280 p. ; 24 cm. ",ISBN : 950-698-118-3
156," Chomsky, Noam - Petra, James - Morley, Morris",Clinton La Política del actual Gobierno de EE. UU.," Chile : Ed. Antártica S.A., 1994.  ; 128 p. ; 19 cm.",ISBN : 950-860-017-9
157," Renata, Eugenia",Podemos juntar flores PARTE 1," Argentina : Imp. Lux S.A., 2005. ; 236 p. ; 19 cm. ",ISBN : 987-43-9485-4
158," Renata, Eugenia",Podemos juntar flores PARTE 2," Argentina : Imp. Lux S.A., 2006. ; 257 p. 14 cm. ",ISBN : 987-05-1277-1
159," Renata, Eugenia",Podemos juntar flores PARTE 3," Argentina : Imp. Lux S.A., 2006. ; 206 p. ; 14 cm.",ISBN : 987-05-0968-1
160," Orgambide, Pedro",Ezequiel Martínez Estrada ANTOLIGIA," Chile : Ed. Antartíca S.A., 1995. ; 128 p. ; 19 cm.",ISBN : 950-860-024-1
161," Gorini, Ulises",Tópicos utópicos - dialogos con la izquierda europea," Chile : Ed. Antártica S.A., 1994. ; 128 p. ; 19 cm.",ISBN : 950-860-011-X
162," Gilio, María Esther",Conversaciones," Chile : Ed. Antártica S.A., 1993. ; 128p.  ;19 cm.",ISBN : 950-860-005-5
163," Di Stefano, Maria",Españoles Antología de Cuentos 1980-1993," Chile : Ed. Antártica S.A., 1994. ; 128 p. ; 19 cm.",ISBN : 950-860-015-2 
164," Villafañe, Javier",Antología Personal," Chile : Ed. Antártica S.A., 1993. ; 128 p. ; 19 cm.",ISBN : 950-860-006-3
165," Alvarez, Patricia",Ecos del Sur la otra Ecología,"Chile : Ed. Antártica S.A., 1994. ; 128 p. ; 19 cm.",ISBN : 950-860-009-8
166," Orgambide, Pedro",Gauchos y Soldados," Chile : Ed. Antártica S.A., 1994.; 128 p. ; 19 cm.",ISBN : 950-860-013-6
167," Tomossi, Jorge",Crónicas casi reales," Chile : Ed. Antártica S.A., 1995. ; 128 p. ; 19 cm.",ISBN : 950-860-020-9
168," Moreno, Horacio",Lo Fantastico cuentos de realidad e imaginación, Chile : Ed. Antártica S.A. ; 1993. ; 128 p. ; 19 cm.,ISBN : 950-860-004-7
169," Preidemberg, Daniel",En la noche historias despues de hora," Chile : Ed. Antártica S.A., 1995. ; 128 p. ; 19 cm.",ISBN : 950-860-023-3
170," Dottori, Nora - Lafforgue, Jorge",Las Fronteras," Chile : Ed. Antártica S.A., 1993. ; 128 p. ; 19 cm.",ISBN : 950-99942-8-6
171," Mayer, Marcos",El Peronismo Historias de una pasión argentina," Chile : Ed. Antártica S.A., 1994. ; 128 p. ; 19 cm.",ISBN : 950-860-016-0
172," Puiggros, Adriana - Waldman, Fabiana",La educación ¿Hacia que fututro mira?," Chile : Ed. Antártica S.A. , 1994. ; 128 p. ; 19 cm.",ISBN : 950-860-014-4
173," Shakespeare, William",Hamlet," Argentina : Ed. Salvat S.A., 1982. ; 171 p. ; 18 cm.",ISBN :  84-345-8020-9
174," De Miguel, María Esther",un dandy en la corte del Rey Alfonso," Argentina : Ed. Planeta, 2000. ; 396 p. ; 18 cm.",ISBN : 950-49-0625-5
175," Fernández Díaz, Jorge",Mamá," Argentina : Ed. Sudamericana, 2002. ; 223 p. ; 21 cm.",ISBN : 950-07-2277-1
176," Orwell, george",1 9 8 4," España : Ed. Millenium, 1984. ; 252 p. ; 19 cm.  ",nan
177," Bioy Casares, Adolfo y Borges, Jorge Luis",Los mejores cuentos Policiales (Selección)," Argentina : Emecé Editores, 1962. ; 329 p. ; 17 cm. ",ISBN : 84-206-1368-1
178," García Márquez, Gabriel",La mala hora," Argentina : Ed. Sudamericana, 1973. ; 203 p. ; 16 cm.",nan
179," García Márquez, Gabriel",Ojos de perro azul,"  España : Ed. Plaza & Janes S.A., 1974. ; 140 p. ; 17 cm.",ISBN : 84-01-144108-0
180," García Marquez, Gabriel",Relato de un Naufrago," España : Tusquets Editor, 1978. ; 88 p. ; 17 cm.",nan
181," Simenon, Georges",El asesino del canal," Argentina : Ed. Planeta, 1994. ; 179 p. ; 17 cm.",ISBN : 84-7223-443-6
182," Puzo, Mario",Los Tontos Mueren," España : Ed. Grijalbo, 1980. ;  598 p. ; 18 cm.",ISBN : 84-253-1080-6
183," Miller, Henry",La crucifixión rosada NEXUS," Argentina : Santiago Rueda Ed., 1969. ; 350 p. ; 19 cm.",nan
184," Wesr, Morris",El Navegante," España : Ed. Pomaire, 1978. ; 397 p. ; 17 cm.",ISBN : 84-286-0138-0
185," Kinsale, Laura",El corazón escondido," Argentina : Javier Vergara Ed., 1993. ; 318p. ; 22 cm.",ISBN : 950-15-1322-X
186," Fernanadez De La Reguera, Ricardo",Experimento," España : Plaza & Janes, 1974. ; 151 p. ; 18 cm. ",ISBN : 84-01-44073-4
187, Historias Bíblicas,Mi libro de Historias Bíblicas," Estados Unidos : My Book of Biblie Stories, 1978. ; il. ;",                                  116 p. ; 15 cm.
  ,                                  116 p. ; 15 cm.,nan,nan," de Wahite, Elena G."
188," de Wahite, Elena G.",El Camino a Cristo," Argentina : Editora Sudamericana, 1985. ; 128 p. ; 16 cm. ",ISBN : 950-573-082-9 
189," Sagan, Carl",La conexión cósmica," Argentina : Ed. Hyspamerica, 1978. ; 255 p. ; 19 cm. ",ISBN : 84-7634-115-6
190," McNaught, Judith",Mentira de Amor," Argentina : Ed. Atlántida, 1984. ; 278 p. ; 17 cm.",ISBN : 950-08-1302-5
191," Maurois, Andre",Napoleón," España : Salvat Editores, 1985. ; il. ; 189 p. ; 19 cm.",ISBN : 84-345-8148-9
192," Camus, Albert",La peste," Argentina : Ed. Seix Barral, 1985. ; 234 p. 18 cm. ",nan
193," Heller, Jane",Falsa identidad," Argentina : Ed. Claridad, 2009. ; 318 p. ; 22 cm.",ISBN : 978-950-620-261-3
194," Parquer, Alan",El beso del Incauto," Argentina : Ed. Emecé, 2008. ; 260 p. ; 22 cm.",ISBN : 978-950-04-3009-8
195," Crusie, jennifer",La falsificadora (grandes novelistas)," Argentina: Ed. Emecé, 2008. ; 316 p. ; 22 cm.",ISBN : 978-950-04-3017-3
196," Conan Doyle, Arthur",El regreso de Sherlock Holmes," Argentina : Ed. Claridad, 2010. ; 301 p. ; 21 cm.",ISBN : 978-950-620-166-1
197," Poe, Edgar Alan",Cuentos de humor y sátira," Argentina : Ed. Claridad, 2007. ; 314 p. ; 21 cm.",ISBN : 950-620-157-9
198," Quinn, Daniel",A.D. El año que cambió el mundo (grandes novelistas)," Argentina : Ed. Emecé, 2008. ; 165 p. ; 22 cm.",ISBN : 978-950-04-3006-7
199," Conan Doyle, Arthur",Relatos de misterio," Argentina : Ed. Claridad, 2007. ; 109 p. 22 cm.",ISBN : 798-950-620-230-9
200,"Christie, Agatha",El misterio del tren azul," Argentina : Ed. Planeta, 2006. ;  207 p, ; 18 cm.",ISBN : 978-950-49-1619-2
201," Christie, Agatha",Intriga en Bagdad," Argentina : Ed. Planeta, 2007. ; 199 p. ; 18 cm.",ISBN : 978-950-49-1670-3
202," Christie, Agatha",Los elefantes pueden recordar," Argentina : Ed. Planeta, 2006. ; 174 p. 18 cm.",ISBN : 978-950-49-1616-1
203," Christie, Agatha",El espejo roto," Argentina : Ed. Planeta, 2006. ; 215 p. ; 18 cm.",ISBN : 978-950-49-1618-5
204," Christie, Agatha",Cianuro espumoso," Argentina : Ed. Planeta, 2006. ; 214 p. ; 18 cm.",ISBN : 978-950-49-1613-0
205," Poe, Edgar Alan",Cuentos de horror y misterio," Argentina : Ed. Claridad, 2005. ; 379 p. ; 21 cm.",ISBN : 950-620-158-7
206," Lapajufker, Marcelo",Hay dos cartas sin abrir," Argentina : Ed. El Autor, 2007 ;  il. ; 310 p.; 21 cm.   ",ISBN : 978-987-05-3595-9
207,Hay dos cartas sin abrir," Argentina : Ed. El Autor, 2007 ;  il. ; 310 p.; 21 cm.   ",ISBN : 978-987-05-3595-9,nan
208," Argentina : Ed. El Autor, 2007 ;  il. ; 310 p.; 21 cm.   ",ISBN : 978-987-05-3595-9,nan,nan
209," Feinmann, José Oablo",Peronismo Filosofía polítiva de una persistencia argentina," Argentina : Ed. Planeta, 2010 ; 740 p. ; 22 cm.",ISBN : 978-950-49-2378-7
210," Rozitchner, Leon",Las desventuras del sujeto político," Argentina : Ed. El Cielo por Asalto, 1996 ; 255 p. ; 21 cm.",ISBN : 987-9035-08-9
211," Alvarado, Maite",El Lecturón II La máquina de hacer lectores," Argentina : Ed. El Hacedor, 2010 ; il. ; 139 p. ; 22 cm.",ISBN : 978-987-9272-04-6
212," Chapra, Steven C. - Canale, Raymond P.",Métodos numéricos para ingenieros," México : Ed. McGraw-Hill, 2007 ; il. ; 977 p. ; 23 cm.",ISBN : 978-970-10-6114-5
213," Osorio, Fernanado",¿Qué función cumplen los padres de un niño?, Argentina : Ed. Novedades Educ. ; 2008 ; 94 p. ; 25 cm.,ISBN : 978-987-538-230-5
214," Coelho, Paulo",Palabras esenciales II," Argentina : -ed. Lidia M. Riba, 2008 ; il ; 91 p. ; 18 cm.",ISBN : 978-987-612-146-0
215,Palabras esenciales II," Argentina : -ed. Lidia M. Riba, 2008 ; il ; 91 p. ; 18 cm.",ISBN : 978-987-612-146-0,nan
216," Devetach, Laura",Cuento de los enrredos," Argentina : Ed. Grupo AIQUE, 2005 ; IL. ; 23 P. ; 19 CM.",ISBN : 950-701-542-6
217,Cuento de los enrredos," Argentina : Ed. Grupo AIQUE, 2005 ; IL. ; 23 P. ; 19 CM.",ISBN : 950-701-542-6,nan
218," Cortázar, Julio",Cuentos completos 1," Argentina : Ed. ALFAGUARA, 2010 ; 639 p. ; 23 cm.",ISBN : 978-987-04-1472-8
219,Cuentos completos 1," Argentina : Ed. ALFAGUARA, 2010 ; 639 p. ; 23 cm.",ISBN : 978-987-04-1472-8,nan
220," Balagurusamy, E.",Programación orientada a objetos con c++," España : Ed. McGraw-Hill, 2007 ; il. ; 621 p. ; 23 cm.",ISBN : 978-84-481-5621-3
221," Grimaldi, Ralph P.",Matemáticas discreta y combinatoria," México : Ed. PEARSON, 1998 ; 874 P. ; 23 C.  ",ISBN : 968-444-324-2
222, QUINO,Mafalda inedita," Argentina : Ed. De La Flor S.R.L., 1988 ; il. ; 18 cm.",ISBN : 978-950-515-664-1
223,Mafalda inedita," Argentina : Ed. De La Flor S.R.L., 1988 ; il. ; 18 cm.",ISBN : 978-950-515-664-1,nan
224, QUINO,Humano se nace," Argentina : Ed. De La Flor S.R.L., 2009 ; il. ; 126 p. ; 27 cm.",ISBN : 978-950-515-680-1
225,Humano se nace," Argentina : Ed. De La Flor S.R.L., 2009 ; il. ; 126 p. ; 27 cm.",ISBN : 978-950-515-680-1,nan
226," Fazzio, Adriana","Niñez, Familia y Derechos Humanos"," Argentina : Ed. Espacio, 2010 ; 150 p. ; 22 cm.",ISBN : 978-950-802-327-8
227,"Niñez, Familia y Derechos Humanos"," Argentina : Ed. Espacio, 2010 ; 150 p. ; 22 cm.",ISBN : 978-950-802-327-8,nan
227," Coelho, Paulo",La Bruja de Portobello," Argentina : Ed. Planeta, 2009 ; 295 p. ; 22 cm.",ISBN : 978-950-49-2178-3
229,La Bruja de Portobello," Argentina : Ed. Planeta, 2009 ; 295 p. ; 22 cm.",ISBN : 978-950-49-2178-3,nan
230," De Santis, Pablo",Los anticuarios," Argentina : Ed. Planeta, 2010 ; 266 p. ; 22 cm.",ISBN : 978-950-49-2390-9
231,Los anticuarios," Argentina : Ed. Planeta, 2010 ; 266 p. ; 22 cm.",ISBN : 978-950-49-2390-9,nan
232," Cook, Robin",Cuerpo extraño," Argentina : Ed. Plaza & Janés, 2009 ; 443 p. 23 cm.",ISBN : 978-950-644-172-2
233,Cuerpo extraño," Argentina : Ed. Plaza & Janés, 2009 ; 443 p. 23 cm.",ISBN : 978-950-644-172-2,nan
234," Hood, Robin",El Proscipto," Argentina : Ed. Edhasa,2010 ; 446 p. ; 22 cm.",ISBN : 978-987-628-089-1
235,El Proscipto," Argentina : Ed. Edhasa,2010 ; 446 p. ; 22 cm.",ISBN : 978-987-628-089-1,nan
236," Allende, Isabel",El plan infinito," Argentina : Ed. Sudamericana, 2009 ; 410 p. ; 18 cm.",ISBN : 987-1138-88-1
237,El plan infinito," Argentina : Ed. Sudamericana, 2009 ; 410 p. ; 18 cm.",ISBN : 987-1138-88-1,nan
238," Cooh, Robin",ADN," Argentina : Ed. Sudamericana, 2010 ; 520 p. ; 18 cm.",ISBN : 978-987-566-514-9
239,ADN," Argentina : Ed. Sudamericana, 2010 ; 520 p. ; 18 cm.",ISBN : 978-987-566-514-9,nan
240," Freire, Hector J.",El Cine en su laberinto," Argentina : Ed. Topía, 2009 ; 103 p. ; 22 cm.",ISBN : 978-987-1185-30-6
241,El Cine en su laberinto," Argentina : Ed. Topía, 2009 ; 103 p. ; 22 cm.",ISBN : 978-987-1185-30-6,nan
242," Castellano, Emanuel",El libro mágico de Harry Potter," Argentina : Ed. OVNI, 2009 ; il. ; 94 p. ; 21 cm. ",ISBN : 978-987-24341-9-9
243,El libro mágico de Harry Potter," Argentina : Ed. OVNI, 2009 ; il. ; 94 p. ; 21 cm. ",ISBN : 978-987-24341-9-9,nan
244," Rowling, J. K.",Harry Potter y el cáliz de fuego," España : Ed. Salamandra, 2010 ; 635 p. ; 19 cm.",ISBN : 978-84-9838-015-6
245,Harry Potter y el cáliz de fuego," España : Ed. Salamandra, 2010 ; 635 p. ; 19 cm.",ISBN : 978-84-9838-015-6,nan
246," Rowling, J. K.",Harry Potter y el prisionero de Azkaban," España : Ed. Salamndra, 2010 ; 358 p. ; 19 cm.",ISBN : 978-84-9838-014-9
247,Harry Potter y el prisionero de Azkaban," España : Ed. Salamndra, 2010 ; 358 p. ; 19 cm.",ISBN : 978-84-9838-014-9,nan
248," García Márquez, Gabriel",El amor en los tiempos del cólera," Argentina : Ed. Sudamericana, 2009 ; 494 p. ; 23 cm. ",ISBN : 950-07-2608-4
249,El amor en los tiempos del cólera," Argentina : Ed. Sudamericana, 2009 ; 494 p. ; 23 cm. ",ISBN : 950-07-2608-4,nan
250," Piglia, Ricardo",Blanco nocturno," España : Ed. Anagrama, 2010 ; 299 p. ; 22 cm.",ISBN : 978-84-339-7215-6
251,Blanco nocturno," España : Ed. Anagrama, 2010 ; 299 p. ; 22 cm.",ISBN : 978-84-339-7215-6,nan
252," Piglia, Ricardo",Plata quemada," España : Ed. Anagrama, 2000 ; 227 p. ; 22 cm.",ISBN : 978-84-339-2462-9
253,Plata quemada," España : Ed. Anagrama, 2000 ; 227 p. ; 22 cm.",ISBN : 978-84-339-2462-9,nan
254," Bonasso, Miguel",Diario de un clandestino," Argentina : Ed. Planeta, 2010 ; il. ; 331 p. ; 23 cm.",ISBN : 978-950-49-2435-7
255,Diario de un clandestino," Argentina : Ed. Planeta, 2010 ; il. ; 331 p. ; 23 cm.",ISBN : 978-950-49-2435-7,nan
256," Balmaceda, Daniel",Biografía no autorizada de 1910," Argentina : Ed. Sudamericana, 2010 ; 186 p. ; 22 cm.",ISBN : 978-950-07-3226-0
257,Biografía no autorizada de 1910," Argentina : Ed. Sudamericana, 2010 ; 186 p. ; 22 cm.",ISBN : 978-950-07-3226-0,nan
258," Galeano, Eduardo",El libro de los abrazos," Argentina : Ed. Siglo Veintiuno, 2010 ; il. ; 265 p. ; 20 cm.",ISBN : 978-987-629-116-3
259,El libro de los abrazos," Argentina : Ed. Siglo Veintiuno, 2010 ; il. ; 265 p. ; 20 cm.",ISBN : 978-987-629-116-3,nan
260," Devetach, Laura",Cuentos del Paí Luchi,"Argentina : Ed. Sudemaricana, 2001 ; il. ; 42 p. ; 21 cm.",isbn : 950-07-2090-6
261,Cuentos del Paí Luchi,"Argentina : Ed. Sudemaricana, 2001 ; il. ; 42 p. ; 21 cm.",isbn : 950-07-2090-6,nan
262," García Márquez, Gabriel",Vivir para contarla," Argentina : Ed. Sudamericana, 2010 ; 527 p. ; 18 cm.",ISBN : 987-566-029-9
263,Vivir para contarla," Argentina : Ed. Sudamericana, 2010 ; 527 p. ; 18 cm.",ISBN : 987-566-029-9,nan
264," García Márquez, Gabriel",Cien años de soledad," Argentina : Ed. Sudamericana, 2009 : 494 p. ; 18 cm.",ISBN : 987-1138-14-8
265,Cien años de soledad," Argentina : Ed. Sudamericana, 2009 : 494 p. ; 18 cm.",ISBN : 987-1138-14-8,nan
266," Argentina : Ed. Sudamericana, 2009 : 494 p. ; 18 cm.",ISBN : 987-1138-14-8,nan,nan
267," Stamateas, Bernardo",AUTOBOICOT Cuando el tóxico es uno mismo," Argentina : Ed. Planeta, 2009 : 190 p. ; 22 cm. ",ISBN : 978-950-49-1967-4
268,AUTOBOICOT Cuando el tóxico es uno mismo," Argentina : Ed. Planeta, 2009 : 190 p. ; 22 cm. ",ISBN : 978-950-49-1967-4,nan
269," Brown, Dan",El  Código Da Vinci," España : Ed. URANO, 2007 ; 666 p. ; 18 cm.",ISBN : 978-84-96829-00-8
270,El  Código Da Vinci," España : Ed. URANO, 2007 ; 666 p. ; 18 cm.",ISBN : 978-84-96829-00-8,nan
271," De Santis, Pablo",Páginas mezcladas," Argentina : Ed. Colihue, 2009 ; il. ; 91 p. ; 19 cm.",ISBN : 978-950-581-222-6
272,Páginas mezcladas," Argentina : Ed. Colihue, 2009 ; il. ; 91 p. ; 19 cm.",ISBN : 978-950-581-222-6,nan
273," De Santis, Pablo",Desde el ojo del pez," Argentina : Ed. Alfaguara, 2008 ; il. ; 128 p. ; 19 cm. ",ISBN : 978-987-04-1065-2
274,Desde el ojo del pez," Argentina : Ed. Alfaguara, 2008 ; il. ; 128 p. ; 19 cm. ",ISBN : 978-987-04-1065-2,nan
275," Rapoport, Mario",Las políticas económicas de la Argentina," Argentina : Ed. Booket, 2010 ; 511 p. ; 18 cm.",ISBN : 978-987-580-370-4
276," Sabato, Hilda",Pueblo y Política la construcción de la Arg. Moderna," Argentina : Capital Intelectual, 2010 ; 123 p. ; 19 cm.",ISBN : 978-987-614-216-8
277,Pueblo y Política la construcción de la Arg. Moderna," Argentina : Capital Intelectual, 2010 ; 123 p. ; 19 cm.",ISBN : 978-987-614-216-8,nan
278," Arreche, Araceli y Otros",El Teatro y Los Niños," Argentina : Ed. Atuel, 2006 ; 223 p. ; 18 cm.",ISBN : 987-1155-23-9
279,El Teatro y Los Niños," Argentina : Ed. Atuel, 2006 ; 223 p. ; 18 cm.",ISBN : 987-1155-23-9,nan
280," Rowling, J. K.",Harry Potter y las reliquias de la muerte," España : Ed. Salamandra, 2008 ; 638 p. ; 19 cm.",ISBN : 978-84-9838-144-3
281,Harry Potter y las reliquias de la muerte," España : Ed. Salamandra, 2008 ; 638 p. ; 19 cm.",ISBN : 978-84-9838-144-3,nan
282," Brown, Dan",Angeles y Demonios," España : Ed. URANO, 2009 ; 725 p. ; 18 cm.",ISBN : 978-84-92516-51-3
283,Angeles y Demonios," España : Ed. URANO, 2009 ; 725 p. ; 18 cm.",ISBN : 978-84-92516-51-3,nan
284," Stamateas, Alejandra",Mi cuerpo Mi cárcel," Argentina : Ed. V & R, 2009 ; 106 p. ; 21 cm.",ISBN : 978-987-612-222-1
285,Mi cuerpo Mi cárcel," Argentina : Ed. V & R, 2009 ; 106 p. ; 21 cm.",ISBN : 978-987-612-222-1,nan
286," Stamateas, Bernardo",Gente Toxica," Argentina : Ed. ZETA, 2010 ; 216 p. ; 19 cm.",ISBN : 978-987-627-179-0
287,Gente Toxica," Argentina : Ed. ZETA, 2010 ; 216 p. ; 19 cm.",ISBN : 978-987-627-179-0,nan
288," Salinas, Silvia - Bucay, Jorge",Amarse con los ojos abiertos," Argentina : Ed. Del Nuevo Extremo, 2010 ; 253 p. ; 22 cm.",ISBN : 978-987-609-204-3
289,Amarse con los ojos abiertos," Argentina : Ed. Del Nuevo Extremo, 2010 ; 253 p. ; 22 cm.",ISBN : 978-987-609-204-3,nan
290," Allende, Isabel",Retrato en sepia," Argentina : Ed. Sudamericana, 2010 ;363 p. ; 18 cm.",ISBN : 987-1138-89-X
291,Retrato en sepia," Argentina : Ed. Sudamericana, 2010 ;363 p. ; 18 cm.",ISBN : 987-1138-89-X,nan
292, QUINO,Mafalda, Argentina : Ed. De La Flor ; il. ; 13 cm.,nan
293,Mafalda, Argentina : Ed. De La Flor ; il. ; 13 cm.,nan,nan
294,nan," García Márquez, Gabriel",Yo no vengo a decir un discurso," Argentina : Ed. Sudamericana, 2010 ; 151p. ; 23 cm."
295," García Márquez, Gabriel",Yo no vengo a decir un discurso," Argentina : Ed. Sudamericana, 2010 ; 151p. ; 23 cm.",ISBN : 978-950-07-3313-7
296," Galeano, Eduardo",Las venas abiertas de América Latina," Argentina : Ed. Siglo veintiuno, 2010 ; 379 p. ; 20 cm.",ISBN : 978-987-629-113-2
297,Las venas abiertas de América Latina," Argentina : Ed. Siglo veintiuno, 2010 ; 379 p. ; 20 cm.",ISBN : 978-987-629-113-2,nan
298," Rowling, J.K.",Harry Potter y la piedra filosofal," España : ed. Salamandra, 2010 ; 255 p. ; 19 cm.",ISBN : 978- 84-9838-012-5
299,Harry Potter y la piedra filosofal," España : ed. Salamandra, 2010 ; 255 p. ; 19 cm.",ISBN : 978- 84-9838-012-5,nan
300,"Rowling, J.K.",Harry Potter y la cámara secreta," España : Ed. Salamandra, 2010 ; 287 p. ; 19 cm.",ISBN : 978-84-9838-013-2
301,Harry Potter y la cámara secreta," España : Ed. Salamandra, 2010 ; 287 p. ; 19 cm.",ISBN : 978-84-9838-013-2,nan
302, Nik,Gaturro y los piratas del tesoro perdido," Argentina : Ed. Sudamericana, 2010 ; il. ; 116 p. ; 18 cm.",ISBN : 978-950-07-3179-8
303, Nik,Gaturro y la noche de los vampiros," Argentina : Ed. Sudamericana, 2010 ; il. 129 p. ; 18 cm.",ISBN : 978-950-07-3257-4
304," Allende, Isabel",Mi país inventado," Argentina : Ed. Sudamericana, 2009 ; 219 p. ; 18 cm.",ISBN : 987-1138-68-7
305,Mi país inventado," Argentina : Ed. Sudamericana, 2009 ; 219 p. ; 18 cm.",ISBN : 987-1138-68-7,nan
306," Armstrong, Lance",Mi vuelta a la vida," Argentina : Ed. Del Nuevo Extremo, 2010 ; 332 p. ; 19 cm.",ISBN : 978-987-609-247-0
307,Mi vuelta a la vida," Argentina : Ed. Del Nuevo Extremo, 2010 ; 332 p. ; 19 cm.",ISBN : 978-987-609-247-0,nan
308," Saint -Exupery, Antoine",El Principito," Argentina : Emecé, 2010 : il. ; 109 o. ; 16 cm.",ISBN : 978-950-04-2640-4
309,El Principito," Argentina : Emecé, 2010 : il. ; 109 o. ; 16 cm.",ISBN : 978-950-04-2640-4,nan
310, Nik,Gaturro y la noche de los vampiros," Argentina : Ed. Sudemaricana, 2010 ; il. ; 129 p. ; 18 cm.",ISBN : 978-950-07-3257-4
311, Nik,Gaturro y los piratas del tesoro perdido," Argentina : Ed. Sudamericana, 2010 ; il. ; 116 p. ; 18 cm.",ISBN : 978-950-07-3176-8 
312," Lambert, Alibel","Argentina : Ed. Maya, 2010 ; 60 p. 19 cm.",ISBN : 978-987-25986-1-7,nan
313,"Argentina : Ed. Maya, 2010 ; 60 p. 19 cm.",ISBN : 978-987-25986-1-7,nan,nan
314,ISBN : 978-987-25986-1-7,nan,nan,"Schreiber, Jürgen"
315,"Schreiber, Jürgen",La mujer que vengó al Che Guevara," Argentina : Ed. Capital Intelectual, 2010 ; 287 p. 21 cm.",ISBN: 978-987-614-226-7
316," Hosseini, Khaled",Cometas en el cielo," España : Ed. Salamandra, 2003 ; 382 p. ; 19 cm.",ISBN : 978-84-9838-317-1
317," Rolón, Gabriel",Los padecientes," Argentina : Ed. Emecé, 2010 ; 339 p. ; 22 cm.",ISBN : 978-950-04-3287-0
318," Aguinis, Marcos",La matriz del infierno," Argentina : Ed. Sudamericana, 2009 ; 500 p. ; 18 cm.",ISBN : 978-950-07-3117-1
319,La matriz del infierno," Argentina : Ed. Sudamericana, 2009 ; 500 p. ; 18 cm.",ISBN : 978-950-07-3117-1,nan
320," Allende, Isabel",El plan infinito," Argentina : Ed. Sudamericana, 2004 ; 410 p. ; 19 cm.",ISBN : 950-07-1839-1
321,El plan infinito," Argentina : Ed. Sudamericana, 2004 ; 410 p. ; 19 cm.",ISBN : 950-07-1839-1,nan
322," Allende, Isabel",Cuentos de Eva Luna," Argentina : Ed. Sudamericana, 2008 ; 277 p. ; 18 cm.",ISBN : 987-1138-84-9
323,Cuentos de Eva Luna," Argentina : Ed. Sudamericana, 2008 ; 277 p. ; 18 cm.",ISBN : 987-1138-84-9,nan
324," Allende, isabel",Eva Luna," Argentina : Ed. Sudamericana, 2008 ; 285 p. 18 cm.",ISBN : 987-1138-87-3
325,Eva Luna," Argentina : Ed. Sudamericana, 2008 ; 285 p. 18 cm.",ISBN : 987-1138-87-3,nan
326," Allende, Isabel",La casa de los espíritus," Argentina : Ed. Sudamericana, 2010 ; 453 p. 18 cm.",ISBN : 987-1138-90-3
327,La casa de los espíritus," Argentina : Ed. Sudamericana, 2010 ; 453 p. 18 cm.",ISBN : 987-1138-90-3,nan
328," Meyer, Stephenie",Amanecer," Argentina : Ed. Alfaguara, 2010 ; 828 p. ; 19 cm.",ISBN : 978-987-04-1090-4
329," Meyer, Stephenie",Luna nueva," Argentina : Ed. Alfaguara, 2009 ; 574 ; 19 cm.",ISBN : 978-987-04-0678-5
330, Argentina Códigos,Código Penal," Argentina : Ed. ZAVALIA, 2010 ; 365 p. ; 15 cm.",ISBN : 978-950-572-819-0
331, Argentina Códigos,Código Civil y Comercial de la Nación," Argentina : Ed. ZAVALIA,2010 ; 544 p.- ; 15 cm.",isbn : 978-950-572-822-0
332," Montes, Graciela Silvia",La batalla de los monstruos y las hadas," Argentina : Ed. Alfaguara, 2010 ; il. ; 93 p. 19 cm.",ISBN : 978-987-04-0068-4
333,La batalla de los monstruos y las hadas," Argentina : Ed. Alfaguara, 2010 ; il. ; 93 p. 19 cm.",ISBN : 978-987-04-0068-4,nan
334," Capusotto, Diego - Saborido, Pedro",Peter Capusotto," Argentina : Ed. Sudamericana, 2010 ; il. ; 237 p. ; 22 cm.",ISBN : 978-950-07-3156-0
335,Peter Capusotto," Argentina : Ed. Sudamericana, 2010 ; il. ; 237 p. ; 22 cm.",ISBN : 978-950-07-3156-0,nan
336," Paz, Carlos",Efemérides Literarias Argentinas," Argentina : Ed. Caligraf, 1999 ; 592 p. ; 22 cm.",ISBN : 987-97280-1-7
337," Forn, Juan y Otros",La guerra de Malvinas (Argentina 1982)," Argentina : Ed. Biblos, 2007 ; 141 p. 19 cm.",ISBN : 978-950-786-604-3
338," Feinmann, José Pablo",Timote Secuestro y muerte del General Aramburu," Argentina : Ed. Planeta, 2009 ; 255 p. ; 23 cm.",ISBN :  978-950-49-2009-0
339,Timote Secuestro y muerte del General Aramburu," Argentina : Ed. Planeta, 2009 ; 255 p. ; 23 cm.",ISBN :  978-950-49-2009-0,nan
340," Pigna, Felipe", Los Mitos de la Historia Argentina," Argentina : Ed. Booket, 201 ; 373p. ; 18 cm.",ISBN : 978-987-580-409-8
341," Forn, Juan y Otros",La guerra de Malvinas (Argentina 1982),"Argentina : Ed. Biblos, 2007 ; 141p. ; 19 cm.",ISBN : 978-950-786-604-3
342," Lanata, jorge",Polaroides," Argentina : Ed. Punto de Lectura, 2007 ; 123 p. 18 cm.",ISBN : 978-987-578-058-3
343,Polaroides," Argentina : Ed. Punto de Lectura, 2007 ; 123 p. 18 cm.",ISBN : 978-987-578-058-3,nan
344," Soriano, Osvaldo","Reveldes, soñadores y fugitivos"," Argentina : Ed. Booket, 2008 ; 189 p. ; 18 cm.",ISBN : 978-987-580-262-9
345,"Reveldes, soñadores y fugitivos"," Argentina : Ed. Booket, 2008 ; 189 p. ; 18 cm.",ISBN : 978-987-580-262-9,nan
346," Soriano, Osvaldo",No habrá más penas ni olvido," Argentina : Ed. Booket, 2010 ; 146 p. ; 18 cm.",ISBN : 978-987-580-214-8
347,No habrá más penas ni olvido," Argentina : Ed. Booket, 2010 ; 146 p. ; 18 cm.",ISBN : 978-987-580-214-8,nan
348," Bucay, Jorge",El elefante encadenado," España : Ed. Del Nuevo Extremo, 2008 ; il. ; 30 cm.",ISBN : 978-987-609-113-8
349," Luna, Félix",Historia integral de la Argentina Tomo 2," Argentina : Ed. Booket, 2009 ; il. ; 287 p. 18 cm.",ISBN : 978-987-580-313-8
350," Luna, Félix",Histria integral de la Argentina," Argentina : Ed. Booket, 2009 ; il. ; 406 p. ; 18 cm.",ISBN : 978-987-580-307-7
351," de Vasconcelos, José Mauro",Mi planta naranja-lima," Argentina : Ed. El Ateneo, 2010 ; il. ; 178 p. ; 19 cm.",ISBN : 978-950-02-0444-6
352,Mi planta naranja-lima," Argentina : Ed. El Ateneo, 2010 ; il. ; 178 p. ; 19 cm.",ISBN : 978-950-02-0444-6,nan
353," Carrizo De La Canal, Gustavo ",DINOSAURIOS gigantes de la Prehistoria," Argentina : Ed. Guadal, 2009 ; il. 19 cm. (5ROMPECABAZAS)",ISBN : 978-987-579-733-8
354," de Vasconcelos, José Mauro",Mi planta naranja-lima," Argentina : Ed. El Ateneo, 2010 ; il. ; 178 p.  ; 19 cm.",ISBN : 978-950-02-0444-6
355,Mi planta naranja-lima," Argentina : Ed. El Ateneo, 2010 ; il. ; 178 p.  ; 19 cm.",ISBN : 978-950-02-0444-6,nan
356," de Vasconcelos, José Mauro",Vamos a calentar el sol," Argentina : Ed. El Ateneo, 2010 ; 205 p. ; 19 cm.",ISBN : 978-950-02-8539-1
357," Luna, Félix", Historia integral de la Argentina secreta Tomo 3," Argentina : Ed. Booket, 2009 ; il. ; 283 p. ; 18 cm.;",ISBN : 978-987-580-322-0
358," Freire, Paulo",La importancia de leer y el proceso de liberación," Argentina : Ed. Siglo Veintiuno, 2008 ; 176 p. ; 17 cm.",ISBN : 978-968-23-1593-0
359," Kipling, Rudyard",Historias presisamente así," Argentina : Ed. Comunicate, 2010 ; il. ; 205 p. ; 17 cm.",ISBN : 978-987-602-115-9
360," Castelain-Meunier, Chiristine","Padres, Mdres, Hijos"," Argentina : Ed. Siglo Veintiuno, 1998il. ; 83 p. 17 cm.",ISBN : 968-23-2428-9
361," Civale, Cristina",Niños lejos de Disneylandia," Argentina : Ed. Planeta, 2006 ; 251 p. ; 22 cm.",ISBN : 950-49-1559-0
362," Carbajal, Mariana",El aborto en debate,"  Argentina : Ed. Paidón, 2009 ; 267 p. ; 20 cm.",ISBN : 978-950-12-4555-4
363," Rey, María Esther",Didáctica de la matemática   Primer Ciclo," Argentina : Ed. Magisterio del Río de La Plata, 2006 ;",                     il. ; 189 p. ; 24 cm.
364," Archanco, Pamela",Atrapafaltas  Ortografía 4," Argentina : Ed. Tinta Fresca, 2008 ; il. ; 96 p. ; 23 cm.",ISBN : 978-987-576-268-8
365," Archanco, Pamela",Atrapafaltas   Ortografía 5," Argentina : Ed. Tinta Fresca, 2010 ; il. ; 96 p. ; 23 cm.",ISBN : 978-987-576-269-5
366," Freire, Paulo",La educación como practica de la libertad," Argentina : Ed. Siglo Veintiuno, 2009 ; il. ; 150p. 20 cm.",ISBN : 978-987-629-021-0
367," Romero, Luis Alberto",La crisis argentina Una mirada al siglo XX," Argentina : Ed. Siglo Veintiuno, 2003 ; 126 p. ; 17 cm.",ISBN : 987-1105-50-9
368," Bayer, Osvaldo",La Patagonia rebelde," Argentina : Ed. Booket, 2007 ; il. ; 358 p. ; 17 cm.",ISBN : 978-987-1144-72-3
369," de Vasconcelos, José Mauro",Vamos a calentar el sol," Argentina : Ed. El Ateneo, 2010 ; il. ; 178 p. ; 19 cm.",ISBN : 978-950-02-8539-1
370," Delgado, Josefina",Alfonsina Storni  Una Biografía esencial," Argentina : Ed. Sudamericana, 2010 ; 254 p. ; 18 cm.",ISBN : 978-987-566-9
371," Macri, Mariela y Otros",El trabajo infantil no es juego," Argentina : Ed. La Crujía, 2005 ; 317 p. ; 19 cm.",ISBN : 987-1004-91-5
372," de Vasconcelos, José Mauro",Vamos a calentar el sol," Argentina : Ed. El Ateneo, 2010 ; il. ; 178p. ; 19 cm.",ISBN : 978-950-02-8539-1
373,Vamos a calentar el sol," Argentina : Ed. El Ateneo, 2010 ; il. ; 178p. ; 19 cm.",ISBN : 978-950-02-8539-1,nan
374," Argentina : Ed. El Ateneo, 2010 ; il. ; 178p. ; 19 cm.",ISBN : 978-950-02-8539-1,nan,nan
375," Preisz, Carlos Oscar",Pelajes del caballo," Argentina : Ed. Albatros, 2010 ; il. ; 128 p. ; 21 cm.",ISBN : 978-950-24-1280-1
376," Vaca, Pablo",Aperos criollos," Argentina : Ediciones B, 2006 ; il. ; 96 p. ; 20 cm.",ISBN : 987-1222-36-X
377," Delgado, María Angélica y Otros",Lengua 4 ideas en la cabeza," Argentina : Ed. Santillana, 2004 ; il, : 167 p. 27 cm.",ISBN : 950-46-1456-6
378," Delgado, María Angélica y Otros",Lengua 5 ideas en la cabeza," Argentina : Ed. Santillana, 2004 ; il. ; 181 p. 27 cm",ISBN : 950-46-1435-3
379," Andrés, Marina E. y Otros",Matemática 5 ideas en la cabeza," Argentina : Ed. Santillana, 2004 ; il. ; 208 p. ; 27 cm.",ISBN : 950-46-1441-8
380," Fariña, Mabel B. y Otros",Ciencias Sociales ideas en la cabeza," Argentina : Ed. Santillana, 2004 ; il. ; 240 p. ; 27 cm.",ISBN : 950-46-1439-6
381, Ediciones Banco Velox ,Pintura Argentina Candido López  CUADERNO 2," Argentina : Ed. Grupo Velox, 2001 ; il. ; 21 p. ; 30 cm.",ISBN : 987-1010-02-8
382, Ediciones Banco Velox,Pintura Argentina Quinquela y Victoria  CUADERNO 3," Argentina : Ed. Grupo Velox, 2001 : il. ; 21 p.  ; 30 cm.",ISBN : 987-1010-01-X
383, Ediciones Banco Velox,Pintura Argentina Expresiones Metafísicas CUADERNO 5," Argentiona : Ed. Grupo Velox, 2001 ; il. ; 21 p. ; 30 cm.",ISBN : 987-1010-03-6
384, Ediciones Banco Velox,Pintura Argentina Spilimbergo y Guttero CUADERNO 6," Argentina :  Ed Grupo Velox, 2001 ; il. ; 21 p. ;  30 cm.",ISBN : 987-1010-13-3
385, Ediciones Banco Velox,Pintura Argentina Precursores II CUADERNO 7," Argentina : Ed. Grupo Velox, 2001 ; il. ; 21 p. ; 30 cm.",ISBN : 987-1010-06-0
386, Ediciones Banco Velox,Pintura Argentina Nueva GeneraCIóN CUADERNO 8," Argentina : Ed. Grupo velox, 2001 ; il. ; 21 p. ; 30 cm.",ISBN : 987-1010-18-4
387, Ediciones Banco Velox,Pintura Argentina Pintores de la Boca II CUADERNO 12,"Argentina : Ed. Grupo Velox, 2001 ; il, ; 21 p. :; 30 cm.",ISBN : 987-1010-15-X
388, Equipo TIKAL,Los Aztecas," España : Ed. Susaeta,  ; il. ; 256 p. ; 22 cm.",nan
389, Equipo Tikal,Los Incas," España : Ed. Susaeta, ; 256 p. 22 cm.",nan
390,"  Quiroga, Horacio",Cuentos de la Selva," Argentina : Ed. Beeme, 2008 : 125 p. : 19 cm.",ISBN : 978-987-24256-8-5
391,Cuentos de la Selva," Argentina : Ed. Beeme, 2008 : 125 p. : 19 cm.",ISBN : 978-987-24256-8-5,nan
392," Argentina : Ed. Beeme, 2008 : 125 p. : 19 cm.",ISBN : 978-987-24256-8-5,nan,nan
393,ISBN : 978-987-24256-8-5,nan,nan,nan
394,nan,nan,nan,nan
395,nan,nan,nan,nan
396,nan,nan,nan,nan
397,nan,nan,nan,nan
398,nan,nan,nan,nan
399,nan,nan,nan," Lejarraga, Horacio"
400," Lejarraga, Horacio",Desarrollo del niño en contesto," Argentina : Ed. Paidós, 2008 ; il. ; 684 p. ; 22 cm.",ISBN : 978-950-12-4524-0
401," Wilde, Oscar",El fantasma de Canterville," Argentina : Ed. Beeme, 2008 ; 60 p. ; 19 cm.",ISBN : 978-987-24256-9-2
402,El fantasma de Canterville," Argentina : Ed. Beeme, 2008 ; 60 p. ; 19 cm.",ISBN : 978-987-24256-9-2,nan
403," Argentina : Ed. Beeme, 2008 ; 60 p. ; 19 cm.",ISBN : 978-987-24256-9-2,nan,nan
404,ISBN : 978-987-24256-9-2,nan,nan," Di Meglio, Gabriel"
405," Di Meglio, Gabriel",¡Viva el bajo pueblo!," Argentina : Ed. Prometeo, 2007 ; 364 p. ; 21 cm.",ISBN : 987-574-103-5
406," Wilde, Oscar",El fantasma de Caterville," Argentina : Ed. Beeme, 2008 ; 60 p. ; 19 cm. ",ISBN : 978--987-24256-9-2
407,El fantasma de Caterville," Argentina : Ed. Beeme, 2008 ; 60 p. ; 19 cm. ",ISBN : 978--987-24256-9-2,nan
408," Argentina : Ed. Beeme, 2008 ; 60 p. ; 19 cm. ",ISBN : 978--987-24256-9-2,nan,nan
409,ISBN : 978--987-24256-9-2,nan,nan,nan
410,nan,nan,nan,nan
411,nan,nan,nan," Halperín Donghi, Tulio"
412," Halperín Donghi, Tulio",La República imposible (1930 - 1945)," Argentina : Ed. Emecé, 2007 ; 338 p. ; 22 cm.",ISBN : 978-950-04-2940-5
413," Chiaramonte, José Carlos","Ciudades, Provincias, Estados: Orígenes de la Nación Argentina.","Argentina : Ed. Emecé, 2007 ; 261 p. ;  22 cm.",ISBN : 978-950-04-2861-3
414," de Vasconcelos, José Mauro",Vamos a calentar el sol," Argentina : Ed. El Ateneo, 2010 ; 205 p. ; 19 cm. ",ISBN : 978-950-02-8539-4
415," de Vasconcelos, José Mauro",Mi planta naranja-lima," Argentina : Ed. El Ateneo, 2010 ; 178 p. ; 19 cm.",ISBN : 978-950-02-0444-6
416," Frank, Anne",El diario de Ana Frank," Argentina : Ed. Beema, 2009 ; il. ; 318 p. ; 19 cm.",ISBN : 978-987-1594-31-3
417," Buchbinder, Pablo",Historia de las Universidades Argentinas," Argentina : Ed. Sudamericana, 2010 ; 255 p. ; 22 cm.",ISBN : 978-950-07-3236-9
418," Martin, Gerald","Gabriel García Márquez, Una vida"," Argentina : Ed. Debate, 2009 ; il. ; 762 p. ; 22 cm",ISBN : 978-987-1117-75-8
419," Aguinis, Marcos",Profanación del amor," Argentina : Ed. Sudamericana, 2009 ; 383 p. ; 18 cm.",ISBN : 987-950-07-3121-8
420," Theorin, Johan",La tormenta de nieve," Argentina : Ed. Mondadori, 2011 ; 390 p. ; 22 cm.",ISBN : 978-987-658-070-0
421," Clark, Mary Higgins",Mentiras de sangre," Argentina : Ed. Plaza & Janes, 2011 ; 364 p. ; 22 cm.",ISBN : 978-950-644-209-5
422," Lamborghini, Osvaldo",Novelas y cuentos II," Argentina : Ed. Mondadori, 2011 ; 308 p. ; 22 cm.",ISBN : 978-987-658-077-9
423," Rivero, Viviana",Y ellos se fueron," Argentina : Ed. Emecé, 2011 ; 373 p. ; 22 cm.",ISBN : 978-950-04-3329-7
424," Allende, Isabel",Paula," Argentina : Ed. Sudamericana, 2011 ; 365 p. ; 19 cm.",ISBN : 987-1138-85-7
425," Sehinkman, Diego",Qué tienen los plíticos en la cabeza?," Argentina : Ed. Javier Vergara, 2011 ; 157 p. ; 21 cm.",ISBN : 978-950-15-2505-2
425 -1," Kohan, Néstor - Brito, Pier",Marxismo Para principiantes," Argentina : Ed. Era Naciente, 2010 ; il. ; 192 p. ; 19 cm.",ISBN : 978-987-555-033-9
426," Caygill, Howard - Coles, Alex  y  Klimowski, Andrzej",Walter Benjamin Para principiantes," Argentina : Ed. Era Naciente, 2007 : il. : 178 p. ; 19 cm.",ISBN : 978-987-9065-86-0
427," Leader, Darian - Groves, Judy",Lacan Para principiantes," Argentina : Ed. Era Naciente, 2010 : il. ; 171 p. 19 cm.",ISBN : 978-987-9065-22-8
428,"Cherniavsky, Axel - Alcantea, Enrique",Spinoza Para principiantes," Argentina : Ed. Era Naciente, 2010 ; il. ; 175 p ; 19 cm.",ISBN : 978-987-555-046-9
429," Sinay, Sergio - Scenna, Miguel Angel",Che Guevara Para principiantes," Argentina : Ed. Era Naciente, 2005 ; il. ; 175 p. ; 19 cm.",ISBN : 987-9065-27-1
430," Spencer, Llooyd - Krauze, Andrzej",Hegel Para principiantes," Argentina : Ed. Era Naciente, 2010 ; il. ; 175 p. ; 19 cm.",ISBN : 978-987-555-002-5
431," McEvoy, J. P. - Zárate, Oscar",Teoría Cuántica Para principiantes," Argentina : Ed. Era Naciente, 2007 ; il. ; 176p. ; 19 cm.",ISBN : 978-987-9065-56-3
432," Garvie, Alejandro - Sanyé",Economía Desde la antigua Grecia hasta la Crisis de la globalización,Para principiantes," Argentina : Ed. Era Naciente, 2010 ; il. ; 207 p. ; 19 cm."
433," Ali, Teriq - Evans, Phil",Trotsky Para principiantes," Argentina : Ed. Era Naciente, 2007 ; il. ; 176 p. ; 19 cm.",ISBN : 978-987-555-030-8
434," Stengel, Marilen - Rey, Diego",Literatura Universal  Tomo II Movimientos y autores del siglo XX,Para principiantes," Argentina : Ed. Era Naciente, 2010 ; il. ; 364 p. ; 19 cm."
435," Sautet, Marc - Boussignac, Patrick",Nietzsche Para principiantes," Argentina : Ed. Era Naciente, 2010 : il. 191 p. 19 cm.",ISBN : 978-987-9065-33-4
436," Larsson, Stieg",Los hombres que no amaban a las mujeres," España : Ed. Destino, 2008 ; 677 p. ; 19 cm.",ISBN : 978-84-233-4321-8
437," Larsson, Stieg",La chica que soñaba con una cerilla y un bidón de gasolina," España : Ed. Destino, 2008 ; 772 p. ; 19 cm.",ISBN : 978-84-233-4324-9
438," Eco, Humberto",El cementerio de Praga," Argentina : Ed. Sudamericana, 2010 ; il. ; 587 p. ; 20 cm.",ISBN : 978-84-264-1868-5
439," Bonelli, Florencia",Indias Blancas La vuelta del ranquel," Argentina : Ed. Sudamericana, 2011 ; 542 p. ; 18 cm.",ISBN : 978-987-566-423-4
440," Bonelli, Florencia",Indias Blancas," Argentina : Ed. Sudamericana, 2011 ; 543 p. ; 18 cm.",ISBN : 978-987-566-422-7
441," Mandela, Nelson",Conversaciones conmigo mismo," Argentina : Ed. Planeta, 2011 ; il. ; 514 p. 22 cm",ISBN : 978-950-49-2469-2
442," Randazzo, Florencio",Mejor que decir," Argentina : Ed. Planeta, 2011 ; il. ; 173 p. ; 22 cm.",ISBN : 978-950-49-2634-4
443," Bonasso, Miguel",Diario de un clandestino,"Argentina : Ed. Planeta, 2011 ; il. ; 331 p. 22 cm.",ISBN : 978-950-49-2435-7
444," Solá, María Delia",Aborígenes Argentinos," Argentina : Ed. Gradifco, 2009 : il. ; 272 p. ; 18 cm.",ISBN : 978-987-571-058-0
445," Marx, Karl",El capital Pensadores universales," Argentina : Ed. Gradifco, 2008 ; 223 p. ; 18 cm.",ISBN : 978-987-1093-53-3
446," Ingenieros, José",El hombre mediocre Pensadore universales," Argentina : Ed. Gradifco, 2007 ; 191 p. ; 18 cm.",ISBN : 978-987-1093-19-9
447," Hosseini, Khaled",Cometas en el cielo,"España : Ed. Salamandra, 2003 ; 382 p. ; 22 cm.",ISBN : 978-84-938-088-0
448," Smith, Wilbur",Tiempo de morir," Argentina .: Ed. Booket, 2006 ; 581 p. ; 18 cm.",ISBN : 987-580-081-3
449," Smith, Wilbur",El poder de la espada," Argentina : Ed. Booket, 2010 ; 603 p. ; 18 cm.",ISBN : 978-987-580-080-9
450," Hay, Louise L.",Pensamientos del corazón," Argentina : Ed. Urano, 2010 ; 245 p. ; 19 cm.",ISBN : 978-84-7953-773-9
451," Dolina, Alejandro",El libro del fantasma," Argentina : Ed. Booket, 2011 ; 235 p. ; 18 cm.",ISBN : 978-987-580-170-7
452," Coelho, Paulo",Veronika decide morir," Argentina : Ed. Planeta, 2010 ; 226 p. ; 22 cm.",ISBN :  978-950-49-2387-9
453," Cabrera, Ana María",Felicitas Guerrero," Argentina : Ed. Emecé, 2010 ; 236 p. ; 22 cm. ",ISBN : 978-950-04-3046-3
454," Dolina, Alejandro",Crónica del Angel Gris," Argentina : Ed. Colihue, 2008 ; il. ; 330 p. ; 23 cm.",ISBN : 978-950-581-693-4
455," Hay, Louise L.",Amar sin condiciones," España : Ed. Books4pocket, 2009 ; 219 p. ; 18 cm.",ISBN : 978-84-92801-00-8
456," Katzenbech, John",El psicoanalista," España : Ed. B, 2009 ; 523 p. ; 19 cm.",ISBN : 978-84-98721-80-5
457," Grishan, John",El socio," Argentina : Ed. Sudamericana, 2010 ; 475 p. ; 18 cm.",ISBN : 978-987-566-496-8
458," Grisham, John",El rey de los pleytos," Argentina : Ed. Sudamericana, 2010 ; 455 p. ; 18 cm.",ISBN : 978-987-566-605-4
459," Grisham, John",La apelación," Argentina : Ed. Sudamericana, 2011 ; 471 p. ; 18 cm.",ISBN : 978-987-566-695-5
460," L. G. Wadw, J. R.",Química orgánica  5º Edición," España : Ed. Pearson, 2004 ; il. ; 1220 p. 26 cm.",ISBN : 978-84-205-4102-0
461," Chang, Raymond",Química  10º Edición - CHANG,"Argentina : Ed. McGrawHill, 2010 ; il. ; 1085 p. ; 27 cm.",ISBN : 978-607-15-0307-7
462, Colección Diamante,La Sirenita," Argentina : Ed. Libertador, 2010 ; il, ; 18 cm.",ISBN ; 978-84-662-1809-2
470,La Sirenita," Argentina : Ed. Libertador, 2010 ; il, ; 18 cm.",ISBN ; 978-84-662-1809-2,nan
471, Colección Diamante,Los Músicos de Bremen," Argentina : Ed.Libertador, 2010 ; il. ; 18 cm.",ISBN : 978-84-662-1804-7
475,Los Músicos de Bremen," Argentina : Ed.Libertador, 2010 ; il. ; 18 cm.",ISBN : 978-84-662-1804-7,nan
476, Colección Platino,Blancanieves y los siete enenitos," Argentina : Ed. Libertador, 2010 ; il. ; 18 cm.",ISBN : 978-84-7630-967-4
484,Blancanieves y los siete enenitos," Argentina : Ed. Libertador, 2010 ; il. ; 18 cm.",ISBN : 978-84-7630-967-4,nan
485, Colección Platino,Los tres Cerditos," Argentina : Ed. Libertador, 2010 ; il. ; 18 cm.",ISBN : 978-84-7630-968-1
490,Los tres Cerditos," Argentina : Ed. Libertador, 2010 ; il. ; 18 cm.",ISBN : 978-84-7630-968-1,nan
491," Savater, Fernando",Las preguntas de la vida," España : Ed. Ariel S.A., 1999 ; 286 p. ; 23 cm.",ISBN : 950-9122-62-9
492," Savater, Fernando",Política para Amador," España : Ed- Ariel S.A., 1996 ; 233 p. ; 20 cm.",ISBN : 950-9122-03-3
493," Coelho, Paulo",El Alquinista," Argentina : Ed. Planeta, 2000 ; 22 cm.",ISBN : 950-742-895-X
494," Vargas Llosa, Mario",Manual del perfecto idiota," Argentina : Ed. Atlántida, 1996 ; 318 p. ; 21 cm.",ISBN : 950-08-1638-5
495," Kovadloff, Santiago",Una Biografía de la lluvia," Argentina : Ed. Booket, 2006 ; 204 p. ; 17 cm.",ISBN : 987-580-089-9
496, SERVILIBRO,La sirenita," España : Ed. SERVILIBRO,  ; il. ; 28 cm.",ISBN : 84-7971-601-0
497, SERVILIBRO,Pinocho," España: Ed. SERVILIBRO, ; il. ; 28 cm.",ISBN : 84-7971-595-2
498, SERVILIBRO,Peter Pan," España: Ed. SERVILIBRO, ; il. ; 28 cm.",ISBN : 84-7971-600-2
499, Universidad Nacional de Entre Ríos,Patria de Luz Cuentos y Poemas TomoII," Argentina : Ed. EDUNER, 1998 ; 176 p. ; 19 cm.",ISBN : 950698-060-8
500," Britos, Orlando","Los Pueblos de Entre Ríos su actualidad, su historia"," Argentina : Delta Impresora,2010 ; il. ; 316 p. ; 29 cm.",ISBN : 978-987-05-9788-9
501,"Los Pueblos de Entre Ríos su actualidad, su historia"," Argentina : Delta Impresora,2010 ; il. ; 316 p. ; 29 cm.",ISBN : 978-987-05-9788-9,nan
502," Ferrari, Andrea",El complot de las flores," Argentina : Ed. SM, 2003 ; 137 p. ; 18 cm.",ISBN : 978-987-1098-23-1
503," Huidobro, Norma",Octubre un crimen," Argentina : Ediciones SM, 2004 ; 201 p. ; 18 cm.",ISBN : 978-987-573-002-1
504," Hodgson Burnett, Frances",El pequeño lord," Argentina : Ed. Atlántida,  1991 ; 204 p. ; 18 cm.",ISBN : 950-08-1956-2
505,El pequeño lord," Argentina : Ed. Atlántida,  1991 ; 204 p. ; 18 cm.",ISBN : 950-08-1956-2,nan
506," Paenza, Adrián",Matemática… ¿estás ahí?," Argentina : Ed. Siglo Veintiuno,  2005 ; il. ; 235 p. ; 20 cm.",ISBN : 978-987-1220-19-9
507," Golombek, Diego - Schwarzbaum, Pablo",El cocinero científico," Argentina : Ed. Siglo Veintiuno, 2007 ; il. ;  238 p. ; 20 cm.",ISBN : 978-987-1220-92-2
508," Alonso, Daniel",El desafío del cangrejo," Argentina : Ed. Siglo Veintiuno, 2010 ; il. ; 126 p. ; 20 cm.",ISBN : 978-987-629-100-2
509," Edelsztein, Valeria",Los remedios de la abuela," Argentina : Ed. Siglo Veintiuno, 2011 ; il. ; 130 p. ; 20 cm.",ISBN : 978-987-629-179-8
510," Golombek, Diego",Demoliendo papers," Argentina : Ed. Siglo Veintiuno, 2005 ; il. ; 147 p. ; 20 cm.",ISBN : 978-987-1220-08-3
511, Calvo Juan Carlos,¡Qué porquería las hormonas!," Argentina :Ed. Siglo Veintiuno, 2011 ; il. ; 122 p. ; 20 cm.",ISBN : 978-987-629-166-8
512," Paenza, Adrán",Matemática… ¿estás ahí?," Argentina : Ed. Siglo Veintiuno, 2007 ; il. ; 237 p. ; 20 cm.",ISBN : 978-987-629-017-3
513," Abramson, Guillermo",Viaje a las estrellas," Argentina : ed. Siglo Veintiuno, 2010 ; il. ; 127 p. ; 20 cm.",ISBN : 9978-987-629-133-0
514," Alzogaray, Raúl",El elixir de la muerte," Argentina : Ed. Siglo Veintiuno, 2007 ; il. ; 127 p. ; 20 cm.",ISBN : 978-987-1220-91-5
515," Calcagno, Javier - Lovrich, Gustavo",El mar," Argentina : Ed. Siglo Veintiuno,2007 ; il. ; 134 p. ; 20 cm.",ISBN : 978-987-1220-67-0
516," Gellon, Gabriel",Había una vez el átomo," Argentina : Ed. Siglo Veintiuno, 2007 ; il. 240 p. ; 20 cm.",ISBN : 978-987-1220-93-9
517," Rebeur, Ana Von",La ciencia del color," Argentina : Ed. Siglo Veintiuno, 2010 ; il. ; 126 p. ; 20 cm.",ISBN : 978-987-629-147-7
518," Rosenvasser Fehr, Elsa",Cielito lindo," Argentina : Ed. Siglo Veintiuno, 2004 ; il. ; 116 p. 20 cm.",ISBN : 978-987-1105-91-5
519," Lozano, Mario",Ahí viene la plaga," Argentina : Ed. Siglo Veintiuno, 2004 ; il. ; 126 p. ; 20 cm.",ISBN : 978-987-1105-69-4
520," Di Ganova, Facundo",El barman científico," Argentina : Ed. Siglo Veintiuno, 2011 ; il. ; 238 p. ; 20 cm.",ISBN : 978-987-629-170-5
521," Rossi, María Susana - Levin, Luciano",Qué es (y qué no es) la evolución," Argentina : Ed. Siglo Veintiuno, 2006 ; il. ; 136 p. ; 20 cm.",ISBN : 978-987-1220-52-6
522," Wall, Luis G.","Plantas, bacterias, hongos, mi mujer, el cocinero",y sus amantes," Argentina : ed. Siglo Veitiuno, 2005 ; il. ; 114 p. ; 20 cm."
523," Rojo, Alberto",La Física en la vida cotidiana," Argentina : ed. Siglo Veintiuno, 2007 ; il. 220 p. ; 20 cm.",ISBN : 978-987-1220-81-6
524," Amster, Pablo",La Matemática como un de las bellas artes," Argentina : Ed. Siglo Veintiuno, 2004 ; il. ; 127 p. ; 20 cm.",ISBN : 978-987-1105-92-2
525," Paenza, Adrián",Matemática… ¿estás ahí?," Argentina : Ed. Siglo Veintiuno, 2010 ; il. ; 222p. ; 20 cm.",ISBN : 978-987-629-122-4
526," Paenza, Adrián",Matmática… ¿estás ahí?," Argentina : Ed. Siglo Veintiuno, 2006 ; il. ; 237 p. ; 20 cm.",ISBN : 978-987-1220-64-9
527," Golombek, Diego","Sexo, drogas y biología"," Argentina : Ed. Siglo Veintiuno, 2006 ; il. ; 134 p. ; 20 cm.",ISBN : 978-987-1220-70-0
528," De Ambrosio, Martín",El deprotista científico," Argentina : Ed. Siglo Veintiuno, 2009 ; il. ; 123p. ; 20 cm.",ISBN : 978-987-629-082-1
529,"  Alzogaray, Raúl",Una tumba para los romanov," Argentina : Ed. Siglo Veitiuni, 2004 ; il. ; 125 p. ; 20 cm.",ISBN : 978-987-1105-68-7
530," Díaz, Alberto",Bio.. ¿qué?," Argentina : Ed. Siglo Veintiuno, 2005 ; il. ; 127 p. ; 20 cm.",ISBN : 978-987-1220-29-8
531,"  Plata Rosas, Javier Luis",Un científico en el museo de arte moderno," Argentina : Ed. Siglo Veintiuno, 2011 ; il. ; 168 p. ; 20 cm.",ISBN : 978-987-629-197-2
532," Arbiser, Ariel",El jugador científico," Argentina : Ed. Siglo Veitiuno, 2011 ; il. ; 143 p. ; 20 cm.",ISBN : 978-987-629-161-3
533," Amster, Pablo","¡Matemática, maestro!"," Argentina : Ed. Siglo Veitiuno, 2010 ; il. ; 126 p. ; 20 cm.",ISBN : 987-978-629-143-9
534," Nepote, Juan",Científicos en el ring," Argentina : Ed. Siglo Veintiuno, 2011 ; il. ; 120 p. ; 20 cm.",ISBN : 978-987-629-190-3
535, Anónimo,Las mil y una noches  I," Argentina : Ed. Longseller, 2010 ;  535 p. ; 21 cm.",ISBN : 978-987-550-607-7
536, Anónimo II,Las mil y una noches," Argentina : Ed. Longseller, 2010 ; 444 p. 21 cm.",ISBN :  978-987-550-605-3
537, Anónimo III,Las mil y una noches," Argentina : Ed. Longseller, 2010 ;   581 p. ; 21 cm.                                                                                                                                         ",ISBN : 978-987-550-607-7
538, Anónimo IV,Las mil y una noches," Argentina : Ed. Langseller, 2010 ; 684 p. ; 21 cm.",ISBN: 978-987-550-607-7
539, Borges Jorge Luis,Obras completas I 1923 - 1949," Argentina : Ed. Emecé, 2010 ; 758 p. ; 19 cm.",ISBN: 978-950-04-3302-0
540,Obras completas I 1923 - 1949," Argentina : Ed. Emecé, 2010 ; 758 p. ; 19 cm.",ISBN: 978-950-04-3302-0,nan
541," Beckett, Samuel",Esperando a Godot (Taetro)," Argentina : .ed. Tusquets, 2010 ; 155 p. ; 19 cm.",ISBN : 978-950-977979-2
542, Sófocles,Edipo rey Antígona," Argentina : Ed. Lognseller,2010 ; il. ; 159 p. ; 19 cm.",ISBN : 978-987-550-877-4
543," Mallea, Eduardo",La vida blanca," Argentina : Ed. Corregidor, 2010 ; 110 p. 19 cm.",ISBN : 978-950-05-1701-0
544," Balzac, Homoré de",La obra maestra desconocida," Argentina : Ed.Talleres Gráficos, 2010 ; 91 p. ; 19 cm.",ISBN : 978-987-26418-0-1
545, Lope de Vega,Fuente Ovejuna," Argentina : Ed. ANAYA, 2010 , il. ; 142 p. ; 19 cm.",ISBN : 978-84-207-4355-4
546," Bioy Casares, Adolfo",La invención de Morel,"Argentina : Ed. Colihue,2010 ; il. ; 139 p. ; 17 cm.",ISBN : 978-950-581-052-9
547," Dolina, Alejandro",Crónica del Angel gris," Argentina : Ed. Colihue, 2010 ; il. ; 273 p. ; 21 cm.",ISBN : 978-950-581-270-7
548," Melville, Herman",Moby Dick o La ballena blanca,"Argentina : Ed. Sudamericana, 2010 ; 702 p. ; 20 cm.",ISBN : 978-987-566-281-0
549," Saramagno, Jos♪0",Ensayo sobre la ceguera ," Argentina : Ed. Alfaguara, 2010 ; 373 p. ; 21 cm.",ISBN : 978-987-04-1681-4
550," Borges, Jorge Luis",Obras Completas II 1952 - 1972," Argentina : Ed. Emecé, 2010 ; 597 p. ; 19 cm.",ISBN : 978-950-04-3303-7
551," Borges, Jorge Luis",Obras Completas III 1975 - 1985," Argentina : Ed. Emecé, 2010 ; 594 p. ; 19 cm.",ISBN : 978-950-04-3304-4
552," Dostoievski, Fedor",Crimen y castigo," Argentina : Ed. Longseller, 2010 ; 592 p. ; 21 cm.",ISBN : 978-987-550-437-0
553," Dumas, Alexandre",El Conde de Montecristo  TOMO 1," Argentina : Ed. ANAYA, 2010 ;  512 p. ; 21 cm.",ISBN : 978-84-667-1743-4
554," Dumas, Alexandre ",El Conde de Montecristo TOMO 2," Argentina : Ed. ANAYA, 2010 ; il. ; 1064 p. ; 21 Cm",ISBN : 978-84-667-1743-4
555," Dicépolo, Armando",Babilonia," Argentina : Ed. Talleres Gráficos DEL, 2010 ; 95 p. 19 cm.",ISBN : 978-987-26418-2-5
556," Valenzuela, Luisa",Cuentos completos y unoi más," Argentina : Ed. ALFAGUARA, 2010 ; 526 p. ; 23 cm. ",ISBN : 978-987-04-1684-5
557," Spiegelman, Art", MAUS Historia de un sobreviviente," Argentina : Ed. EMECE, 2010 ; il. ; 135 p. ; 22 cm.",ISBN : 978-950-04-3318-1
558," Stugeon, Theodore",Más que humano," Argentina : Ed. Minotauro, 2010 ; 261 p. 21 cm.",ISBN : 978-950-547-147-8
559," Puig, Manuel",El beso de la mujer araña," Argentina : Ed. Emecé, 2010 ; 245 p. ; 21 cm.",ISBN : 978-950-04-3319-8
560," Discépolo, Armando ",El grotesco criollo," Argentina : Ed. Colihue, 2010 ; il. ; 209 p. ; 17 cm.",ISBN : 978-950-563-661-7
561," Sartre, Jean-Paul",La suerte esta echada El engranaje," Argentina : Ed. Losada, 2010 ; 319 p. ; 17 cm.",ISBN : 978-950-03-0311-8
562," Shelley, Mary W.",Frankenstein," Argentina : Ed. Logseller, 2010 ; 317 p. ; 17 cm",ISBN : 978-987-550-704-3
563," Racine, Jean",Fedra," Argentina : Ed. Estrada, 2010 ; il. ; 93 p. ; 18 cm",ISBN : 978-950-01-0974-1
564," H. G. Oesterheld, Héctor y López, Solano",EL ETERNAUTA," Argentina : Ed. Gráfica Pinter, 2010 ; il. ; 352 p. ; 17 cm. ",ISBN : 978-987-26408-0-4
565," Saavedra, Guillermo",Cuentos de Escritoras Argentinas," Argentina : Ed. Alfaguera, 2010 ; 236 p. ; 23 cm.",ISBN : 978-987-04-1683-8
566, QUINO,Toda Mafalda Tomo 1," Argentina : Ed. De La Flor, 2010 ; il. ; 327 p. ; 30 cm.",ISBN : 978-950-515-316-9
567, QUINO,Toda Mafalda Tomo 2," Argentina : Ed. De La Flor, 2010 ; il. ; 330 p. ; 30 cm.",ISBN : 978-950-515317-9
568," Buzatti, Dino",Los siete mansajeros y otros relatos," Argentina : Ed. Alianza, 2010 ; 219 p. ; 19 cm.",ISBN : 978-950-40-0199-7
569,Los siete mansajeros y otros relatos," Argentina : Ed. Alianza, 2010 ; 219 p. ; 19 cm.",ISBN : 978-950-40-0199-7,nan
570," Borges, Jorge - Bioy Casares, Adolfo - Ocampo, Silvina",Antología de la Literatura fantástica," Argentina : Ed. Sudamericana, 2010 ; 407 p. ; 20 cm.",ISBN : 950-07-0587-7
571,Antología de la Literatura fantástica," Argentina : Ed. Sudamericana, 2010 ; 407 p. ; 20 cm.",ISBN : 950-07-0587-7,nan
572," Carpentier, Alejo",Guerra del tiempo y otros relatos," Argentina : Ed. Alianza, 2010 ; 194 p. ; 19 cm.",ISBN : 978-950-40-0200-0
573,Guerra del tiempo y otros relatos," Argentina : Ed. Alianza, 2010 ; 194 p. ; 19 cm.",ISBN : 978-950-40-0200-0,nan
574," Walsh, Rodolfo","""Operación Masacre"""," Argentina : Ed. De La Flor, 2010 ; 236 p. ; 19 cm.",ISBN : 978-950-515-352-7
575,"""Operación Masacre"""," Argentina : Ed. De La Flor, 2010 ; 236 p. ; 19 cm.",ISBN : 978-950-515-352-7,nan
576," Spiegelman, Art",MAUS Historia de un sobreviviente," Argentina : Ed. Emecé, 2010 ; il. ; 135 p. ; 22 cm.",ISBN : 978-950-04-3318-1
577," Spiegelman, Art",MAUS Historia de un sobreviviente," Agentina : Ed. Emecé, 2010 ; il. ; 159 p. 22 cm.",ISBN : 978-950-04-3317-4
578," Orwell, George",1984   Parte primera," Argentina : Ed. Destino, 2010 ; 328 p. ; 21 cm. ",ISBN : 987-950-04-3320-4
579,1984   Parte primera," Argentina : Ed. Destino, 2010 ; 328 p. ; 21 cm. ",ISBN : 987-950-04-3320-4,nan
580," Cortázar, Julio",Cuentos completos/1 (1945 - 1966)," Argentina : Ed. Alfaguara, 2010 ; 614 p. ; 24 cm.",ISBN : 978-987-04-1685-2
581," Cortázar, Julio",Cuentos completos/2 (1969 - 1982),"Argentina : Ed. Alfaguara, 2010 ; 518 p. ; 24 cm.",ISBN : 978-987-04-1686-9
582," Gutiérrez, Eduardo",Juan Moreira (versión completa)," Argentina : Ed. Lognseller, 2010 ; 380 p. ; 17 cm.",ISBN : 978-987-550-702-9
583,Juan Moreira (versión completa)," Argentina : Ed. Lognseller, 2010 ; 380 p. ; 17 cm.",ISBN : 978-987-550-702-9,nan
584," Mansilla, Lucio V.",Una excursión a los Indios Ranqueles (I)," Argentina : Ed. Longseller, 2010 ; 317 p. ; 17 cm.",ISBN : 978-987-550-681-7
585," Mansilla, Lucio V.",Una excursión a los Indios Ranqueles (II),"Argentina : Ed. Longseller, 2010 ; 286 p. ; 17 cm.",ISBN : 978-987-550-682-4
586, Homero,Odisea," Argentina : Ed. Booket, 2010 ; 414 p. ; 18 cm.",ISBN : 978-980-852-252-8
587,Odisea," Argentina : Ed. Booket, 2010 ; 414 p. ; 18 cm.",ISBN : 978-980-852-252-8,nan
587,nan,nan,nan,nan
588," García Lorca, Federico",La casa de Bernarda Alba," Argentina : Ed. Longseller, 2010 ; 173 p. ; 17 cm.",ISBN : 978-987-550-566-7
589,La casa de Bernarda Alba," Argentina : Ed. Longseller, 2010 ; 173 p. ; 17 cm.",ISBN : 978-987-550-566-7,nan
590, Anónimo,Poema del Cid," Argentina : Ed. Losada, 2010 ; 275 p. ; 17 cm.",ISBN : 978-950-03-0598-3
591,Poema del Cid," Argentina : Ed. Losada, 2010 ; 275 p. ; 17 cm.",ISBN : 978-950-03-0598-3,nan
592," Mansilla, Lucio V..",Una excursión a los Indios Ranquueles (I)," Argentina : Ed. Longseller, 2010 ; 315 p. ; 17 cm.",ISBN : 978-987-550-681-7
593," Mansilla, Lucio V.",Una excursión a los Indios Ranqueles (II)," Argentina : Ed. Longseller, 2010 ; 286 p. ; 17 cm.",ISBN : 978-987-550-683-1
594," Frank, Ana",Diario," Agentina : Ed. Debolsillo, 2010 ; 294 p. ; 20 cm.", ISBN : 987-1138-67-9
595," Fontanarrosa, Roberto",Te digo más …," Argentina : Ed.De La Flor, 2010 ;  312 p. ; 19 cm.",ISBN : 978-950-515-186-8
596,Te digo más …," Argentina : Ed.De La Flor, 2010 ;  312 p. ; 19 cm.",ISBN : 978-950-515-186-8,nan
597," Ocampo, Silvina",Cuentos completos (Volumen I)," Argentina : Ed. Emecé, 2010 ; 347 p. ; 21 cm.",ISBN : 978-950-04-3310-5
598," Ocampo, Silvina",Cuentos completos (Volumen II)," Argentina : Ed. Emecé, 2010 ; 356 p. ; 21 cm.",ISBN : 978-950-04-3311-2
599," Ocampo, Silvina",Cuentos completos (Volumen III)," Argentina : Ed. Emec♪0, 2010 ; 278 p. 21 cm.",ISBN : 978-950-04-3312-9
600," Borges, Jorge Luis",Obras cpmpletas II  1952 - 1972," Argentina : Ed. Emecé, 2010 ; 592 p. ; 19 cm.",ISBN : 978-950-04-3303-7
601," Borges, Jorge Luis",Obras completas IV  1975 - 1988," Argentina : Ed. Emecé, 2010 ; 668 p. ; 19 cm.",ISBN : 978-950-04-3305-4
602,Obras completas IV  1975 - 1988," Argentina : Ed. Emecé, 2010 ; 668 p. ; 19 cm.",ISBN : 978-950-04-3305-4,nan
603," Tolstoi, León",La muerte de Iván Ilich," Argentina : Ed. Longseller, 2010 ; 186 p. ;17 cm.",ISBN : 978-987-550-673-5
604,La muerte de Iván Ilich," Argentina : Ed. Longseller, 2010 ; 186 p. ;17 cm.",ISBN : 978-987-550-673-5,nan
605," García Lorca, Federico",Bodas de sangre," Argentina : Ed. Logseller, 2010 ; 166 p. ; 17 cm.",ISBN : 978-987-550-598-8
606,Bodas de sangre," Argentina : Ed. Logseller, 2010 ; 166 p. ; 17 cm.",ISBN : 978-987-550-598-8,nan
607," Neruda, Pablo",Antología esencial," Argentina : Ed. Losada, 2010 ; 375 p. ; 17 cm.",ISBN : 978-950-03-0253-1
608,Antología esencial," Argentina : Ed. Losada, 2010 ; 375 p. ; 17 cm.",ISBN : 978-950-03-0253-1,nan
609," Guiraldes, Ricardo",Don Segundo Sombra," Argentina : Ed. Logseller, 2010 ; 300 p. 17 cm.",ISBN : 978-987-550-535-3
610,Don Segundo Sombra," Argentina : Ed. Logseller, 2010 ; 300 p. 17 cm.",ISBN : 978-987-550-535-3,nan
611," Brecht, Bertoll",Vida de Galileo," Argentina : Ed. Alianza, 2101 ; 116 p. ; 19 cm.",nan
612," Carrol, Lewis",Alicia en el país de las maravillas," Argentina : ed. Alianza, 2010 ; il. ; 181 p. ; 19 cm.",ISBN : 978-950-40-0260-4
613," Wells, Herbert G.",La máquina del tiempo," Argentina : Ed. Alianza, 2010 ; 132 p. ; 19 cm.",ISBN : 978-950-40-0260-2
614," Quiroga, Horacio",Cuentos escogidos," Argentina : Ed. AIQUE, 2010 ; 90p. ; 19 cm.",ISBN : 978-987-06-0228--6
615," Brecht, Bertolt",Madre coraje y sus hijos ,"Argentina : ed. Alianza, 2010 ; 89 p. ; 19 cm.",ISBN : 978-950-40-0198-0
616," Castillo, Abelardo",Las otras puertas," Argentina : Ed. Emecé, 2010 ;  174 p. ; 21 cm. ; ",ISBN : 978-950-04-3306-8
617," James, Henry",Otra vuelta de tuerca," Argentina : Ed. Longseller, 2010 ; 221 p. ; 17 cm.",ISBN : 978-987-550-754-8
618," Fernandez, Macedonio",Textos selectos," Argentina : Ed. Corregidor, 2010 ; 335 p. ; 19 cm.",ISBN : 978-950-05-1181-0
619," Onetti, Juan Carlos",Cuentos completos (1933 - 1993)," Argentina : Ed. Alfaguara, 2010 ; 393 p. ; 22 cm.",ISBN : 978-987-04-16-87-6
620," Vargas Losa, Mario",La ciudad y los perros," Argentina : Ed. Alfaguara, 2010 ; 483 P. ; 22 cm.",ISBN : 978-987-04-1688-3
621," Tizón, Héctor",Fuego en Casabindo,"Argentina : Ed. Alfaguara, 2010 ; 125 p. ; 21 cm.",ISBN : 978-987-04-1682-1
622," Bradbury, Ray",Crónicas marcianas," Argentina : Ed. Minotauro, 2010 ; 277 p. ; 21 cm.",ISBN : 978-950-547-146-1
623," Tolkien, John Ronald Reuen",El hobbit," Argentina : Ed. Minotauro, 2010 ; il. ; 351 p. ; 21 cm.",ISBN : 978-950-547-148-5
624," Dumas, Alexandre",El Conde de Montecristo TOMO 1," Argentina :  Ed, ANAYA, 2010 ; 507 p. ; 21 cm.",ISBN : 978-84-667-1743-4
625," Dumas, Alezandre",El Conde de Montecristo  TOMO 2," Argentina : Ed. ANAYA, 2010 ; il. ; 1064 p. 21 cm. ",ISBN : 978-84-667-1743-4
626," Sartre, Jean-Paul",La suerte está echada  El engranaje," Argentina : Ed. Losada, 2010 ; 319 p. ; 17 cm-",ISBN : 978-950-03-0311-8
627," Wilde, Oscar",El retrato de Dorian Gray," Argentina : Ed. Alianza, 2010 ; 297 p. ; 19 cm.",ISBN : 978-950-40-0265-9
628," Swift, Jonathan",Los viajes de Gulliver," Argentina : Ed. Alianza, 2010 ; 349 p. 19 cm.",ISBN : 978-950-40-0263-5
629," Arlt, Roberto",El juguete rabioso," Argentina : Ed. Losada, 2010 ; 189 p. 18 cm.",ISBN : 978-950-03-0605-8
630," Dickens, Charles",Canción de navidad," Argentina : Ed. Longseller, 2009 ; il. ; 221 p. ; 19 cm.",ISBN : 978-987-550-881-1
631," Defor, Daniel",Robinson crusoe," Argentina : Ed. ANAYA, 2010 ; il. ; 334 p. ; 20 cm.",ISBN : 976-84-207-1227-7
632," García Marquez, Gabriel",Cien años de soledad," Argentina : Ed. Debolsillo, 2010 ; 494 p. ; 20 cm.",ISBN : 987-1138-14-8
633, Homero,Ilíada," Argentina : Ed. Talleres Gráficos Del, 2010 ; 399 p. ; 19 cm.",ISBN : 978-987-26418-1-8
634," Mujica Lainez, Manuel",Misteriosa Buenos Aires," Argentina : Ed. Debolsillo, 2010 ; 286 p. ; 20 cm.",ISBN : 987-566-100-7
635," Twain, Mark",Las aventuras de Tom Sawyer," Argentina : Ed. Espasa Calpe, 2010 ; 331 p. ; 19 cm.",ISBN : 978-950-852-254-2
636," Puig, Manuel",El beso de la mujer araña," Argentina : Ed. Emecé, 2010 ; 245 p. ; 21 cm.",ISBN : 978-950-04-3319-8
637," Cervantes Saavedra, Miguel de",Don Quijote de la Mancha," Argentina : Ed. Alfaguara, 2010 ; il. ; 395 p. ; 20 cm.",ISBN : 978-987-04-1365-3
638, Saint-Exupéry,El Principito," Argentina : Ed. Emecé, 2010 ; il. ; 109 p. ; 20 cm.",ISBN : 978-950-04-26-40-4
639," Huxley, Aldous",Un mundo feliz," Argentina : Ed. Debolsillo, 2010 ; 254 p. ; 20 cm.",ISBN : 987-1138-51-2
640," Shakespeare, William",Macbeth," Argentina : Ed. Talleres Gráficos DEL, 2010 ; 111p. ; 19 cm.",ISBN : 978-987-264-18-3-2
641," Sabato, Ernesto",Sobre héroes y tumbas," Argentina : Ed. Booket, 2010 ; 508 p. ; 20 cm.",ISBN : 978-950-04-3314-3
642, Moliere,Tartrufo y el misantropo," Argentina : Ed. Espasa-Calpe, 2010 ; 243 p. ; 18 cm.",ISBN : 978-950-852-253-5
643," Nuñez Cabeza de Vaca, Alvar",Naufragios," Argentina : Ed. Alianza, 2010 ; 185 p. ; 19 cm.",ISBN : 978-950-40-0262-8
644," Rulfo, Juan",Pedro Paramo. El llano en llamas," Argentina : Ed. Booket, 2010 ; 316 p. ; 19 cm.",ISBN : 978-987-580-405-0
645," Darío, Rubén",Cuentos de vida y esperanza y otros poemas,"Argentina : Ed. Longseller, 2010 ; 155 p. ; 17 cm.",ISBN : 978-987-550-691-6
646," Jiménez, Juan Ramón",Platero y Yo," Argentina : Ed. Longseller, 2010 ; 167 p. ; 17 cm.",ISBN : 978-987-550-436-3
647," Denevi, Marco",Cuentos selectos," Argentina : Ed. Corregido, 2010 ; 398 p. ; 19 cm.",ISBN : 978-950-05-1111-7
648," Discépolo, Armando",El grotesco criollo," Argentina : Ed. Colihue, 2010 ; il. ; 209 p. ; 17 cm. ",ISBN : 978-950-563-661-7
649," Beckett, Samuel",Esperando a Godot,"Argentina :  Ed. TusQuets, 2010 ; 155 p. ; 18 cm. ",ISBN : 978-950-9779-79-2
650," Verne, Julio",Viaje al centro de la tierra," Arentina : Ed. Alianza, 2010 ; il. ; 310 p. ; 19 cm.",ISBN : 978-950-40-0264-2
651," Monterroso, Augusto",Cuentos," Argentina : Ed. Alianza, 2010 ; 173 p. ; 19 cm.",ISBN : 978-950-40-0204-8
652," Arlt, Robert",Los siete locos," Argentina : Ed. Losada, 2010 ; 349 p. 17 cm.",ISBN : 978-950-03-0620-1
653," Lugones, Leopoldo",Las fuerzas extrañas," Argentina : Ed. AIQUE, 2010 ; 136 p. 18 cm.",ISBN : 978-987-06-0220-0
654," Tizón, Héctor",Fuego en  Casabindo,"Argentina : Ed.Algaguara, 2010 ; 125 p. ; 21 cm.",ISBN : 978-987-04-1682-1
655," Cooper Fenimore, James",El último mochicano, Argentina : Ed. Cátedra. 2010 ; 398 p. ; 20 cm.,ISBN : 978-84-376-1526-4
656," Graves, Robert","Los mitos griegos, 2"," Argentina : Ed. Alianza, 2010 ; 400 p. ; 20 cm.",ISBN : 978-950-40-0209-3
657," Marechal, Leopoldo",Adán Buenosayres," Argentina : Ed. Emecé, 2010 ; 611p. ; 22 cm.",ISBN : 978-950-04-3308-2
658," Argibay, Pablo",Cortar y pegar transplanta de órganos y reconstrucción del cuarpo humano," Argentina : Ed. Siglo Veintiuno, 2007 ; il. ; 124 p. ; 19 cm.",ISBN : 978-987-1220-79-3
659," Cereijido, Marcelino",Elogio del desequilibrio en busca del orden y el desorden en la vida," Arbentina: Ed. Siglo Veintiuno, 2012 ; il. ; 126 p. ; 19 cm.",ISBN : 978-987-629-070-8
660," ROSENVASSER Feher, Elsa","Simetría izquierda y derecha, antes y despues, chico y grande en el mundo"," Argentina : Ed. Siglo Veintiuno, 2012 ; il. ; 172 p. ; 19 cm.",ISBN : 978-987-629-101-9
661," Lema, Martín",Guerra biológica y bioterrorismo," Argentina : Ed. Siglo Veintiuno, 2012 ; il. ; 135 p. ; 19 cm.",ISBN : 978-987-1220-68-7
662," Paenza, Adrián",Matemática … ¿estás ahí?," Argentina : Ed. Siglo Veintiuno, 2012 ; il. ; 255 p. ; 19 cm.",ISBN : 978-987-629-065-4
663," Gello, Gabriel",El huevo y la gallina manual de instrucciones para construir un animal," Argentina : ed. Siglo Veintiuno, 2011 ; il. ; 127 p. ; 19 cm.",ISBN : 978-987-1105-70-0  
664," Mindlin, Gabriel",Causas y azares la historia del caos y de los sitemas complejos,"Argentina : Ed. Siglo Veintiuno, 2012 ; il. ; 124 p. ; 19 cm.",ISBN : 978-987-629-037-1
665," Calcagno, Javier - Lovrich, Gustavo",El mar hizo falta tanta agua para disolver tanta sal," Argentina : Ed. Siglo Veintiuno, 2011 ; il. ; 134 p. ; 19 cm.",ISBN : 978-987-1220-97-0
666," Alzogaray, Raúl",El elixir de la muerte y otras historias con veneno," Argentina : Ed. Siglo Veintiuno, 2011 ; il. ; 127 p. ; 19 cm.",ISBN : 978-987-1220-91-5
667," Cappozzo, Luis",Agua salada y sangre caliente historias de mamíferos marinos," Argentina : Ed. Siglo Veintiuno, 2012 ; il. ; 125 p. ; 19 cm.",ISBN : 978-987-1220-49-6
668," Schávelzon, Daniel - Igareta, Ana",Viejos son los trapos,"de arqueología, ciudades y cosas que hay debajo de los pisos"," Argentina : Ed. Siglo Veintiuno, 2011 ; il. ; 123 p. ; 19 cm."
669," Kreimer, Pablo",El científico también es un ser humano,ciencia bajo la lupa," Argentina : Ed. Siglo Veintiuno, 2011 ; il. ; 141p. ; 19 cm."
670," De Ambrosio, Martín",El mejor amigo de la ciencia historias con perros y científicos," Argentina : Ed. Siglo Veintiuno, 2012 ; 110 p. ; 19 cm.",ISBN : 978-987-1105-90-8
671," Delicia, Pablo Javier",Un pesado barrilete… la razón," Argentina : Ed. Entre Ríos,2012 ; il. ; 140 p. ; 20 cm.",ISBN : 978-987-05-8905-1
672, Pequeños Clásicos,El patito feo," Argentina : Ed. SIGMAR, 2009 ; il. ; 13 cm.",ISBN : 978-950-11-1665-6
673, Pequeños Clásicos,Gulliver en el país de los enanos," Argentina : Ed. SIGMAR, 2009 ; il. ; 13 cm.",ISBN : 978-950-11-1739-4
674, Pequeños Clásicos,El Sastrecillo valiente," Argentina : Ed. SIGMAR, 2009 ; il. ; 13 cm.",ISVN : 978-950-11-1735-6
675, Pequeños Clásicos,El gato con botas," Argentina : Ed. SIGMAR, 2009 ; il. ; 13 cm.",ISBN : 978-950-11-1660-1
676,El gato con botas," Argentina : Ed. SIGMAR, 2009 ; il. ; 13 cm.",ISBN : 978-950-11-1660-1,nan
677," Argentina : Ed. SIGMAR, 2009 ; il. ; 13 cm.",ISBN : 978-950-11-1660-1,nan,nan
678, CLASICOS Baby,Blancanieves y los siete enanitos," Argentia : Ed. Artemisa, 2011 ; il. ; 8 p. ; 13 cm.",ISBN : 978-987-674-066-1
679, Pequeños Clásicos,Blancanieves y los siete enenitos," Argentina : Ed. SIGMAR, 2009 ; il. ; 13 CM.",ISBN : 978-950-11-1661-8
680, Pequeños Clásicos,El Traje del Emperador," Argentina : Ed. SIGMAR, 2009 ; il. ; 13 cm.",ISBN : 978-950-11-1734-9
681,El Traje del Emperador," Argentina : Ed. SIGMAR, 2009 ; il. ; 13 cm.",ISBN : 978-950-11-1734-9,nan
682," Argentina : Ed. SIGMAR, 2009 ; il. ; 13 cm.",ISBN : 978-950-11-1734-9,nan,nan
683, Pequeños Clásicos,La Bella Durmiente," Argentina : Ed. SIGMAR, 2009  , il. ; 13 cm.",ISBN : 978-950-11-1663-2
684,La Bella Durmiente," Argentina : Ed. SIGMAR, 2009  , il. ; 13 cm.",ISBN : 978-950-11-1663-2,nan
685," Argentina : Ed. SIGMAR, 2009  , il. ; 13 cm.",ISBN : 978-950-11-1663-2,nan,nan
686, CLASICOS Baby,Peter Pan y el país de nunca jamás," Argentina : Ed. Aretemisa, 2011 ; il. ; 8p. ; 13 cm",ISBN : 978-987-674-064-7
687,Peter Pan y el país de nunca jamás," Argentina : Ed. Aretemisa, 2011 ; il. ; 8p. ; 13 cm",ISBN : 978-987-674-064-7,nan
688, Pequeños Clásicos,Peter Pan," Argentina : Ed. SIGMAR, 2009 ; il. ; 13 cm.",ISBN : 978-950-11-1733-2
689, Pequeños Clásicos,Hansel y Gretel," Argentina : Ed- SIGMAR, 2009 ; il. ; 13 cm",ISBN : 978-950-11-1664-9
690, Pequeños Clásicos,Caperucita Roja," Argentina : Ed. SIGMAR, 2009 ; il. ; 13 cm.",ISBN : 978-950-11-1658-8
691,Caperucita Roja," Argentina : Ed. SIGMAR, 2009 ; il. ; 13 cm.",ISBN : 978-950-11-1658-8,nan
692," Argentina : Ed. SIGMAR, 2009 ; il. ; 13 cm.",ISBN : 978-950-11-1658-8,nan,nan
693,ISBN : 978-950-11-1658-8,nan,nan, CLASICOS Baby
694, CLASICOS Baby,El soldadito de plomo," Argentina : Ed. Artemisa, 2011 ; il. ; 8 p. ; 13 cm.",ISBN : 978-987-674-061-6
695,El soldadito de plomo," Argentina : Ed. Artemisa, 2011 ; il. ; 8 p. ; 13 cm.",ISBN : 978-987-674-061-6,nan
696," Argentina : Ed. Artemisa, 2011 ; il. ; 8 p. ; 13 cm.",ISBN : 978-987-674-061-6,nan,nan
697,ISBN : 978-987-674-061-6,nan,nan, CLASICOS Baby
698, CLASICOS Baby,Aladino," Argentina : Ed. Artemisa, 2011 ; il. ; 8 p. ; 13 cm.",ISBN : 978-987-674-068-5
699,Aladino," Argentina : Ed. Artemisa, 2011 ; il. ; 8 p. ; 13 cm.",ISBN : 978-987-674-068-5,nan
700," Argentina : Ed. Artemisa, 2011 ; il. ; 8 p. ; 13 cm.",ISBN : 978-987-674-068-5,nan,nan
701,ISBN : 978-987-674-068-5,nan,nan,nan
702,nan,nan,nan, CLASICOS Baby
703, CLASICOS Baby,La Bella y La Bestia," Argentina : Ed. Artemisa, 2011 ; il. ; 8 p. ; 13 cm.",ISBN : 978-987-674-067-8
704,La Bella y La Bestia," Argentina : Ed. Artemisa, 2011 ; il. ; 8 p. ; 13 cm.",ISBN : 978-987-674-067-8,nan
705, CLASICOS Baby,Las aventuras de Pinocho," Argentina : Ed. Artemisa, 2011 ; il. ; 8 p. ; 13 cm.",ISBN : 978-987-674-063-0
706,Las aventuras de Pinocho," Argentina : Ed. Artemisa, 2011 ; il. ; 8 p. ; 13 cm.",ISBN : 978-987-674-063-0,nan
707," Argentina : Ed. Artemisa, 2011 ; il. ; 8 p. ; 13 cm.",ISBN : 978-987-674-063-0,nan,nan
708, Pequeños Clásicos,Pinocho," Argentina : Ed. SIGMAR, 2009 ; il. ; 13 cm.",ISBN : 978-950-11-1662-5
709," Oesterheld, Héctor G. - Solano López, Francisco",El Eternauta. La Historia original ,"Argentina : Ed. DOEDYTORES, 2008 ; il. ; 351 p. ; 13  cm.",ISBN : 978-987-985-33-2
710, Otro Río Que Pasa,Un siglo de poesía Argentina Contemporánea,"Argentina : Ed. BAJOLALUNA, 2010  ; 294 p. ; 19 cm.",ISBN : 978-987-183-2-6
711, CLASICOS Baby,La Bella y La Bestia," Argentina : Ed. Artemisa,2011 ; il. ; 8 p. 16 cm.",ISBN : 978-987-674-067-8
712," Fisher, Robert",El caballero de la armadura oxidada," Argentina : Ed. OBELISCO, 2011 ; il. ; 107 p. 20 cm",ISBN : 978-84-9777-230-3
713," Quiroga, Horacio",El almohadoón de plumas y otros cuentos," Argentina : Ed. ALFAGUARA, 2009 ; 174 p. ; 21 cm.",ISBN : 978-987-07-0462-1
714," Conrad, Joseph",El corazón de las tinieblas," Argentina : Ed. ALFAGUARA, 2009 ; 157p. ; 21 cm.",ISBN : 978-987-07-0468-3
715," Tzu, Sun",El arte de la guerra," Argentina : Ed. BEEME, 2008 ; 79 p. ; 19 cm.",ISBN : 978-987-24256-6-1
716," Poe, Edgar Allan",El gato negro : el escarabajo de oro," Argentina : Ed. BEEME, 2009 ; 95 P. ; 19 cm.",ISBN : 978-987-1530-42-7
717," Shakespeare, William",Romeo y Julieta," Argentina : Ed. BEEME, 2008 ; 109 P. ; 19 cm.",ISBN : 978-987-24383-1-9
718," Kafka, Franz",Metamorfosis," Argentina : Ed. BEEME, 2008 ; 79 P. ; 19 cm.",ISBN : 978-987-24256-4-7
719," Shelley, Mary W.",Frankestein," Argentina : Ed. BEEME, 2010 ; 185 P. ; 19 cm.",ISBN : 978-987-1594-96-2
720, LATINBOOKS Internacional,El mundo submarino: Historias con dos finales," Uruguay : Ed. LATINBOOKS, 2010 ; il. ; 20 p. ; 27 cm.",ISBN : 978-9974-684-32-4
721, LATINBOOKS Internacional,Los tres monstruos: Historias con dos finales ," Uruguay : Ed LATINBOOKS, 2010 ; il. ; 20 p. ; 27 cm.",ISBN : 978-9974-684-29-4
722, LATINBOOKS Internacional,Tum y el dragón de fuego," Uruguay : Ed. LATINBOOKS, 2010 ; il. ; 20 p. ; 27 cm.",ISBN : 978-9974-684-31-7
723," Loza, Cristina",La hora del lobo," Argentina : Ed. Emecé, 2008 ; 345 p. ; 23 cm.",ISBN : 978-950-04-3072-5
724," Zicolillo, Jorge",Damasita Boedo y el enigma de la muierte de Lavalle," Argentina ; Ed. Sudaméricana, 2002 ; 191 p. ; 22 cm.",ISBN : 950-07-2198-8
725," King, Susan",El don de Michaelmas," España : Ed. URANO, 2006 ; 336 P. ; 22 CM.",ISBN : 84-7953-295-5
726," Lapierre, Dominique - Moro Javier",Era medianoche en Bhopal,"Argentina  : Ed. Planta, 2001 ; il. ; 419 p. ; 22 cm.",ISBN : 84-08-03845-1
727," Morales Solá, Joaquín",El sueño eterno Ascenso y caída de la Alianza," Argentina : Ed. Planeta, 2001 ; 297 p. ; 22 cm.",ISBN : 950-49-0927-2
728," Scott Chessman, Harriet",Lydia Cassat leyendo el periódico matinal," España : Ed. B S. A., 2003 ; il. ; 215 p. ; 22 cm.",ISBN : 84-666-1067-7
729," Swann, Maxime",Chicas serias," Argentina : Ed. Emecé, 2005 ; 254 p. ; 22 cm.",ISBN : 950-04-2642-0
730," Orgambide, Pedro",El Páramo," Argentina : Ed. Ameghino, 1999 ; 219 p. ; 22 cm.",ISBN : 987-9216-70-9
731," VILLEGAS, Bertraud",La Perricholi Una reina para Lima   ," España : Ed. Sudamericana, 1999 ; 319 p. ; 22 cm.",ISBN : 950-07-1489-2
732," Shua, Ana María",Soy Paciente," Argentina : Ed. Sudamericana, 1996 ; 134 p. ; 21 cm.",ISBN : 950-07-1163-X
733," Keyes, Marian",Maggie ve la luz," Argentina : Ed. Sudamericana, 2006 ; 398 p. 18 cm.",ISBN : 987-566-141-4
734," Cabrea, Ana María",Cristián Demaría más allá de Felicitas," Argentina : Ed. Sudamaericana, 2000 ; 162 p. ; 22 cm.",ISBN : 950-07-1743-3
735," Vigil, Mercedes","Matilde, la mujer de Batlle","Argentina : Ed. Planeta, 2003 ; 283 p. ; 22 cm.",ISBN : 950-49-1095-5
736," Van Bredan, Orlando",Teoría del desamparo," Argentina : Ed. Emecé, 2007 ; 211 p. ; 22 cm.",ISBN : 978-930-04-2923-8
737," Bonelli, Florencia",Indias Blancas," Argentina : Ed. Plaza & Jané, 2006 ; 445 p. ; 22 cm.",ISBN : 950-644-065-4
738," Binchi, Maeve",Enciende un vela," Argentina : Ed. Emecé, 2000 ; 365 p. ; 22 cm.",ISBN : 950-04-2138-0
739," Bverley, Jo",Atrevida," España : Ed. Urano, 1999 ; 357p. ; 22 cm.",ISBN : 84-7953-294-7
740," Binelli, Florencia",Indias Blancas La vuelta del ranquel," Argentina : Ed. Plaza & Janés, 2005 ; 427 p. ; 22 cm.",ISBN : 930-644-072-7
741," Tademy, Lalita",El ábol de Emily," España : Ed. Diagonal, 2002 ; 492 p. ; 23 cm.",ISBN : 84-95808-90-0
742," Caparrós, Martín",Un día en la vida de Dios," Argentina : Ed. Booket, 2007 ; 314 p. ; 18 cm.",ISBN : 978-987-580-227-8
743," Haynes, Melinda",Madreperla," España : Ed. Ediciones B, 2000 ; 506 p. ; 24 cm.",ISBN : 84-406-9927-4
744," Hobhouse, janet",The furies," EEUU : Ed. Simon & Schuster, 1993 ; 344 p. ; 19 cm.",ISBN : 0-671-71813-4
745," Ruiz Zafón, Carlos",La sombra del viento," Argentina : Ed. Planeta, 2004 ; 478 p. ; 22 cm.",ISBN : 950-49-1036-X
746," Alcántara, Nelida",Brotes del alma," Argentina : Ed. Grupo Brotes, 2010 ; 128 p. ; 20 cm.",ISBN  978-987-2557-1-0
747," McLarty, Ron",Una historia en bicicleta," Argentina : Ed. ALFAGUARA, 2009 ; 446 p. ; 22 cm.",ISBN : 987-04-0447-2
748," Vargas Llosa, Mario",Travesuras de la niña mala,"Argentina : Ed. ALFAGUARA, 2006 ; 375 p. ; 22 cm.",ISBN : 987-04-0398-0
749," Sevilla, Ariel - Sevilla, Fabián",La Vendimia para ver, Argentina : Ed. Turismo y Cultura de mendoza,                      il. ; 167 p. 25 cm.
750," Allende, Isabel",El reino del dragón de oro," Argentina : Ed. Sudamericana, 2004 ; 332 p. ; 20 cm.",ISBN : 950-07-2481-2
751,"Montero, Rosa",La hija del caníbal," España : Ed. Espasa, 1997 ; 359 p. ; 18 cm.",ISBN : 84-239-7669-6
752," Ullmann, Linn",Antes de que te duermas," Argentina : Ed. Grijalbo, 2001 ; 315 p. ; 17 cm.",ISBN : 84-397-0684-7
753," Dario, Ruben ",Antoligía poética," Argentina : Ed. Orbis, 1982 ; 235 p. ; 18 cm. ",ISBN : 950-614-048-0
754," Dumas, Alejandro",La dama de las camelias," Argentina : Ed. Orbis, 1982 ; 249 p. ; 18 cm.",ISBN : 950-614-345-5
755," Bernstein, Gustavo",La Patria peregrina," Argentina : Ed. Emecé, 2001 ; 323 p. ; 21 cm.",ISBN : 950-04-2244-1
756," Bianchy, Maeve",Escuela de ilusiones," Argentina : Ed. Emecé, 1999 ; 429 p. ; 22 cm.",ISBN : 950-04-1982-3
757," Segal, Erich",Actos de fe," Argentina : Ed. Planta, 1992 ; 431 p. ; 21 cm.",ISBN : 950-742-219-6
758," Allende, Isabel",La suma de los días," Argentina : Ed. Sudamericanna,2007 ; 361 p. ; 24 cm.",ISBN :978-950-07-2859-1
759," Eco, Humberto",Confesiones de un joven novelista," Argentina : Ed. Sudamericana, 2012 ; 221 p. ; 18 cm.",ISBN : 978-950-07-4007-4
760," Eco, Humberto",El nombre de la rosa," Argentina : Ed. Sudamericana, 2012 ; 505 p. ; 18 cm.",ISBN : 978-950-07-4006-7
761," Eco, Humberto",Nadie acabará con los libros," Argentina : Ed. Sudamericana, 2012 ; 241 p. ; 18 cm.",ISBN : 978-950-07-4008-1
762," Delicia, Pablo ",Bio da para todo… y para todos," Argentina : Oro Verde, 2012 ; il. ; 98 p. ; 20 cm.",ISBN : 978-987-33-1911-2
763," Janes, Roe",Los 100 cuentos mas bellos del mundo," Argentina : Ed. SIGMAR, 2011 ; il. ; 69 p. ; 28 cm.",ISBN : 978-95011-0638-1
764," Andreone, Aidé",Cuentos para ir a dormir y soñar," Argentina : Ed. Guadal, 2007 ; il. ; 37 p. ; 27 cm.",ISBN : 978-987-679-572-3
765, ELEFANTINO,El universo de mis princesas," Argentina : Ed. BEEME, 2011 ; il. ; 43 p. ; 27 cm.",ISBN : 978-987-669-169-7
766," Vaccarini, Franco",El mágico mundo de las hechiceras," Uruguay : Latinbooks, 2009 ; il. ; 55 p. ; 34 cm.",ISBN : 978-9974-684-34-8
767," Eco, Humberto",El péndulo de Foucault  1," Argentina : Ed. Sudamericana, 2012 ; 413 p. ; 18 cm.",ISBN : 978-950-07-4009-8
768," Eco, Humberto",El péndulo de Foucault  2," Argentina : Ed. Sudamericana, 2012 ; 412 p. ; 18 cm.",ISBN : 978-950-07-4010-4
769,"  Eco, Humberto",A paso de cangrejo," Argentina : Ed. Sudamericana, 2012 ; 387 p. ; 18 cm.",ISBN : 978-950-07-4014-2
770," Eco, Humberto",La estructura aucente," Argentina : Ed. Sudamericana, 2012 ; 511 p. ; 18 cm.",ISBN : 978-950-07-4021-0
771," Eco, Humberto",Lector in fabula, Aregentina : Ed. Sudamericana. 2012 ; 313 P. ; 18 CM.,ISBN : 978-950-07-4020-3
772," Eco, Humberto",La misteriosa llam de la Reina Loana," Argentina : Ed. Sudamericana, 2012 ; 503 p. ; 18 cm.",ISBN : 978-950-07-4015-9
773," Eco, Humberto",El cementerio de Praga," Argentina : Ed. Sudamericana, 2012 ; 584 p. ; 18 cm.",ISBN : 978-950-07-40128
774," Eco, Humberto",Sobre Literatura," Argentina : Ed. Sudamericana, 2012 ; 346 p. ; 18 cm.",ISBN : 978-950-07-4013-5
775," Eco, Humberto",Baudolino 1," Argentina : Ed. Sudamericana, 2013 ; 277 ; 18 cm.",ISBN : 978-950-07-4018-0
776," Eco, Humberto",La Isla del día de antes, Argentina : Ed. Sudamericana; 2013 ; 588 p. ; 18 cm.,ISBN : 978-950-07-4017-3
777," Eco,Humberto",Apocalipticos e integrados," Argentina : Ed. Sudamericana, 2013 ; 431 p. ; 18 cm",ISBN : 978-950-07-4016-6
778," Eco, Humberto",Baudolino 2," Argentina : Ed. Sudemaricana, 2013 ; 259 p. ; 18 cm.",ISBN : 978-950-07-4019-7
779," Eco, Humberto",Decir casi lo mismo," Argentina : Ed. Sudemaricana, 2013 ; 542 p. ; 18 cm.",ISBN : 978-950-07-4177-4
780," Eco, Humberto",Cinco escritos morales," Argentina : Ed. Sudemaricana, 2012 ; 138 p. ; 18 cm.",ISBN : 978-950-4011-1
781," Eco, Humberto",Arte y belleza en la estética medieval," Argentina : Ed. Sudemaricana, 2013 ; 265 p. ; 18 cm.",ISBN : 978-980-07-4178-1
782," Eco, Humberto",Construir al enemigo ," Argentina : Ed. Sudamericana, 2013 ; 319 p- ; 18 cm.",ISBN : 978-950-07-4181-1
783," Eco, Humberto",De los espejos y otros ensayos," Argentina : Ed. Sudemericana, 2013 ; 461 p. ; 18 cm.",ISBN : 978-950-07-4182-8
784, De Santis,Lucas Lens y el museo," Argentina : Ed. ALFAGUARA, 2012 ; il. ; 93 p. ; 19 cm.",ISBN : 978-987-04-0063-9
785, Walsh Maria Elena,El reino del revés," Argentina : Ed. ALFAGUARA, 2013 ; il. ; 86 p. ; 27 cm.",ISBN : 978-987-04-0178-0
786,Walsh María Elena,Cuentopos de Gulubú," Argentina : Ed. ALFAGUARA, 2013 ; il. ; 94 p. ; 27 cm.",ISBN : 978-987-04-0181-0
787, Walsh  María Elena,Dailan Kifki," Argentina : Ed. Alfaguara, 2013 ; il. ; 183 p. ; 27 cm.",ISBN : 978-987-04-0177-3
788," Eco, Humberto",La estrategia de la ilusión," Argentina : Ed. Sudamericana, 2013 ; 367 p. ; 18 cm.",ISBN : 978-950-07-4183-5
789," Eco, Humberto",Entre mentira e ironía," Argentina : Ed. Sudamericana, 2013 ; 128 p. 18 cm.",ISBN : 978-980-07-4184-2
790," Eco, Humberto",Segundo diario mínimo," Argentina : Ed. Sudamericana, 2013 ; 323 p. 18 cm.",ISBN : 978-950-07-4186-6
791," Walsh, María Elena",Zoo loco," Argentina : Ed. Alfaguara, 2013 ; il. ; 69 p. ; 27 cm. ",ISBN : 978-987-04-0173-5
792," Eco, Humberto",Kant y el ornitorrinco," Argentina : Ed. Sudamericana, 2013 ; 459 p. ; 18 cm.",ISBN : 978-950-07-4185-9
793," Eco, Humberto",El superhombre de masas," Argentina : Ed. Sudemaricana, 2013 : 220 p. ; 18 cm.",ISBN : 978-950-07-4187-3
794," García Márquez, Gabriel",Cien años de soledad," Argentina : Ed. Sudamericana, 2009 ; 494 p. ; 18 cm.",ISBN : 987-1138-14-8
795," Miguens, Silvia",Ana y el Virrey," Argentina : Ed. Sudamericana, 2006 ; 254 p. ; 18 cm.",ISBN : 987-566-106-6
796," Rulfo, Juan",Pedro Páramo el llano en llamas," Argentina : Ed. Booket, 2008 ; 316 p. ; 18 cm.",ISBN : 978-987-580-162-2
797,"  Roa Bastos, Augusto",Yo el Supremo," España : Ed. RBA Editores, 1993 ; 511 p. ; 21 cm.",ISBN : 84-473-0205-9
798," Walsh, Rodolfo  J.",¿Quién mató a Rosendo?," Argentina : Ed. De la Flor, 2011 ; 171 p. ; 19 cm.",ISBN : 978-950-515-353-4
799," Escuedero, Laura",El rastro de la sepiente," Argentina : Ediciones SM, 2011 ; 183 p ; 18 cm.",ISBN : 978-987-573-570-5
800,El rastro de la sepiente," Argentina : Ediciones SM, 2011 ; 183 p ; 18 cm.",ISBN : 978-987-573-570-5,nan
801," Argentina : Ediciones SM, 2011 ; 183 p ; 18 cm.",ISBN : 978-987-573-570-5,nan,nan
801,ISBN : 978-987-573-570-5,nan,nan,nan
803,nan,nan,nan," Martínez Sccardi, Fabián"
804," Martínez Sccardi, Fabián",Patagonia iluminada," Argentina : Ediciones SM, 2012 ; 195 p. 19 cm. ",ISBN : 978--987-573-671-9
805,Patagonia iluminada," Argentina : Ediciones SM, 2012 ; 195 p. 19 cm. ",ISBN : 978--987-573-671-9,nan
806," Argentina : Ediciones SM, 2012 ; 195 p. 19 cm. ",ISBN : 978--987-573-671-9,nan,nan
807,ISBN : 978--987-573-671-9,nan,nan,nan
808,nan,nan,nan," Helguera, Magdalena"
809," Helguera, Magdalena",Con tigo de la mano," Argentina : Ediciones SM, 2011 ; il. ; 139 p. ; 19 cm.",ISBN : 978-987-573-571-2
810,Con tigo de la mano," Argentina : Ediciones SM, 2011 ; il. ; 139 p. ; 19 cm.",ISBN : 978-987-573-571-2,nan
811," Argentina : Ediciones SM, 2011 ; il. ; 139 p. ; 19 cm.",ISBN : 978-987-573-571-2,nan,nan
812,ISBN : 978-987-573-571-2,nan,nan,nan
813,nan,nan,nan," Pescetti, Luis María"
814," Pescetti, Luis María",Frin," Argentina : Ed. ALFAGUARA, 2013 ; 203 P. ; 19 cm.",ISBN : 978-987-04-0069-1
815,Frin," Argentina : Ed. ALFAGUARA, 2013 ; 203 P. ; 19 cm.",ISBN : 978-987-04-0069-1,nan
816," Argentina : Ed. ALFAGUARA, 2013 ; 203 P. ; 19 cm.",ISBN : 978-987-04-0069-1,nan,nan
817,ISBN : 978-987-04-0069-1,nan,nan,nan
818,nan,nan,nan," Escudero, Laura"
819," Escudero, Laura",Heredé un fantasma," Argentina : Ediciones SM, 2005 ; 174 p. ; 18 cm. ",ISBN : 978-987-573-020-5
820,Heredé un fantasma," Argentina : Ediciones SM, 2005 ; 174 p. ; 18 cm. ",ISBN : 978-987-573-020-5,nan
821," Argentina : Ediciones SM, 2005 ; 174 p. ; 18 cm. ",ISBN : 978-987-573-020-5,nan,nan
822,ISBN : 978-987-573-020-5,nan,nan,nan
823,nan,nan,nan," Durini, Angeles"
824," Durini, Angeles",¿Quién le tiene miedo a Demetrio Latov?," Argentina : Ediciones SM, 2002 ; il. ; 150 p. ; 18 cm. ",ISBN : 978-987-573-000-7
825,¿Quién le tiene miedo a Demetrio Latov?," Argentina : Ediciones SM, 2002 ; il. ; 150 p. ; 18 cm. ",ISBN : 978-987-573-000-7,nan
826," Argentina : Ediciones SM, 2002 ; il. ; 150 p. ; 18 cm. ",ISBN : 978-987-573-000-7,nan,nan
827,ISBN : 978-987-573-000-7,nan,nan,nan
828,nan,nan,nan," Accarini, Franco"
829," Accarini, Franco",Otra forma de vida," Argentina : Ediciones SM, 2009 ; 133 p. ; 18 cm.",ISBN : 978-987-573-7
830,Otra forma de vida," Argentina : Ediciones SM, 2009 ; 133 p. ; 18 cm.",ISBN : 978-987-573-7,nan
831," Argentina : Ediciones SM, 2009 ; 133 p. ; 18 cm.",ISBN : 978-987-573-7,nan,nan
832,ISBN : 978-987-573-7,nan,nan,nan
833,nan,nan,nan," Kipling, Rudyard"
834," Kipling, Rudyard",El libro de la selva . Una versión para chicos," Argentina : Ed. Estrada, 2012 ; il. ; 101 p. 18 cm.",ISBN : 978-950-01-1408-0
835,El libro de la selva . Una versión para chicos," Argentina : Ed. Estrada, 2012 ; il. ; 101 p. 18 cm.",ISBN : 978-950-01-1408-0,nan
836," Argentina : Ed. Estrada, 2012 ; il. ; 101 p. 18 cm.",ISBN : 978-950-01-1408-0,nan,nan
837,ISBN : 978-950-01-1408-0,nan,nan,nan
838,nan,nan,nan," Roediger, Sandra Elisabet (adaptación)"
839," Roediger, Sandra Elisabet (adaptación)",Cuentos clásicos para pensar I," Argentina : Ed. Santa María, 2010 ; il. ; 94 p. ; 20 cm. ",ISBN : 978-987-616-037-7
840,Cuentos clásicos para pensar I," Argentina : Ed. Santa María, 2010 ; il. ; 94 p. ; 20 cm. ",ISBN : 978-987-616-037-7,nan
841," Argentina : Ed. Santa María, 2010 ; il. ; 94 p. ; 20 cm. ",ISBN : 978-987-616-037-7,nan,nan
842,ISBN : 978-987-616-037-7,nan,nan,nan
843,nan,nan,nan," Durini, Angeles y Otros"
844," Durini, Angeles y Otros",La katana perdida," Argentina : Editoria SM, 2011 ; 181 p. ; 18 cm.",ISBN : 978-987-573-670-2
845,La katana perdida," Argentina : Editoria SM, 2011 ; 181 p. ; 18 cm.",ISBN : 978-987-573-670-2,nan
846," Argentina : Editoria SM, 2011 ; 181 p. ; 18 cm.",ISBN : 978-987-573-670-2,nan,nan
847,ISBN : 978-987-573-670-2,nan,nan,nan
848,nan,nan,nan," Huidobro, Norma"
849," Huidobro, Norma","Octubre, un crimen"," Argentina : Editorial SM,2004 ; 201 p. ; 18 cm.",ISBN : 978-957-573-002-1
850,"Octubre, un crimen"," Argentina : Editorial SM,2004 ; 201 p. ; 18 cm.",ISBN : 978-957-573-002-1,nan
851," Argentina : Editorial SM,2004 ; 201 p. ; 18 cm.",ISBN : 978-957-573-002-1,nan,nan
852,ISBN : 978-957-573-002-1,nan,nan,nan
853,nan,nan,nan," Erbiti, Alejandra (Adaptación)"
854," Erbiti, Alejandra (Adaptación)",Simbad el marino," Uruguay : Ed. Latinbooks, 2010 ; il. ; 21 cm.",ISBN : 978-9974-8032-8-2
855,Simbad el marino," Uruguay : Ed. Latinbooks, 2010 ; il. ; 21 cm.",ISBN : 978-9974-8032-8-2,nan
856," Uruguay : Ed. Latinbooks, 2010 ; il. ; 21 cm.",ISBN : 978-9974-8032-8-2,nan,nan
857,ISBN : 978-9974-8032-8-2,nan,nan," Gaetán, Maura (Adaptación)"
858," Gaetán, Maura (Adaptación)",Pulgarcito,"Argentina : Ed. SIGMAR, 2011 ; il. ; 18 cm",ISBN : 978-950-11-2332-6
859,Pulgarcito,"Argentina : Ed. SIGMAR, 2011 ; il. ; 18 cm",ISBN : 978-950-11-2332-6,nan
860,"Argentina : Ed. SIGMAR, 2011 ; il. ; 18 cm",ISBN : 978-950-11-2332-6,nan,nan
861,ISBN : 978-950-11-2332-6,nan,nan,nan
862,nan,nan,nan,  ELEFANTINO
863,  ELEFANTINO,Peter Pan,"Argentina : Ed. Beeme, 2011 ; il. ; 17 cm.",ISBN : 978-987-669-124-6
864,Peter Pan,"Argentina : Ed. Beeme, 2011 ; il. ; 17 cm.",ISBN : 978-987-669-124-6,nan
865, ELEFANTINO,Peter Pan," Argentina : Ed. Beeme, 2010 ; il. ; 11 p. ; 26 cm. ",ISBN : 978-987-669-041-6
866,Peter Pan," Argentina : Ed. Beeme, 2010 ; il. ; 11 p. ; 26 cm. ",ISBN : 978-987-669-041-6,nan
867," Argentina : Ed. Beeme, 2010 ; il. ; 11 p. ; 26 cm. ",ISBN : 978-987-669-041-6,nan,nan
868, ELEFANTINO,el mago de Oz," Argentina : Ed. Beeme, 2010 ; il. ; 11 p. ; 26 cm.",ISBN : 978-987-669-040-9
869,el mago de Oz," Argentina : Ed. Beeme, 2010 ; il. ; 11 p. ; 26 cm.",ISBN : 978-987-669-040-9,nan
870," Argentina : Ed. Beeme, 2010 ; il. ; 11 p. ; 26 cm.",ISBN : 978-987-669-040-9,nan,nan
871,ISBN : 978-987-669-040-9,nan,nan,nan
872,nan,nan,nan," Grimm, Jacob"
873," Grimm, Jacob",Los músicos de Bremen," Argentina : Ed. Colihue, 2008 ; il. ; 21 cm.",ISBN : 978-950-581-488-6
874,Los músicos de Bremen," Argentina : Ed. Colihue, 2008 ; il. ; 21 cm.",ISBN : 978-950-581-488-6,nan
875, ELEFANTINO,El gato con botas," Argentina : Ed. Beeme, 2009 ; il. ; 8p. ; 24 cm.",ISBN : 978-987-1530-59-5
876,El gato con botas," Argentina : Ed. Beeme, 2009 ; il. ; 8p. ; 24 cm.",ISBN : 978-987-1530-59-5,nan
877," Argentina : Ed. Beeme, 2009 ; il. ; 8p. ; 24 cm.",ISBN : 978-987-1530-59-5,nan,nan
878,ISBN : 978-987-1530-59-5,nan,nan,nan
879,nan,nan,nan," Aira, César"
880," Aira, César",Cumpleaños," Argentina : Ed. DEBOLSILLO, 2013 ; 104 p. ; 18 cm.",ISBN : 978-987-566-862-1
881,"  Pescetti, Luis María","Te amo, lectura (Natacha)"," Argentina : Ed. ALFAGUARA, 2012 ; il. ; 166 p. ; 19 cm.",ISBN : 978-987-04-1483-4
882," Pescetti, Luis María",Querido diario (Natacha)," Argentina : Ed. ALFAGUARA, 2012 ; il. ; 138 p. ; 19 cm.",ISBN : 978-987-04-0976-2
883," Pescetti, Luis María",Chat Natacha chat," Argentina . Ed. ALFAGUARA, 2012 ; il. ; 123 p. ; 19 cm.",ISBN : 978-987-04-1120-8
884," Pescetti, Luis Maía",¡ Buenísimo Natacha!," Argentina : Ed. ALFAGUARA, 2008 ; il. ; 138 p. ; 21 cm.",ISBN : 978-987-04-0977-9
885,"Pez, Alberto",Mateo conoce," Argentina : Ed. LaBrijita de papel, 2008 ; il. 21 cm.",ISBN : 978-987-1337-35-4
886,"Porcelli piussi, lisa y Otra",¡ Ni se te ocurra!," Argentina : Ed. QUIPU, 2012 ; il. ; 21 cm.",ISBN : 978-987-504-067-0
887," Bustammante, Nelvy",La araña que vuela,"Argentina : Ed. Sudamericana, 2008 ; il. ; 24 cm.",ISBN : 978-950-2950-5
888," Devetach, Laura",Cuidado con la osa," Argentina : Ed. Sudamericana, 2008 ; il. ; 24 cm.",ISBN : 978-950-07-3000-5
888, ,nan,nan,nan
889," Groovie, Annie",León y sus buenos modales," Argentina : Ed. Unaluna, 2009 ; il. ; 63 p. ; 20 cm.",ISBN : 978-987-1296-5
890,  Canela,Mona lisa y el libro de la selva," Argentina : Ed. Sudemericana, 2013 ; il. ; 24 cm.",ISBN : 978-950-07-4162-0
891," Granata, Maria",El gallo Quiquiricó y los zancos traviesos," Argentina : Ed. Sigmar, 2011; il. ; 21 cm.",ISBN : 978-950-11-1222-1
892," Rey, Eva",Doro el potrillo," Argentina : Ed. Sigmar, 2011 ; il. ; 21 cm",ISBN : 978-950-11-3001-0
893," Rey, Eva",Milo el viento," Argentina : Ed. Sigmar, 2011 ; il. ; 21 cm",ISBN : 978-950-11-3007-2
894," Rey, Eva",Un barrio muy especial," Argentina : Ed. Sigmar, 2011 ; il. ; 21 cm.",ISBN : 978-950-3002-7
895," Rey, Eva",Sonia la paloma," Argentina : Ed. Sigmar, 2011  ; il. ; 21 cm",ISBN : 978-950-11-3005-8
896," Rey, Eva",Los juguetes olvidados," Argentina : Ed. Sigmar, 2011 ; il. ; 21 cm.",ISBN : 978-950-11-3006-5
897," Rey, Eva",Fito el perro," Argentina : Ed. Sigmar, 2012 ; il. ; 21 cm.",ISBN : 978-950-11-2996-0
898," Granata, María",La selva disfrazada y una alegra visita,"Argentina : Ed. Sigmar, 2011 ; il. ; 21 cm.",ISBN : 978-950-11-1211-5
899," Rey, Eva",Un barrio muy especial," Argentina : Ed. Sigmar, 2012 ; il. ; 21 cm,",ISBN : 978-950-3002-7
900," Rey, Eva",Doro el potrillo," Argentina : Ed. Sigmar, 2011 ; il. ; 21 cm.",ISBN : 978-950-11-3001-0
901," Pez, Alberto",Un regalo delicioso," Argentina : Ed. Sudamericana, 2011 ; il. ; 24 cm.",ISBN : 950-07-2676-9
902," Méndez, Natalia",El circo fantástico de los hermanos A B C," Argentina : Ed. Sudamericana, 2011 ; il. ; 21 cm.",ISBN : 978-950-07-2878-2
903," Blanco, Malena & Calvo, Nónica", Y mañana," Argentina : Ed. QUIPU, 2011 ; il. ; 20 cm.",ISBN : 978-987-504-052-6
904," Rey, Eva","Ronrón, el gato"," Argentina : Ed. SIGMAR, 2012 ; il. ; 20 cm. ",ISBN : 978-950-11-2997-7
905, Delgado Myriam y Otras,La aventura de la palabra Lengua y Literatura polimodal I," Argentina : Ed. Comunicarta, 2010 ; il. ; 141 p. ; 27 cm. ",ISBN : 978-987-1151-10-3
906," Allende, Isabel",El cuaderno de maya," Argentina : Ed. DEBOLSILO, 2013 ; 442 p. ; 18 cm.",ISBN : 978-987-566-867-6
907," Aira, César",Festival,"Argentina : Ed. Mansalva, 2012 ; 126 p. ; 21 cm. ",ISBN : 978-987-1474-49-3
908," Belli, Gioconda",El infinito en la palma de la mano," Argentina : Ed. Seix Barral, 2008 ; 237 p. ; 22 cm.",ISBN : 978-950-731-577-0
909," Aira, César",El pequeño monje budista," Argentina : Ed. MANSALVA, 2005 ; 90 p. ; 21 cm.",ISBN : 987-22648-4-8
910," Aira, César",Cecil Taylor," Argentina : Ed. MANSALVA, 2011 ; 77 p. ; 23 cm.",ISBN : 978-987-1474-42-4
911," Bovo, Ana María",Cuentos de humor y amor 2," Argentina : Ed. Emecé, 2012 ; 129 p. ; 19 cm.",ISBN : 978-950-04-3454-6
912," Caruso, Giacinta",El Triángulo de Rembrandt," Argentina : Ed. El Ateneo, 2007 ; 254 p. ; 23 cm.",ISBN : 978-950-02-5925-5
913," Belli, Gioconda",Waslada La búsqueda de una civilización perdida," Argentina : Ed. Seix Barral, 2011 ; 339 p. ; 22 cm.",ISBN : 978-950-731-525-1
914," Belli, Gioconda",Escándalo de miel," Argentina : Ed. Seix Barral, 2011 ; 236 p. ; 22 cm.",ISBN : 978-950-731-619-7
915," Bonelli, Florencia",Caballo de fuego," Argentina : Ed. ALFAGUARA, 2012 ; 653 p. ; 23 cm.",ISBN : 978-987-04-1783-5
916," Canfield, Jack y Otros",Chocolate caliente para el alma que no se rinde," Argentina : Ed. Atlántida, 2009 ; 407 p. ; 19 cm.",ISBN : 978-950-08-2548-1
917," Canfield, Jack y Otros",Chocolate caliente para el alma de los enamorados ," Argentina : Ed. Atlántida,2010 ; 336 p. ; 19 cm.",ISBN : 978-950-08-2986-1
918," Cook, Robin",Toxina,"Argentina : Ed. Debolsillo, 2012 ; 420 p. ; 18 cm.",ISBN : 978-987-773-0
919," Cook, Robin",Intervención," Argentina : Ed. Debolsillo, 2012 ; 397 p. ; 18 cm.",ISBN : 978-987-566-822-5
920,"Cook, Robin",ADN," Argentina : Ed. Debolsillo, 2009 ; 520 p. ; 18 cm.",ISBN : 978-987-566-514-9
921," Camilleri, Andrea",La danza de la gaviota," Argentina : Ed. Salamandra, 2012 ; 221 p. ; 22 cm.",ISBN : 978-84-9838-487-1
922," Corona, Laurel",Las cuatro esteciones," Argentina : Ed. El Ateneo, 2010 ; 396 p. ; 23 c.",ISBN : 978-950-02-0469-9
923," Cast, P. C. y Cast, Kristin",Tentada," España : Ed. Cast, 2009 ; 286 p. ; 22 cm.",ISBN : 978-84-9800-675-9
924," Maas, Pablo, Castillo, José E.",Economía," Argentina : Ed. AIQUE, 2012 ; il. ; 196 p. ; 23 cm.",ISBN : 978-950-701-859-6
925," Diana, Marta",Mujeres guerrilleras," Argentina : Ed. Bookt,2011 ; 450 p. ; 18 cm. ",ISBN : 978-987-580-875-5
926," Emptaz, Erik",La maldición de La Medusa," Argentina : Ed. El Ateneo, 2006 ; 237 p. ; 23 cm. ",ISBN : 950-02-3085-2
927," Fogwill, Rodolfo",Vivir afuera," Argentina : Ed. El Ateneo,2012 ; 397 p. ; 21 cm.",ISBN : 978-950-02-0676-1
928," Fogwill, Rodolfo",Los pichiciegos," Argentina : Ed. El ateneo, 2012 ; 252 p. ; 21 cm.",ISBN : 978-950-02-0663-1
929," Kennedy Toole, John",La conjetura de los necios," España : Ed. ANAGRAMA, 2010 ; 389 p. ; 21 cm.",ISBN : 978-84-339-3014-9
930," Troyat, Henri",La novia eterna de Napoleón," Argentina : Ed. El Ateneo, 2007 ; 204 p. ; 22 cm.",ISBN : 978-950-02-3095-7
931," Eckhart, Tolle",El poder del ahora un camino hacia la realidad espiritual," Argentina : Ed. Grijalbo, 2013 ; 225p. ; 21 cm.",ISBN : 978-950-28-0592-4
932," Vanoyeke, Violaine",Nitocris Princesa de Egipto," Argentina : Ed. El Ateneo, 2008 ; 267 p. ; 23 cm.",ISBN : 978-950-02-0438-5
933," Ruiz Zafón, Carlos",El prisionero del cielo," Argentina : Ed. Planeta, 2011 ; 379 p. ; 22 cm.",ISBN : 978-950-49-2757-0
934," Ruiz Zafón, Carlos",El principe de la niebla," Argentina : Ed. Booket, 2012 ; 230 p. ; 16 cm.",ISBN : 978-987-580-321-3
935," Ruiz Zafón, Carlos",El palacio de la nedianoche," Argentina : Ed. Booket, 2012 ; 340 p. ; 18 cm.",ISBN : 978-987-580-317-6
936," Ruiz Zafón, Carlos",La sombra del viento," Argentina : Ed. Planeta, 2012 ; 575 p. ; 22 cm.",ISBN : 978-950-49-2547-7
937," Ruiz Zafón, Carlos",El juego del ángel," Argentina : Ed. Planeta, 2013 ; 667 p. ; 22 cm.",ISBN : 978-950-49-1899-8
938," Grandes, Almudena",El corazón helado," Argentina : Ed. Tusquets, 2012 ; 1242 p. ; 18 cm,",ISBN : 978-987-1544-29-5
939," Grisham, John",La trampa," Argentina : Ed. DEBILSILLO, 2012 ; 451 p. ; 18 cm.",ISBN : 978-987-566-857-7
940," Grishan, John",Los litigantes," Argentina : Ed. P&J, 2013 ; 493 p. ; 22 cm.",ISBN : 978-950-644-265-1
941," García, Yohana",Francesco una vida entre el cielo y la tierra," España : Ed. OCEANO, 2012 ; 221 P. ; 22 CM.",ISBN: 978-84-494-4804-1
942," Heker, Liliana",El fin de la historia," Argentina : Ed. ALFAGUARA, 2004 ; 286 P. ; 17 CM.",ISBN : 950-11096-77-7
943," Hay, Louise L.",Amatte a ti misma cambiarás tu vida," Argentina : Ed. URANO, 2012 ; 223 p. ; 22 cm.",ISBN : 978-987-28194-1-5
944," Hay, Louise L. y ",Tú puedes crear una vida excepcional," Argentina : Ed. URANO, 2012 ; ",nan
945," King, Stephen",Cementerio de animales," Argentina : Ed. DEBOLSILLO, 2012 ; 483 P. ; 18 CM.",ISBN : 978-987-566-784-6
946," King, Stephen",La milla verde," Argentina : Ed. DEBOLSILLO, 2012 ; 444 P. 19 CM.",ISBN : 987-1138-96-2
947," Katzenbach, John",Un final perfecto," Argentina : Ed. B S.A., 2012 ; 430 p. ; 22 cm.",ISBN : 978-84-666-52193
948," Bolívar Moreno, Gustavo",Sin tetas no hay paraíso," Argentina : Ed. Grijalbo, 2008 ; 248 p. ; 22 cm.",ISBN : 978-950-28-0459-0
949," Mossé, Claude",La conjura de los Pazzi," Argentina : El Ateneo, 2007 ; 331 p. ; 22 cm.",ISBN : 987-950-02-5330-7
950," Mastretta, Angeles",La emoción de las cosas," Argentina : Ed. Seix Barral, 2013 ; 274 p. 22 cm. ",ISBN : 978-950-731-741-5
951," Noel, Alyson",Tentación," Argentina : Ed. Montena, 2012 ; 343 p. ; 21 cm.",ISBN : 978-987-1783-17-5
952," Noel, Alyson",Desafío," Argentina : Ed. Montena, 2012 ; 330 p. ; 21 cm",ISBN : 978-987-1783-32-8
953," Shua, Ana María",Todo sobre las mujeres," Argentina : Ed. Emecé, 2012 ; 356 p. ; 23 cm.",ISBN : 978-950-04-3478-2
954," Piñeiro, Claudia",Las grietas de jara," Argentina : Ed. Punto de lectura, 2012 ; 250 p. ; 18 cm. ",ISBN : 978-987-578-185-6
955," Shua, Ana María",Todo sobre las mujeres," Argentina : Ed. Emecé, 2012 ; 356 p. ; 22 cm.",ISBN : 978-950-04-3478-2
956," Lenz, Lucas",Y la mano del emperador,nan,nan
957," Garzón, Obdulio ",Hurto virtual,"Argentina : Ed. Caranday, 2011 ; 144 p. ; 20 cm.",ISBN : 978-987-26762-0-9
958," Garzón, Obdulio - Villemonte, Silma",Entre Ríos decimonónica,recopilaciones de la Historia entrerriana Siglo XIX, Argentina : Ed.  El Autor. 2010 ; 121 p. ; 20 cm.
959,"Garzón, Obdulio",La isla verde,Trilogía del costumbrismo entrerriano," Argentina : Ed. El Autor,2009 ; 116 p. ; 20 cm."
960," Garzón, Obdulio",Cuentos para chicos no tan chicos," Argentia : Ed. El Autor, 2009 ; 103 p. ; 20 cm.",ISBN : 978-987-05-5896-5
961," Garzón, Obdulio",Pentacuentos Volumen 1," Argentina : Ed. El Autor, 2009 ; il. ; 59 p. ; 20 cm.",ISBN : 978-987-05-6493-5
962," Garzón, Obdulio",Pentacuentos Volumen 2," Argentina : Ed. El Autor, 2009 ; il. ; 43 p. ; 20 cm.",ISBN : 978-987-05-6492-8
963," Garzón, Obdulio",Pentacuentos Volumen 3," Argentina : Ed. El Autor, 2009 ; il. ; 76 p. ; 20 cm.",ISBN : 978-987-05-64971-1
964," Garzón, Obdulio",Pentacuentos Volumen 4," Argentina : Ed. El Autor, 2009 ; il. ; 64 p. ; 20 cm.",ISBN : 978-987-05-6490-4
965," Garzón, Obdulio ",5 Cuentitos," Argentina : Ed. El Autor, 2009 ; il. ; 48 p. ; 20 cm.",ISBN : 978-987-05-7866-6
966," Basch, Adela ","¡Contemos uno, dos, tres y vayamos a 1810!"," Argentina : Ed. ALFAGUARA, 2010 ; il. ; 75 p. ; 19 cm.",ISBN : 978-987-04-1409-4
967," Schujer, Silvia",Un cuento de amor en mayo," Argentina : Ed. ALFAGUARA, 2010 ; il. ; 86 p. ; 19 cm.",ISBN : 978-987-04-1397-4
968," Scalabrini Ortiz, Raúl",La manga," Argentina : Ed. Lancelot, 2009 ; 124 p. ; 18 cm.",ISBN : 978-987-1615-03-2
969," Jauretche, Arturo",Polémicas," Argentina : Ed. Peña Lillo, 2007 ; 15 p. ; 23 cm ",ISBN : 978-950-517-039-5
970," Scalabrini Ortiz, Raúl",Historia de los ferrocarriles Argentinos," Argentina : Ed. Lancelot, 2009 ; 404 p. ; 18 cm.",ISBN : 978-987-22621-8-1
971," Verbitsky, Horacio",El vuelo," Argentina : Ed. Sudemaricana, 2004 ; 249 p. ; 22 cm.",ISBN : 950-07-2474-X
972," Mansilla, Lucio V.",Una excursión a los Indios Ranqueles," Argentina : Ed. Agebe, 2008 ; 403 P. ; 19 cm.",ISBN : 987-20562-0-X
973," Scalabrini Ortiz, Raúl",Política Británica en el Río de La Plata," Argentina : Ed. Lancelot, 2009 ; 339 p. ; 18 cm.",ISBN : 978-987-1615-02-5
974," Smith, Wilbur",Muere el gorrión," Argentina : Ed. Booket, 2011 ; 526 p. ; 18 cm.",ISBN : 978-987-580-434-0
975," Smith, Wilbur",Zorro dorado," Argentina : Ed. Booket,2011 ; 526 p. ; 18 cm.",ISBN : 978-987-580-082-3
976," Stoppello, Julián",Perro preso," Argentina : Ed. Fund. La Hendija, 2010 ; il. ; 153 p. ; 20 cm.",ISBN : 978-987-25720-2-0
977," Stoppello, Julián",Male letra," Argentina : Ed. Fund. La Hendija, 2012 ; 78 p. ; 20 cm.",ISBN : 978-987-1808-36-6
978," Reato, Fabián",La rueda de la fortuna," Argentina : Ed. Fund. La hendija, 2012 ; 183 p. ; 20 cm.",ISBN : 978-987-1808-32-8
979," Reato, Fabián",Esparadrapo," Argentina : Ed. Fund. La Hendija, 2008 ; 199 p. ; 20 cm.",ISBN : 978-987-23931-2-0
980," Cook, Robin",Intervención," Argentina : Ed. Debolsillo, 2012 ; 397 p. ; 18 cm.",ISBN : 978-987-566-822-5
981," Cook, Robin ",Toxina," Argentina : Ed. Debolsillo, 2012 ; 420 p. ; 18 cm.",ISBN : 978-987-566-773-0
982," Larsson, Stieg",Los hombres que no amaban a las mujeres," Argentina : Ed. Booket, 2013 ; 677 p. ; 19 cm.",ISBN : 978-987-580-489-0
983," Larsson, Stieg",La chica que soñaba con una cerilla y un bidón de gasolina," Argentina : Ed. Booket, 2013 ; 772 p. ; 19 cm.",ISBN : 978-987-580-487-6
984," Larsson, Stieg",La reina en el palaciode las corrientes de aire," Argentina : Ed. Booket, 2007 ; 868 p. ; 19 cm.",ISBN : 978-84-233-4329-4
985," García Márquez, Gabriel",Doce cuentos peregrinos," Argentina : Ed. Debolsillo, 2012; 221 p. ; 18 cm.",ISBN : 987-1138-09-1
986," Prry, Anne",Falsa inocencia," Argentina : Ed. B, 2011 ; 383 p. 22 cm.",ISBN :978-84-666-4295-8
987," Menu-Marque, Carlos",Ilustres desconocidos," Argentina :  Ed. La Hendija, 2013 ; il. ; 207 p. ; 20 cm.",ISBN : 978-987-1808-40-3
988," Zancolli, Eduardo R.",el misterio de las coincidencias," Argentina : Ed.Del Nuevo Extremo, 2011 ; 303 p. 19 cm.",ISBN : 978-987-609-111-4
989," Wilde, Oscar",El fantasma de Canterville y otro cuentos," Argentina : Ed. Gradifco, 2007 ; 127 p. ; 18 cm.",ISBN : 978-987-1093-38-0
990," Twain, Mark",Las aventuras de Tom Sawyer," Argentina : Ed. Gradifco, 2007 ; 284 p. ; 18 cm.",ISBN : 978-987-1093-24-3
991," Bordonove, Georges",Las lanzas de Jerudalén," Argentina . Ed. El Ateneo, 2007 ; 302 p. ; 22 cm.",ISBN : 978-950-02-5926-2
992," Connelly, Michael",El último coyote," Argentina : Ed. Roca, 2012 ; 365 p. ; 22 cm.",ISBN : 978-84-9918-620-7
993," Margall, Gabriela",La hija del tirano," Argentina : Ed. Javier Vergara, 2013 ; 396 p. ; 22 cm.",ISBN : 978-950-15-2582-3
994," Katzenbach, John",Un final perfecto," Argentina : Ed. B, 2012 ; 430 P. ; 22 cm.",ISBN : 978-84-666-5219-3
995," Miguens, Silvia",Eliza Brown La hija del Almirante," Argentina : Ed. El Ateneo, 2012 ; 237 p. ; 22 cm.",ISBN : 978-950-02-0671-6
996," Troyat, Henri",La novia eterna de Napoleón," Argentina : Ed. El Ateneo, 2007 ; 204 p. ; 22 cm.",ISBN : 978-950-02-3095-7
997," Vanoyeke, Vilaine",Nitocris princesa de Egipto," Argentina : Ed. El Ateneo, 2008 ; 267 p. ; 22 cm.",ISBN : 978-950-02-0438-5
998," Montes De Oca, Ignacio",Hstoria de la Argentina olvidada 1810-1955," Argentina : Ed. Edhasa, 2011 ; 344 p. ; 22 cm. ",ISBN : 978-987-628-135-6
999, Homero ,La Ilíada," Argentina : Ed. Gradifco, 2008 ; 384 p. ; 19 cm.",ISBN : 978-987-1093-44-1
1000," Dickens, Charles",Oliver Twist," Argentina : Ed. Gradifco, 2008 ; 380 p. ; 19 cm.",ISBN : 978-987-571-079-5
1001," Riani, Jorge",Relicario Crónicas urbana de Paraná," Argentina : Ed. Fundación La Hendija, 2012 ; il. ; 20 cm.",ISBN : 978-987-1808-33-5C
1002," Hammett, Dashiell",Todos los casos de Samm Spade," España : Ed. RBA, 2011 ; 333 p. ; 21 cm.",ISBN : 978-987-1427-26-0
1003, De cervantes Savedra. Miguel,Don Quijote de la Mancha," Argentina : Ed. Gradifco, 2007 ; 765 p. ; 20 cm.",ISBN : 978-987-571-001-6
1004," Larsson, Asa",Sacrificio a Mólex," Argentina : Ed. Seix Barral, 2013 ; 414 p. ; 22 cm.",ISBN : 978-950-731-749-1
1005," Katzenbach, John",Juicio final," Argentina : Ed. Ediciones B, 2010 ; 590 p. ; 19 cm.",ISBN : 978-84-9872-453-0
1006," Doyle, Arthur Conan",El signo de los cuatro," Argentina : Ed. Modelo Para Armar,2010 ; 167 p. ; 13 cm.",ISBN : 978-950-9051-18-8
1007," Doyle, Arthur Conan",Estudio en escarlata," Argentina : Ed. Modelo Para Armar, 2011 ; 186 p. ; 13 cm.",ISBN : 978-950-9051-00-3
1008," Reato, Fabián",El buen samaritamo," Argentina : Ed. Fundación la Hendija, 2009 ; 149 p. ; 20 cm.",ISBN : 978-987-23931-7-5
1009," Sonnenfeld, Kurt",El perseguido," Argentina : Ed. Booket, 2012 ; 388 p. ; 18 cm.",ISBN : 978-987-580-512-5
1010, Allende Isabel,La isla bajo el mar," Argentina : Ed. Debolsillo, 2012 ; 510 p. ; 19 cm.",ISBN : 978-987-566-727-3
1011," Allende, Isabel",De amor y de sombra," Argentina : Ed. Debolsillo, 2013 ; 317 p. ; 18 cm.",ISBN : 987-1138-86-5
1012," Allende, Isabel",El cuaderno de Maya," Argentina : Ed. Debolsillo, 2013 ; 442 p. ; 19 cm.",ISBN : 978-987-566-867-6
1013," King, Stephen",Corazones en la Atlántida," Argentina : Ed. Debolsillo, 2013 ; 689p. ; 18 cm.",ISBN : 987-1138-50-4
1014," Himitian, Evangelina",Francisco el Papa de la gente," Argentina : Ed. Aguilar, 2013 ; 331 p. ; 23 cm.",ISBN : 978-987-04-2926-5
1015," Alvarez Guerrero, Gonzalo / Ferrari, Soledad",Máxima. Una historia real," Argentina : Ed. Sudamericana, 2013 ; 310 p. ; 22 cm.",ISBN : 978-950-07-4242-9
1016,MARY OCHOTECO,nan,nan,nan
1017," Cortázar, Julio - Dunlop, Carol",Los Astronautas de la Cosmopista," Argentina : Ed. Alfaguara, 2011 ; il. ; 432 p. ; 21 cm.",ISBN : 978-987-04-2134-4
1018," Cotázar, Julio",Diario de Andrés Fava," Argentina : Ed. Alfaguara, 2011 ; 110 p. ; 21 cm.",ISBN : 978-987-04-2250-1
1019," Cortázar, Julio",Deshoras," Argentina : Ed. Alfaguara, 2011 ; 196 p. ; 21 cm.",ISBN : 978-987-04-2135-1
1020," Cortázar, Julio",Alguien que anda por ahí," Argentina : Ed. Alfaguara, 2012 ; 230 p. ; 21 cm.",ISBN : 978-987-04-2288-4
1021," Béquer, Gustavo Adolfo",Rimas," Argentina : Ed. Gradifco, 2008 ; 79 p. ; 18 cm.",ISBN : 978-987-1093-08-3
1022," Reverte, Daniela",Aquellos que se aman," Argentina : Ed. Raíz de Dos, 2010 ; 120 p. ; 20 cm.",ISBN : 978-987-24717-3-6
1023," Bonelli, Florencia",Me llaman Artemio Furi 1," Argentina : Ed. Alfaguara, 2012 ; 221 p. ; 21 cm.",ISBN : 978-987-04-2494-9
1024," Ingenieros, José",El hombre mediocre," Argenitna . Ed. Beeme, 2008 ; 189 p. ; 19 cm.",ISBN : 978-987-24256-5-4
1025,"Christie, Agatha",Ocho casos de poirot," Argentina : Ed. Planeta, 2013 ; 172 p. ; 19 cm. ",ISBN : 978-950-49-3140-9
1026," Eco, Humberto",La isla del día de antes," Argentina : Ed. Sudamericana,2013 ; 588 p. ; 18 cm.",nan
1027," Eco, Humberto",Cinco escritos morales," Argentina . Ed. Sudamericana, 2012 ; 138 p. ; 18 cm.",ISBN : 978-950-07-4011-1
1028,Cinco escritos morales," Argentina . Ed. Sudamericana, 2012 ; 138 p. ; 18 cm.",ISBN : 978-950-07-4011-1,nan
1029," Eco, Humberto",Lector in fabula," Argentina : Ed. Sudamericana, 2013 ; 313 p. ; 18 cm.",ISBN : 978-950-07-4020-3
1030, OSHO,Creer en lo imposible antes del desayuno," Argentina : Ed. Sudamericana, 2013 ; 302 p. ; 18 cm.",ISBN : 978-950-07-4139-2
1031, OSHO,Intuición," Argentina : Ed. Sudamericana, 2013 ; 191 p. ; 18 cm.",ISBN : 978-950-07-4147-7
1032," Shua, Ana María",Los amores de Laurita," Argentina : Ed. Planeta, 2006 ; 165 p. ; 22 cm. ",ISBN : 950-49-1574-4
1033," Poe, Edgar Allan",El escarabajo de oro y otros cuentos," Argentina : Ed. Arte Grafico, 2009 ; 143 p. ; 21 cm.",ISBN : 978-987-07-0470-6
1034," Kafka, Franz",La metamorfosis," Argentina : Ed. Beeme, 2008 ; 78 p. ; 19 cm.",ISBN : 978-987-24256-4-7
1035," Baudelaire, Charles",Las flores del mal," Argentina  : Ed.Gradifco, 2007 ; 192 p. ; 18 cm.",ISBN : 978-987-1093-59-5
1036," Gelman, Juan",Incompletamanete," Argentina : Ed. La Página, 2011 ; 74 p. ; 19 cm.",ISBN : 978-987-503-586-7
1037,Incompletamanete," Argentina : Ed. La Página, 2011 ; 74 p. ; 19 cm.",ISBN : 978-987-503-586-7,nan
1038," Gelman, Juan",Salario del impío/Carta a mi madre," Argentina : Ed. La Página, 2011 ; 89 p. ; 19 cm.",ISBN : 978-987-503-584-3
1039," Gelman, Juan",País que fue será," Argentina : Ed. La Página, 2012 ; 86 p. ; 19 cm.",ISBN : 978-987-503-588-1
1040," Gelamn, Juan",dibaxu," Argentina : Ed. La Página, 2011 ; 69 p. ; 19 cm.",ISBN : 978-987-503-585-0
1041, Homero,La Odisea," Argentina : Ed. Gradifco, 2007 ; 384p. ; 18 cm.",ISBN : 978-987-1093-76-5
1042," De Rojas, Fernando",La Celestina," Argentina : Ed. Gradifco, 2007 ; 255 p. ; 18 cm.",ISBN : 978-987-571-022-1
1043," James, Henry",Otra vuelta de tuerca," Argentina : Ed. Ríos de Tinta, 2010 ; 207 p. ; 18 cm.",ISBN : 978-987-1789-16-0
1044," de Laferrere, Gregorio",Las de barranco," Argentina : Ed. Gradifco, 2007 ; 127 p. ; 18 cm.",ISBN : 978-987-571-043-6
1045," García Lorca, Federico",La casa de Bernarda Alba," Argentina : Ed. Gradifco, 2007 ; 95 p. ; 18 cm.",ISBN : 978-987-571-077-1
1046," Whitman, Walt",Canto a mí mismo," Argentina : Ed. Gradifco, 2008 ; 95 p. ; 18 cm.",ISBN : 978-987-1093-50-2
1047," Carroll, Lewis",Alicia en el país de las maravillas," Argentina : Ed. Gradifco, 2007 ; 127 p. ; 18 cm.",ISBN : 978-987-571-037-5
1048," Shakespeare, William",Otelo," Argentina : Ed. Gradifco, 2007 ; 125 p. ; 18 cm.",ISBN : 978-987-1093-57-1
1049," Shakespeare, William",La tempestad," Argentina : Ed. Libertador, 2011 ; 91 p. ; 18 cm.",ISBN : 978-987-1512-53-9
1050," Borges, Jorge Luis",Textos cautivos Obras completas Segunda parte," Argentina : Ed. Sudamericana,2011 ;395 p. ; 19 cm. ",ISBN : 978-950-07-3541-4
1051," Borges, Jorge Luis",Para las seis cuerdas. Elogio de la sombra. El informde Brodie ,"Argentina : Ed. Sudamericana, 2011 ; 193 p. ; 19 cm.",ISBN : 978-950-07-3497-4
1052," Eco, Humberto",Las poéticas de joyce," Argentina : Ed. Sudamericana, 2013 ; 189 p. ; 18 cm.",ISBN : 978-950-07-4188-0
1053," Hurrel, Julio a.; Ulibarri, Emilio a. y Otros",Plantas aromáticas condimenticias," Argentina : Ed.LOLA, 2008 ; il. ; 368 p. ; 19 cm.",ISBN : 978-987-1533-05-3
1054," Burgstaller, José Antonio","700 Hierbas medicinales, sus propiedades terapéuticas"," Argentina : Ed. Lancelot, 2007 ; 222p. ; 19 cm.",ISBN : 978-987-23177-4-4
1055," De Marzi, Valeria",100 plantas argentinas," Argentina . Ed. ALBATROS, 2006 , il. ; 128 p. ; 21 cm.",ISBN : 950-24-1106-6
1056, Manuales JDN,La huerta fácil," Argentina : Ed. JARDIN, 2008 ; il. ; 189 p. ; 24 cm.",ISBN : 978-987-21087-9-3
1057," Walsh, María Elena","Hotel Pioho""s Palace","Argentina : Ed. ALFAGUARA, 2013 ; il. ; 110 p. ; 27 cm.",ISBN : 978-987-04-0174-2
1058," Walsh, María Elena",Canciones para mirar," Argentina : Ed. ALFAGUARA, 2013 ; il. ; 131 p. ; 27 cm.",ISBN : 978-987-04-0182-7
1059," Walsh, María Elena",Doña disparate y Bambuco," Argentina : Ed. ALFAGUARA,2013 ; il. , 78 p. ; 27 cm.",ISBN : 978-987-04-1571-8
1060," Walsh, María Elena",Tutú Marumbá," Argentina : Ed. ALFAGUARA, 2013 ; il. ; 94 p. ; 27 cm.",ISBN : 978-987-04-0176-6
1061," Walsh, María Elena",Versos tradicionales para cebollitas," Argentina : Ed. ALFAGUARA, 2013 ; il. ; 158 p. ; 27 cm.",ISBN : 978-987-04-0170-4
1062,Pagano Mabel,Hombres y mujeres que hicieron historia. Alejandro Magno," Argentina : Ed. ALFAGUARA, 2013 ; il. ; 137 p. ; 22 cm.",ISBN : 978-987-04-2756-8
1063," Willebald, Valeria",Hombres y Mujeres que hicieron historia. Albert Einstein," Argentina : Ed.ALFAGUARA, 2013 ; il. ; 139 ; 22 cm.",ISBN : 978-987-04-2949-4
1064," Re, Ezequie",Tierra de pasiones. Liga de fútbol de paraná campaña, Argentina : Ed.  2013 ; il. ; 280 p. ; 29 cm.,ISBN : 978-987-33-3464-1
1065," Walsh, María Elena",El diablo inglés," Argentina : Ed. ALFAGUARA,2013 ; il. ; 55 p. ; 27 cm.",ISBN : 978-987-04-0172-8
1066, Walsh. María Elena,Chaucha y palito," Argentina : Ed. ALFAGUARA, 2013 ; il. ; 94 p. ; 27 cm.",ISBN : 978-987-04-0175-9
1067," Himitian, Evangelina",Hombres y mujeres que hicieron historia. Papa Francisco," Argentina : Ed. Alfaguara, 2013 ; il. ; 141 p. ; 22 cm.",ISBN : 978-987-04-2951-7
1068," Galeano, Eduardo",Espejos. Una hostoria casi universal," Argentina : Ed. Siglo vientiuno, 2013 ; il. ; 365 p. ; 20 cm.",ISBN : 978-987-629-313-6
1069," Galeano, Eduardo",Patas arriba. La escuela del mundo al revés," Argentina : Ed. Siglo Veintiuno,2013 ; il. ; 365 p. ; 20 cm.",ISBN : 978-987-629-316-7
1070," Walsh, María Elena",Pocopán," Argentina : Ed. ALFAGUARA, 2013 ; il. ; 93 p. ; 27 cm.",ISBN : 978-987-04-0180-3
1071," Galeano, Eduardo",Los hijos de los días," Argentina : Ed. Siglo Veintiuno, 2013 ; il. ; 341 p. ; 20 cm.",ISBN : 978-987-629-317-4
1072," Nieto, Facundo",Lagonautas Lengua 1 Prácticas del lenguaje," Argentina : Ed. Puerto de Palos, 2012 ; il. ; 269 p. ; 27 cm.",ISBN :978-987-547-298-3
1073," Cardona de Rey,Claudia",Lagonautas Ciencias Naturales 1," Argentina : Ed. Puerto de Palos, 2010 ; il. ; 181 p. ; 27 cm.",ISBN :978-987-547-361-4
1074," Tato, María Ines",Lagonautas Historia 2 América y Europa entre los siglos XV y XVII," Argentina : Ed. Puerto de Palos, 2011 ; il. ; 21p. ; 27 cm.",ISBN : 978-987-547-305-8
1075," Ratto, Silvia",Lagonautas Historia 1 desde los primeros hombres hasta el Mundo Feudal,"Argentina : Ed. Puerto de Palos, 2012 ; il. ; 251 p. ; 27 cm.",ISBN : 978-987-547-470-3
1076," Abálsamo, Roxana",Matemática 1 Actividades," Argentina : Ed. Puerto de Palos, 2013 ; il. ; 208 p. ; 27 cm.",ISBN :978-987-547-527-4
1077," Abálsamo, Roxana",Matemática 2 Actividades," Argentina : Ed. Puerto de Palos, 2013 ; il. ; 240 p. ; 27 cm.",ISBN : 978-987-547-528-1
1078," García, Carolina",Lagonautas Geografía 2 El Continente Americano,"Argentina . Ed. Puerto de Palos, 2012 ; il. ; 203 p. ; 27 cm.",ISBN : 978-987-547-306-5
1079, Nik,gaturro superheroe," Argentina : Ed. Sudemaricana, 2012 ; il. ",ISBN: 
1080, Nik,Gaturro y el poder del prima mágico," Argentina : Ed. Sudamericana, 2012 ; il ; 167 p. ; 18 cm.",ISBN : 978-950-07-3963-4
1081, Nik,Gaturro atrapado en mundo gaturro," Argentina : Ed. Sudamericana, 2012 ; il. ; 138 p. ; 18 cm.",ISBN : 978-950-07-3679-4
1082, Nik,Gaturro y el regerso de los zombis," Argentina : Ed. Sudemaricana, 2012 ; il. ; 139 p. ; 18 cm.",ISBN : 978-950-07-3455-4
1083, Nik,Gaturro y la noche de los vampiros," Argentina : Ed. Sudemaricana, 2012 : il. ; 136 p. ; 18 cm.",ISBN : 978-950-07-3257-4
1082, Nik,Gaturro y el regreso de los zombis," Argentina : Ed. Sudamericana, 2012 ; il. ; 139 p. ; 18 cm.",ISBN : 978-950-07-3455-4
1083, Nik,Gaturro y la noche de los vampiros," Argentina : Ed. Sudamericana,2012 ; il. ; 136 p. ; 18 cm.",ISBN : 978-950-07-3257-4
1084, Nik,Gaturro y los piratas del tesoro perdido," Argentina : Ed. Sudamerican, 2012 ; il. ; 121 p. ; 18 cm.",ISBN : 978-950-07-3176-8
1085, Nik,Gaturro y la invasión extraterrestre," Argentina : Ed. Sudamericana, 2012 ; il. ; 117 p. ; 18 cm.",ISBN : 978-950-07-3083-9
1086, Nik,Gaturro y la madición de Tutangatón ," Argentina : Ed. Sudamericana, 2012 ; il. ; 123 p. ; 18 cm.",ISBN : 978-950-07-3001-3
1087, Nik,Gaturro y la mansión del terror," Argentina : Ed. Sudemaricana, 2012 ; il. ; 137 p. ; 18 cm.",ISBN : 978-950-07-2889-8
1088, Nik,Gaturro y el misterio de las cinco Agathas," Argentina : Ed. Sudemericana, 2012 ; il. ; 123 p. ; 18 cm.",ISNM : 978-950-07-2835-5
1089," Galeano, Eduardo",Días y noches de amor y de guerra," Argenitna : Ed. Siglo veintiuno, 2013 ; 209 p. ; 19 cm.",ISBN : 978-987-629-312-9
1090," Walsh, María Elena",La nube traicionera," Argentina : Ed. Afaguara, 2013 ; il. ; 74 p. ; 27 cm.",ISBN :978-987-04-0171-4
1091," Bonifatti, Carina Gabriela",José de San Martín," Argentina : Ed. Alfaguara, 2013 ; il. ; 137 P. ; 22cm.",ISBN : 978-987-04-2950-0
1092," Pagano, Mabel",John Fitzgerald Kennedy," Argentina : Ed. Alfaguara, 2013 ;  il. ; 137 p. ; 22 cm.",ISBN : 978-987-04-2952-4
1093," Galeano, Eduardo",Memoria del fuego I," Argentina : Ed. Siglo Veintiuno, 2013 ; 344 p. ; 19 cm.",ISBN : 978-987-629-319-8
1094," De Rojas, Silvia Cristina",Nelson Mandela," Argentina : Ed. Alfaguara, 2013 ;  il. ; 135 p. ; 22 cm.",ISBN : 978-987-04-2956-2
1095," Galeano, Eduardo",Memoria del fuego III," Argentina : Ed. Siglo Veintiuno, 2013 ; 374 p. ; 19 cm.",ISBN : 978-987-629-322-9
1096," Rivera Quintana, Juan Carlos",Teresa de Calcuta," Argentina : Ed. Alfaguara, 2013 ; il. ;138 p. ; 19 cm.",ISBN : 978-987-04-2953-1
1097, Vázquez María Angeles,Nicolás Maquiavelo," Argentina : Es. Alfaguara, 2013 ;  il. ; 140 p. ; 19 cm.",ISBN : 978-987-04-2954-8
1098," Galeano, Eduardo",Vagamundo y otros relatos," Argentina : Ed. Siglo Veintiuno, 2013 ; 160 p, ; 20 cm.",ISBN : 978-987-629-323-5
1099," Allende, Isabel",Los amantes del guggenheim El oficio de contar," Argentina : Ed. Sudamericana, 2013 ; 45 p. ; 18 cm. ",ISBN : 978-950-07-4440-9
1100," Allende, Isabel",La isla bajo el mar," Argentina : Ed. Sudamericana, 2013 ; 510 p. ; 18 cm.",ISBN : 978-950-07-4441-6
1101," Allende, Isabel",La casa de los espíritus," Argentina : Ed. Sudamericana, 2013 ; 453 p. ; 18 cm.",ISBN : 978-950-07-4439-3
1102, Nik,Gaturro a lo grande 3," Argentina : Ed. Catapulta, 2012 ; il. ; 95 p. ; 27 cm.",ISBN : 978-987-637-173-5
1103, Nik,Gaturro a lo grande 2," Argentina : Ed. Catapulta, 2012 ; il. ; 95 p. ; 27 cm.",ISBN : 978-987-637-172-8
1104, Nik,Gaturro a lo grande," Argentina : Ed. Catapulta, 2012 ; il. ; 90 p. ; 27 cm.",ISBN : 978-987-637-131-5
1105, Nik,Gaturro a lo grande 1," Argentina : Ed. Catapulta, 2012 ; il. ; 94 p. ; 27 cm.",ISBN : 978-987-637-171-1
1106," Binham, Hettie",365 Cuentos Clásicos rimas y otras historias," Argentina : Ed. Distal, 2012 ; il. ; 384 p. ; 24 cm.",ISBN : 978-987-502-327-7
1107," Perrault, Charles",365 cuentos y rimas de animales," Argentina : Ed. Distal, 2012 ; il. ; 384 p. ; 24 cm.",ISBN : 978-987-502-326-0
1108," Allende, Isabel",De amor y de sombra," Argentina : Ed. Sudamericana, 2013 ; 317 p. ; 18 cm.",ISBN : 978-950-07-4445-4
1109," Allende, Isabel",Inés del alma mía," Argentina : Ed. Sudamericana, 2013 ; 349 p. ; 18 cm.",ISBN : 978-950-07-4443-0
1110," Allende, Isabel",Retrato en sepia," Argentina : Ed. Sudamericana, 2013 ; 343 p. ; 18 cm.",ISBN : 978-950-07-4442-3
1111," Allende, Isabel",Eva Luna," Argentina : ED. Sudamericana, 2013 ; 286 p. ; 18 cm.",ISBN : 978-95007-4444-7
1112," Allende, Isabel",Cuentos de Eva Luna," Argentina : Ed. Sudamericana, 978-950-07-4446-1",ISBN : 978-950-07-4446-1
1113," Galeano, Eduardo",Las palabras andantes," Argentina : Ed. Siglo Veintiuno, 2013 ; il. ; 316 p. ; 20 cm.",ISBN : 978-987-629-311-2
1114," Galeano, Eduardo",Bocas del tiempo," Argentina : Ed. Sudamericana, 2013 ; il. ; 347 p. ; 20 cm.",ISBN : 978-987-629-324-2
1115," Beraza, Luis Fernando",Julio César," Argentina : Ed. Alfaguara, 2013 ; il. ; 137 p. ; 19 cm.",ISBN : 978-987-04-2957-9
1116," Berger, Nicolás",Marco polo," Argentina : Ed. Alfaguara, 2013 ; il. ; 136 p. ; 19 cm.",ISBN : 978-987-04-2955-5
1117," Allende, Isabel",Hija de la fortuna," Argentina : Ed. Sudamericana, 2013 ; 438 p. ; 18 cm.",ISBN : 978-950-07-4447-8
1118," Allende, Isabel",Paula," Argentina : Ed. Sudamericana, 2013 ; 366 p. ; 18 cm.",ISVN : 978-950-07-4449-2
1119," Galeano, Eduardo",Nosotros decimos no - Crónicas 1963-1988,"  Argentina : Ed. Siglo Vaintiuno, 2010 ; 397 p. ; 20 cm.",ISBN : 978-987-629-325-6
1120," Allende, Isabel",Mi país inventado," Argentina : Ed. Sudamericana, 2013 ; 219 p. ; 18 cm.",ISBN : 978-950-07-4448-5
1121," Allende, Isabel",El cuaderno de Maya," Argentina : Ed. Sudamericana, 2013 ; 442 ; 18 cm.",ISBN : 978-950-07-4457-7
1122," Allende, Isabel",El Zorro," Argentina : Ed. Sudamericana, 2013 ; 381 p. ; 18 cm.",ISBN : 978-950-07-4456-0
1123," Valdettar, Teresita",Leonardo da Vinci," Argentina : Ed. Alfaguara, 2013 ; il. ; 137 p. ; 22 cm.",ISBN :  978-987-04-2960-9
1124," Triviño, Consuelo",Miguel de Cervantes," Argentina : Ed- Algaguara, 2013 ; il. ; 22 cm.",ISBN : 978-987-04-2959-3
1125," Tosi, Carolina",Abrahan Lincoln," Argentina : Ed. Alfaguara, 2014 ; il. ; 22 cm.",ISBN : 978-987-04-2965-4
1126," Fontanarrosa, Roberto",Best Seller  Novela," Argentina : Ed. Planeta, 2013 ; 254 p. 20 cm.",ISBN : 978-950-49-3671-8
1127," Fontanarrosa, Roberto",No sé si he sido claro y otros cuentos," Argentina : Ed. Planta, 2013 ; 258 p. ; 20 cm.",ISBN : 978-950-49-3670-1
1128," Allende, Isabel",La ciudad de las bestias," Argentina : Ed. Sudamericana, 2013 ; 294 p. ; 18 cm. ",ISBN : 978-950-07-4451-5
1129,"  Galeano, Eduardo",Ser como ellos y otros artículos," Argentina : Ed. Siglo Veintiuno, 2010 ; 110 p. ; 20 cm.",ISBN : 978-987-629-320-4
1130," Allende, Isabel",El plan infinito," Argentina : Ed. Sudamericana, 2013 ; 410 p. ; 18 cm.",ISBN : 978-950-07-4450-8
1131," Maldonado Helbusch, Gustavo",Napoleón Bonaparte," Argentina  Ed. Alfaguara, 2013 ; il. ; 135 p. ; 22 cm.",ISBN : 978-987-04-2961-6
1132," Galeano, Eduardo",La canción de nosotros," Argentina : Ed. Siglo Veintiuno, 2013 ; 196 p. ; 20 cm.",ISBN : 978-987-629-318-1
1133," Fontanarrosa, Roberto",Te digo más y otros cuentos," Argentina : Ed. Planeta, 2013 ; 299 p. ; 20 cm.",ISVB : 978-950-49-3671-2
1134," Fontanarrosa, Roberto",El mayor de mis defectos y otros cuentos," Argentina : Ed. Planeta, 2013 ; 276 p. ; 20 cm.",ISBN : 978-950-49-3675-6
1135," Fontanarrosa, Roberto",Nada del otro mundo," Argentina : Ed. Plante, 2013 ; 260 p. ; 20 cm.",ISBN : 978-950-49-3672-5
1136," Fontanarrosa, Roberto","""La gansada"" Novela"," Argentina : Ed. Planeta, 2013 ; 313 p. ; 20 cm.",ISBN :978-950-49-3668-8
1137," Fontanarrosa, Roberto",Una lección de vida y otros cuentos," Argentina : Ed. Planeta, 2013 ; 319 p. ; 20 cm.",ISBN : 978-950-49-3676-3
1138," Allende, Isabel",Afrodita," Argentina : Ed. Sudamerica, 2014 ; il, ; 323 p. ; 18 cm.",ISBN : 978-950-07-4455-3
1139," Allende, Isabel",La suma de los días," Argentina : Ed. Sudamericana, 2014 ; 363 p. ; 18 cm.",ISBN : 978-950-07-4454-6
1140," Allende, Isabel",El bosque de los pigmeoas," Argentina : Ed. Sudamericana, 2013 ; 220 p. ; 18 cm.",ISBN : 978-950-07-4459-9
1141," Allende, Isabel",El reino del dragón de oro," Argentina : Ed. Sudamericana, 2013 ; 325 p. ; 18 cm.",ISBN : 978-950-07-4452-2
1142," Motta, Sandra",Isaac Newton," Argentina : Ed. Alfaguara, 2014 ; il. ; 136 p. ; 22 cm.",ISBN : 978-987-04-2964-7
1143," Musa, Marcelo Néstor",Carlomagno," Argentina : Ed. Alfaguara, 2014; il. ; 137 p. ; 22 cm.",ISBN : 978-987-04-2963-0
1144," Diana, Paris",Juana de Arco," Argentina : Ed. Alfaguara, 2014 ; il. ; 136 p. ; 22 cm.",ISBN : 978-987-04-2963-3
1145," Fontanarrosa, Roberto",Inodoro Pereyra el renegau 01-02," Argentina : Ed. Planeta, 2014 ; il. ; 28 p. ; 14 cm.",ISBN : 978-950-49-3797-5
1146," Fontanarrosa, Roberto",Inodoro Pereyra el renegau 03-04," Argentina : Ed. Planeta, 2014 ; il. ; 240 p. ; 14 cm.",ISBN : 978-950-493796-2
1147," Fontanarrosa, Roberto",Inodoro Pereyra el renegau 05-06," Argentina : Ed. Planeta, 2014 ; il. ; 240 p. ; 14 cm.",ISBN : 978-950-49-3799-9
1148," Fontanarrosa, Roberto",Inodoro Pereyra el renegau 07-08," Argentina : Ed. Planeta, 2014 ; il, 240 p. ; 14 cm.",ISBN : 978-950-49-3800-2
1149," Fontanarrosa, Roberto",Inodoro Pereyra el renegao 09-10," Argentina : Ed. Planta, 2014 ; il. ; 240 p. ; 14 cm.",ISBN : 978-950-49-3801-9
1150," Fontanarrosa, Roberto",Inodoro Pereyra el renegao 11-12," Argentina ; ed. Plante, 2014 ; il. ; 240 p. ; 14 cm.",ISBN : 978-950-49-3802-6
1151," Fontanarrosa, Roberto",Los trenes matan a los autos y otros cuentos," Argenbtina : Ed. Planteta, 2013  ; 124 p. ; 20 cm. ",ISBN : 978-950-49-3678-7
1152," Fontanarrosa, Roberto",Uno munca sabe y otros cuentos," Argentina : Ed. Plante, 2013 ; 348 p. ; 20 cm.",ISBN : 978-950-49-3694-9
1153," Fontanarrosa, Roberto",Puro fútbol Todos sus cuentos de fútbol," Argentina : Ed. Planta, 2013 ; 217 p. ; 20 cm.",ISBN : 978-950-49-3677-0
1154," Fontanarrosa, Roberto",El mundo ha vivido equivocado y otros cuentos," Argentina : Ed. Planeta, 2013 ; 260 p. ; 20 cm.",ISBN : 978-950-49-3669-5
1155," Fontanarrosa, Roberto",La mesa de los galanes y otros cuentos," Argentina : Ed. Planeta,2013 ; 299 p. ; 20 cm.",ISBN : 978-950-49-366-4
1156," Roberts, Nora",Colinas negras," Argentina : Ed. Sudamericana, 2014 ; 509 p. ; 18 cm.",ISBN : 978-950-07-4629-8
1157," Roberts, Nora",Album de boda," Argentina : Ed. Sudamericana, 2014 ; 351 p. ; 18 cm. ",ISBN : 978-950-07-4628-1
1158," Roberts, Nora",Rosas sin espinas," Argentina : Ed. Sudamericana, 2014 ; 366 p. ; 18 cm.",ISBN : 978-950-07-4630-4
1159," Roberts, Nora",La esperanza perfecta," Argentina : Ed. Sudamericana, 2014 ; 367 p. ; 18 cm.",nan
1160," Roberts, Nora",Para siempre," Argentina : Ed. Sudamericana, 2014 ; 361 p. ; 18 cm.",ISBN : 978-950-07-4638-0
1161," Roberts, Nora",A medianoche," Argentina : Ed. Sudamericana, 2014 ; 367 p. ; 18 cm.",ISBN : 978-950-07-4639-7
1162," Roberts, Nora",nan,"  Argentina : Ed. Sudamericana, 2014",ISBN : 
1163," Roberts, Nora",Llamaradas," Argentina : Ed. Sudamericana, 2014 ; 506 p. ; 18 cm.",ISBN : 978-950-07-4637-3
1164," Roberts, Nora",nan," Argentina : Ed. Sudemaricana, 2014",ISBN : 
1165," Roberts, Nora",Emboscada," Argentina : Ed. Sudamericana, 2014 ; 625 p. ; 18 cm.",ISBN : 978-950-07-4635-9
1166," Roberts, Nora",Sabor a ti," Argentina : Ed. Sudamericana, 2014 ; 367 p. ; 18 cm.",ISBN : 978-950-07-4632-8
1167," Roberts, Nora",Admiración," Argentina : Ed. Sudamericana, 2014 ; 519 p. ; 18 cm.",ISBN : 978-950-07-4633-5
1168," Allende, Isabel",Amor," Argentina : Ed. Sudamericana, 2014 ; 231 p. ; 18 cm.",ISBN : 978-950-07-4458-4
1169," Valdetarro, Teresita",Sigmund Freud," Argentina : Ed. Alfaguara, 2013 ; il. ; 135 p. ; 22 cm.",ISBN : 978-987-04-2976-0
1170," Lesser, Ricardo",Karl Mark," Argentina : Ed. Alfaguara, 2104 ; il. ; 125 p. ; 22 cm.",ISBN : 978-987-04-2999-9
1171," Morilla, Cristian",Entre Ríos: belleza y encanto de una provincia verde," Argentina : Ed. Cristian Morilla, 2013 ; il. ; 336 p. ; 30 cm.", ISBN : 978-987-33-4176-2
1172,"Kate, Lauren",Oscuros ," Argentina : Ed. Sudamericana, 2013 ; 413 p. ; 18 cm.",ISBN : 978-950-07-4606-9
1173," Kate, Luaren",Oscuros El poder de las sombras," Argentina : Ed. Sudamericana, 2014 ; 428 p. ; 18 cm.",ISBN : 978-950-07-4607-6
1174," Kate, Lauren",Oscuros La trampa del amor," Argentina : Ed. Sudamericana, 2014 ; 376 p. ; 18 cm.",ISBN : 978-950-07-4608-3
1175," Kate, Lauren",Oscuros La primera maldición," Argentina : Ed. Sudamericana, 2014 ; 388 p. ; 18 cm.",ISBN : 978-950-07-4610-6
1176," Alyson, Noel",Destino," Argentina : Ed. Sudamericana, 2014 ; 363 p. ; 18 cm.",ISBN : 978-950-07-4605-2
1177," Alyson, Noel",Tinieblas," Argentina : Ed. Sudamericana, 2013 ; 398 p. ; 18 cm.",ISBN : 978-950-07-4602-1
1178," Alyson, Noel",Espejismos," Argentina : Ed. Sudamericana, 2013 ; 363 p. ; 18 cm.",ISBN : 978-950-07-4601-4
1179," Alyson, Noel",Tentación," Argentina : Ed. Sudamericana, 2014 ; 345 p. ; 18 cm.",ISBN : 978-950-07-4603-8
1180," Alyson, Noel",Desafío," Argentina : Ed. Sudamericana, 2014 ; 331 p. ; 18 cm.",ISBN : 978-950-07-4604-5
1181," Alyson, Noel",Eternidad," Argentina : Ed. Sudemaricana, 2013 ; 373 p. ; 18 cm.",ISBN : 978-950-07-4600-7
1182," Kate, Lauren",La eternidad y un dia," Argentina : Ed. Sudamericana, 2014 ; 176 p. ; 18 cm.",ISBN : 978-950-07-4609-0
1183," Gray, Claudia", Adicción," Argentina : Ed. Sudamericana, 2013 ; 343 p. ; 18 cm.",ISBN :978-950-07-4596-3
1184," Gray, Claudia",Despedida," Argentina : Ed. Sudamericana, 2013 ; 334 p. ; 18 cm.",ISBN : 978-950-07-4597-0
1185," Grey, Claudia",Renacer," Argentina : Ed. Sudamericana, 2013 ; 380 p. ; 18 cm.",ISBN : 978-950-07-4598-7
1186," Grey, Claudia",Balthazar," Argentina : Ed. Sudemaricana, 2013 ; 364 p. ; 18 cm.",ISBN : 978-950-07-4599-4
1187," Gray, Claudia",Medianoche," Argentina : Ed. Sudamericana, 2013 ; 359 p. ; 18 cm.",ISBN : 978-950-4595-6
1188," Vladimir Diaconu, Alina",Buda," Argentina : Ed. Alfaguara, 2014 ; il. ; 134 p. ; 22 cm. ",ISBN : 978-987-04-2967-8
1189," Fontanarrosa, Roberto",Inodoro Pereyra 15-16," Argentina : Ed. Planeta, 2014 ; il. ; 240 p. ;  15 cm.",ISBN : 978-950-49-3804-0
1190," Fontanarrosa, Roberto",Inodoro Pereyra 13-14," Argentina : Ed. Planeta, 2014 ; il. ; 240 p. ; 15 cm.",ISBN : 978-950-49-3803-3
1191," Fontanarrosa, Roberto",Inodoro Pereyra 18-18," Argentina : Ed. Planeta, 2014 ; il. ; 240 p. ; 15 cm.",ISBN : 978-950-49-3805-7
1192," Tolkien, John Ronald Reuen",Roverandom," Argentina . Ed. Minotauro, 2014 ; il. ; 76 p. ; 20 cm.",ISBN : 978-950-547-168-3
1193," Tolkien, John Ronald Reuen",Los hijos de Hurin," Argentina : Ed. Minotauro, 2014 ; il. ; 275 p. : 20 cm.",ISBN : 978-950-547-167-6
1194," Tolkien, John Ronald Reuen",El Silmarillion," Argentina : Ed. Minotauro, 2014 ; 432 p, ; 20 cm.",ISBN : 978-950-547-166-9
1195," Roberts, Nora",Aurora Boreal," Argentina : Ed. Sudamericana, 2014 ; 495 p. ; 18 cm. ",ISBN : 978-950-07-4642-7
1196," Tolkien, John Ronald Reuen",El señor de los anillos el retorno del rey," Argentina : Ed. Minotauro,2014 ; 603 p. ; 20 cm.",ISBN : 978-950-547-164-5
1197," Roberts, Nora",Sola ante el peligro," Argentina : Ed. Sudamericana, 2014 ; 557 p. ; 18 cm.",ISBN : 978-950-07-4643-4
1198," Roberts, Nora",Jugando con fuego," Argentina : Ed. Sudamericana,2014 ; 520 p. ; 18 cm.",ISBN : 978-950-07-4641-3
1199, Nik,Los clásicos de Gaturro,D'Artagat y los tres mosqueteros ," Argentina : Ed. Sudamericana, 2014 ; il. ; 31 p. ; 24 cm."
1200, Nik,Los clásicos de Gaturro,Sandokat," Argentina : Ed. Sudamericana, 2014 ; il. ; 31 p. ; 24 cm."
1201, Nik,Los Clásicos de Gaturro,Gatock holmes," Argentina : Ed. Sudamericana, 2014 ; il. ; 31 p. ; 24 cm."
1202, Nik,Los clásicos de Gaturro,Las aventuras de gatulises," Argentina : Ed. Sudamericana, 2014 ; il. ; 31 p. ; 24 cm."
1203," Fontanarrosa, Roberto",Fontanarrosa y el fútbol Fontanarrosa de penal," Argentina : Ed. Planeta, 2014 ; il. ; 224 p. ; 14 cm.",ISBN : 978-950-49-3924-5
1204," Fontanarrosa, Roberto",Inodoro Pereyra el renegau 23-24," Argentina : Ed. Planes, 2014 ; il. ; 224 p. ; 14 cm.",ISBN : 978-950-49-3808-8
1205," Fontanarrosa, Roberto",El sexo de Fontanarrosa el segundo sexo de Fontanarrosa," Argentina : Ed. Planeta, 2014 ; il. ; 200 p. ; 14 cm.",ISBN : 978-950-49-3925-2
1206," Fontanarrosa, Roberto",Fontanarrosa contra la cultura los clásicos según Fontanarrosa," Argentina : Ed. Planeta, 2014 ; il. ; 264 p. ; 14 cm.",ISBN : 978-950-49-3923-8
1207," Fontanarrosa, Roberto",Inodoro Pereyra el renegau 19-20," Argentina . Ed. Planeta, 2014 ; il. ; 240 p. ; 14 cm.",ISBN : 978-950-49-3806-4
1208," Fontanarrosa, Roberto",Inodoro Pereyra el renegau 21-22," Argentina : Ed. Planeta, 2014 ; il. ; 240 p. ; 14 cm.",ISBN : 978-950-49-3807-1
1209," Rivera Quintana, Juan Carlos",Cristóbal Colón," Argentina : Ed. Alfaguara, 2014 ; il. ; 129 p. ; 22 cm.",ISBN : 978-987-04-2969-2
1210," Sosa, Ricardo Omar",Wolfgang a. Mozart," Argentina : Ed. Alfaguara, 2013 ; il. ; 131 p. ; 22 cm.",ISBN : 978-987-04-2968-5
1211," Miguens, Silvia",Marie Curie," Argentina : Ed. Alfaguara, 2013 ; il. ; 137 p. ; 22 cm.",ISBN : 978-987-04-2971-5
1212," Tolkien, John Ronald Reuen",El hobbit," Argentina : Ed. Minotauro,2014 ; 285 p. ; 20 cm.",ISBN : 978-950-547-159-1
1213," Tolkien, Jhn Ronald Reuen",Cuentos inconclusos de númeror la tierra media Parte 1," Argentia : Ed. Minotauro, 2014 ; 350 p. ; 20 cm.",ISBN : 978-950-547-173-7
1214," Tolkien, John Ronald Reuen",El señor de los anillos  II Las dos torres," Argentina . Ed. Minotauro, 2014 ; 476 p. ; 20 cm.",ISBN : 978-950-547-162-1
1215," Tolkien, John Ronald Reuen",Cuentos desde el reino peligroso II," Argentina : Ed. Minotauro, 2014 ; il. ; 324 p.20 cm.",ISBN : 978-950-547-169-0
1216," Roberts, Nora",Cita con el pasado," Argentina : Ed. Sudamericana, 2014 ; 477 p. ; 18 cm.",ISBN :978-950-07-4647-2
1217," Roberts, Nora",El secreto de una dama," Argentina : Ed. Sudamericana, 2014 ; 557 p. ; 18 cm.",ISBN : 978-950-07-4644-1
1218," Roberts, Nora",Un sueño atrevido," Argentina . Ed. Sudamericana, 2014 ; 426 p. ; 18 cm.",ISBN : 978-950-07-4645-8
1219," Roberts, Nora",El santuario," Argentina : Ed. Sudamericana,2014 ; 526 p. ; 18 cm.",ISBN : 978-950-07-4645-5
1220," Balbiano, Alejandro Jose",Charles Darwin," Argentina : Ed. Alfaguara, 2014 ; il. ; 138 p. ; 22 cm.",ISBN : 978-987-04-2975-3
1221," Roberts, Nora",Dalia azul," Argentina : Ed. Sudamericana,2014 ; 382 p. ; 18 cm.",ISBN : 978-950-07-4807-0
1222," Roberts, Nora",Lirio rojo," Argentina : Ed. Sudamericana, 2014; 363 p. ; 18 cm.",ISBN : 978-950-07-4809-4
1223," Roberts, Nora",Rosa negra," Argentina : Ed. Suidamericana, 2014 ; 383 p. ; 18 cm.",ISBN : 978-950-07-4808-7
1224," Roberts, Nora",Valle de sombras," Argentina : Ed. Sudamericana, 2014 ;  587 p. ; 18 cm.",ISBN : 978-950-07-4810-0
1225," Tolkien, John Ronald Reuen ",Cuentos inconclusos de númeror y la tierra II," Argentina : Ed.Minitauro, 2014 ; 202 p. ; 20 cm.",ISBN : 978-950-547-174-4
1226," Fontanarrosa, Robert",Fontanarrosa y la inseguridad Fontanarrosa y la política," Argentina : Ed. Planeta, 2014 ; il. ; 208 p. ; 14 cm.",ISBN : 978-950-49-3928-3
1227," Fontanarrosa, Roberto",¿Quién es Fontanarrosa?," Argentina : Ed. Planeta, 2014 ; il. ; 200 p. ; 14 cm.",ISBN : 978-950-49-3927-6
1228," Fontanarrosa, Roberto",Fontanarrosa y la pareja Fontanarrosa y los médicos," Argentina : Ed. Planes, 2014 , il. ; 208 p. ; 14 cm.",ISBN : 978-950-49-3926-9
1229, Nik,Los clásicos de Gaturro,La isla del tesoro," Argentina : Ed. Sudamericana, 2014 ; il ; 31 p. ; 24 cm."
1230, Nik,Los clásicos de Gaturro,Gaturromeo y Julieta," Argentina : Ed. Sudamericana, 2014 ; il. ; 31 p. ; 24 cm."
1231, Nik,Los clásicos de Gaturro,Gatinson Crusoe," Argentina : Ed. Sudamericana, 2014 ; il. ; 31 p. ; 24 cm.  "
1232, Nik,Los clásicos de Gaturro,Gaturrenstein," Argentina : Ed. Sudamericana, 2014 , il. ; 31 p. ; 24 cm."
1233," Echeverría, Daniela",Winston Churchill," Argentina : Ed. Alfaguara, 2013 ; il. ; 138 p. ; 22 cm.",ISBN : 978-987-04-2970-8
1234," Pérgola, Laura Andres",Martín Luther King," Argentina : Ed. Alfaguara, 2014 ; il. ; 138 p.; 22 cm.",ISBN : 978-987-04-2958-6
1235, Nik,Losclásicos de gaturro - El rey gaturro," Argentina : Ed- sudamericana, 2004 ; il. ; 31 p. ; 25 cm.",ISBN : 978-950-07-4686-1
1236, Nik,Los clásicos de gaturro - El fantasma de gaterville," Argentina : Ed. Sudamericana, 2014 ; il. ; 31 p. ; 25 cm.",ISBN : 978-950-07-4684-7
1237," Fontanarrosa, Roberto",Fontanarrosa el fútbol es sagrado," Argentina : Ed. Planeta, 2014 ; il. ; 120 p. ; 14 cm.",ISBN : 978-950-49-3929-0
1238," Roberts, Nora",La testigo," Argentina : Ed. Sudamericana, 2014 ; 508 p. ; 18 cm.",ISBN : 978-950-07-4814-8
1239," Roberts, Nora",Compartir un sueño," Argentina : Ed. Sudamericana, 2014 ; 398 p. ; 18 cm.",ISBN : 978-950-07-4811-7
1240," Roberts, Nora",En busca de un sueño," Argentina : Ed. Sudamericana, 2014 ; 399 p. ; 18 vm.",ISBN : 978-950-07-4812-4
1241," Orwell, George",Rebelión en la granja," Argentina : Ed. Cántaro, 2013 ; 156 p. ; 18 cm. ; ",ISBN : 978-950-753-253-5
1242," Lacan, Jacques",Escritos 1," Argentina : Ed. Siglo Veintiuno, 2014 ; 220 p. ; 22 cm.",ISBN : 978-987-629-393-8
1243," Foucault, Michel",Historia de la sexualidad," Argentina : Ed. Siglo Veintiuno, 2014 ; 152 p. ; 22 cm.",ISBN : 978-987-629-381-5
1244," Barthes, Roland",Fragmentos de un discurso amoroso," Argentina : Ed. Siglo Veintiuno, 2014 ; 294 p. ; 22 cm.",ISBN : 978-987-629-374-7
1245," Todorov, Tzvetan",La conquista de América," Argentina : Ed. Siglo Veintiuno, 2014 ; 319 p. ; 22 cm.",ISBN : 978-987-629-382-2
1246," Barthes, Roland",Mitologías," Argentina : Ed. Siglo Veintiuno, 2014 ; 256 p. ; 22 cm.",ISBN : 978-987-629-385-3
1247," Freire, Paulo",Cartas a quien pretende enseñar," Argentina : Ed. Siglo Veintiuno, 2014 ; 151 p. ; 22 cm.",ISBN : 978-987-629-384-6
1248," Bourdieu, Pierre - Passeron, Jean-Claude",Los herderos," Argentina : Ed. Siglo Veintiuno, 2014 ; 189 p. ; 22 cm.-",ISBN :978-987-629-383-9
1249," Foucault, Michel",Las palabras y las cosas," Argentina : Ed. Sudamericana, 2014 ; 398 p. ; 22 cm.",ISBN : 978-987-629-412-6
1250," Bourdieu, Pierre",Las estrategias de la reproducción social," Argentina : Ed. Siglo Veintiuno, 2014 ; 224p. ; 22 cm.",ISBN : 978-987-629-413-3
1251," Bourdieu, Pierre",El Sentido social del gusto," Argentina : Ed. Siglo Veintiuno, 2014 ; 282 p. ; 22 cm.",ISBN : 978-987-629-380-8
1252," Gramsci, Antonio",Atoligía Volumen 1," Argentina : Ed. Siglo Veintiuno, 2014 ; 208 p. ; 22 cm.",ISBN : 978-987-629-414-0
1253," Artundo, Patricia M., Battiti, Florencia",Xul Solar  - Pintores Argentinos," Argentina : Ed. Aguilar, 2014 ; il. ; 32 p. ; 30 cm.",ISBN : 978-987-04-3479-5
1254," Giunta, Andrea",Antonio Verni  - Pintores Argentinos," Argentina : Ed. Aguilar, 2014 ; il. ; 32 p. ; 30 cm.",ISBN : 978-987-04-3532-7
1255," Battiti, Florencia",Benito Quinquela Martín - Pintores Argentinos,"Argentina : Ed. Aguilar, 2014 ; il. ; 32 p. ; 30 cm.",ISBN : 978-987-04-3478-8
1256," Stowe, Harriet Beecher",La cabaña del tío Tom,"Ecuador : Ed. Libresa, 2010 ; il. ; 62 p. ; 20 cm.",ISBN : 978-9978-49-064-8
1257,La cabaña del tío Tom,"Ecuador : Ed. Libresa, 2010 ; il. ; 62 p. ; 20 cm.",ISBN : 978-9978-49-064-8,nan
1258," Sheldon, Sidney",La conspiración del Juicio Final,nan," Argentina : Ed. Emecé, 2014 ; 332 p. ; 19 cm."
1259," Sheldon, Sidney",Más Allá de la medianoche," Argentina : Ed. Emecé, 2014 ; 382 p. ; 19 cm.",ISBN : 978-950-04-3610-6
1260,"  Sheldon, Sidney",El precio de la intriga," Argentina : Ed. Emecé, 2014 ; 478 p. ; 19 cm.",ISBN : 978-950-04-3609-0
1261," Sheldon, Sidney",Cuéntame tus sueños," Argentina : Ed. Emecé, 2014 ; 292 p. ; 19 cm.",ISBN : 978-950-04-3612-0
1262," Sabato, Ernesto",Antes del fin," Argentina . Ed. Seix Barra, 2011 ; 173 p. ; 20 cm.",ISBN : 978-950-731-686-9
1263," Sabato, Ernesto",Abaddón el exterminador parte 1," Argentina : Ed. Seix Barral, 2011 ; 216 p. ; 20 cm.",ISBN : 978-950-731-687-6
1264," Sabato, Ernesto",Abddón el ezterminador parte 2," Argentina : Ed. Seix Barral, 2011 ; 430 p. ; 20 cm. ",ISBN : 978-950-731-688-3
1265," Sabato, Ernesto",Informe sobre ciegos," Argentina : Ed. Seix Barral, 2011 ; 230 p. ; 20 cm.",ISBN : 978-950-731-691-3
1266," Rafols, Josep María - Riera, Lluis",La Primera Guerra Mundial cumple 100 años,El inicio de la guerra 2," Argentina : Ed. Luppa, 2014 ; il. ; 48 p. ; 23 cm."
1267," Rafols, Josep María - Riera Lluis",La Primera Guerra Mundial cumple 100 años,Los antecedentes 1," Argentina : Ed. Luppa, 2014 ; il. ; 47 p. ; 23 cm."
1268," Rafols, Josep María - Riera, Lluis",La Primera Guerra Mundial cumple 100 años,La guerra en el aire 6,"Argentina : Ed. Luppa, 2014 ; il. ; 48 ; 23 cm."
1269,"  Rafols, Josep María - Riera, Lluis",La Primera Guerra Mundial cumple 100 años,La gran ofensiva 5,"Argentina : Ed. Luppa, 2014 ; il. ; 48 p. ; 23 cm."
1270,"  Rafols, Josep María - Riera, Lluis",La Primera Guerra Mundial cumple 100 años,A bayoneta calada 4," Argentina : Ed. Luppa, 2014 ; il. ; 48 p. ; 23 cm."
1271," Rafols, Josep María - Riera, Lluis",La Primera Guerra Guerra Mundial cumple100 años,El frente se estabiliza 3," Argentina : Ed. Luppa, 2014 ; il. ; 48 p. ; 23 cm."
1272," Rafols, Josep María - Riera, Lluis",La Primera Guerra Mundial cumple 100 años,Leyendas y espías 8," Argentina : Ed. Luppa, 2014 ; il. ; 48 p. ; 23 cm."
1273, Anónimo,Alí Babá y los cuarenta ladrones," Argentina : Ed. Cántaro, 2014 ; il. ; 140 p. ; 18 cm.",ISBN : 978-950-753-055-5
1274," Roberts, Nora",La casa en la playa," Argentina : Ed. Sudamericana, 2014 ; 526 p. ; 18 cm.",ISBN : 978-950-07-4815-5
1275, Nik,Los clásicos de gaturro - GatuDrácula," Argentina : Ed. Sudamericana, 2014 ; il. ; 31 p. ; 24 cm.",ISBN : 978-950-07-4690-8
1276," Sheldon, Sidney",Escrito en las estrellas," Argentina : Ed. Emecé, 2014 ; 339 p. ; 19 cm.",ISBN : 978-950-04-3613-7
1277," Sabato, Ernesto",Sobre héroes y tubas," Argentina : Ed. Seix Barral, 2011 ; 485 p. ; 20 cm. ",ISBN : 978-950-731-685-2
1278," Gramsci, Antonio",Antología  - Volumen 1," Argentina : Ed. Siglo Veintiuno, 2014 ; 208p. ; 22 cm. ",ISBN : 978-987-629-414-0
1279," Ghramsci, Antonio",Antología - Volumen 2," Argentina : Ed. Siglo Veintiuno, 2014 ; 520 p. ; 22 cm.",ISBN : 978-987-629-421-8
1280," Stacco, Alicia",Nerón," Argentina : Ed. Alfaguara, 2013 ; il. ; 134 p. ; 23 cm.",ISBN :978-987-04-2979-1
1281," Roberts, Nora",Tesoros ocultos," Argentina . Ed. Sudamericana, 2014 ; 572 p. ; 18 cm.",ISBN : 978-950-07-4813-1
1282," Roberts, Nora",Un secreto a voces," Argentina : Ed. Sudamericana, 2014 ; 602 p. ; 18 cm.",ISBN : 978-950-07-4816-2
1283," Rafols, Josep María - Riera, Lluis",La Primera Guerra Mundial cumple 100 años,Malestar en el frenta,"  Argentina . Ed. Luppa,2014 ; il. ; 48 p. ; 23 cm. "
1284," Sheldon, Sidney",La arenas del tiempo," Argentina : Ed. Emecé, 2014 ; 333p. ; 19 cm.",ISBN : 978-950-04-3614-4
1285," De Rojas, Silvia Cristina",Galileo Galilei," Argentina : Ed. Alfaguara, 2016 ; il. ; 137 p. ; 23 cm.",ISBN : 978-987-04-2991-3
1286," Pacheco, Marcelo",Fernando Fader  - Pintores Argentinos," Argentina : Ed. Aguilar, 2014 ; il. ; 32 p. ; 30 cm.",ISBN : 978-987-04-3533-4
1287, Nik,"20,000 leguas de viaje submarino - Clásicos de gaturro"," Argentina : Ed. Sudamericana, 2014 ; il. ; 31 p. ; 24 cm.",ISBN : 978-950-07-4685-4
1288," Dorfman, Ariel - Mattelart, Armand",Para leer al pato Donald Comunicación de masa y colonialismo," Argentina : Ed. Siglo Veintiuno, 2009 ; il. ; 179 p. ; 22 cm.",ISBN : 978-987-629-415-7
1289," Sheldon, Sidney","Mañana, Tarde y noche"," Argentina : Ed. Emecé, 2014 ; 270 p. ; 19 cm.",ISBN : 978-950-04-3615-1
1290," Piaget, Jean",La Psicología de la inteligencia," Argentina . Ed. Siglo Veintiuno, 2013 ; 219 p. ; 22 cm.",ISBN : 978-987-629-416-4
1291," Sabato, Ernesto",El túnel," Argentina : Ed. Seix Barral, 2011 ; 143 p. ; 20 cm.",ISBN : 978-950-731-689-0
1292," Rafols, Josep María - Riera, Lluis",La Primera Guerra Mundial cumple 100 años,La revolución rusa," Argentina : Ed. Luppa, 2014 ; il. ; 48 p. ; 23 cm."
1293," Roberts, Nora",La fuerza de la pasión," Argentina : Ed. Sudamericana, 2014 ; 638 p. ; 18 cm.",ISBN : 978-950-07-4900-8
1294," Roberts, Nora",Atrapada," Argentina : Ed. Sudamericana, 2014 ; 286 p. ; 18 cm.",ISBN : 978-950-07-4899-5
1295, Nik,Gatarzan - los clásicos de gaturro," Argentina : Ed. Sudamericana, 2014 ; il. ; 31 p. ; 24 cm.",ISBN : 978-950-07-4689-2
1296," Rafols, Josep María - Riera, Lluis",La Primera Guerra Mundial cumple 100 años,La guerra en el mar 7," Argentina : Ed. Luppa, 2014 ; il. ; 48 p. ; 23 cm. "
1297," Rafols, Josep María - Riera, Lluis",nan,La Primera Guerras Mundial cumple 100 años,La última ofensiva
1298," Freire, Paulo",El grito manso," Argentina : Ed. Siglo Veintiuno, 2014 ; il. ; 110 p. ; 22 cm.",ISBN : 978-987-629-41-1
1299," Sabato, Ernesto",nan,La resistencia," Argentina : Ed. Seix Barral, 2011 ; 151 p. ; 20 cm."
1300, Sheldon Sidney,Si hubiera un mañana," Argentina : Ed. Emecé,2014 ; 349 ; 19 cm.",ISBN : 978-950-04-36168
1301," Hughes, María Clara",Martín Lutero," Argentina : Ed. Alfaguara, 2013 ; il. ; 22 cm.",nan
1302," Lauria, Adriana",Emilio Pettoruti -  Pintores Argentinos," Argentina : Ed. Aguilar, 2014 ; il. ; 32 p. ; 30 cm.",ISBN : 978-987-04-3585-3
1303," García Márquez, Gabriel",Crónica de una muerte anunciada," Agrentina: Ed. Sudamericana, 2014 ; 136 p. ; 18 cm.",ISBN : 978-1138-01-6
1304," Roberts, Nora",Las sombras del bosque," Argentina : Ed. Sudamericana, 2014 ; 521 p. ; 18 cm.",ISBN : 978-950-07-4901-5
1305," Sheldon, Sidney",Nada es eterno," Argentina : Ed. Emecé, 2014 ; 301 p. ; 19 cm.",ISBN : 978-950-04-3617-5
1306," Lacan,Jacques",Escritos 1 (segunda parte)," Argentina . Ed. Siglo Veintiuno, 2014 ; 495 p. ; 22 cm.",ISBN : 978-987-629-418-8
1307," Plante, Isabel",Raúl Soldi  Pintores Argentinos," Argentina : Ed. Aguilar, 2014 ; il. ; 32 p. ; 30 cm.",ISBN: 978-987-04-3586-0
1308," Robrets, Nora",Traiciones," Argentina : Ed. Sudamericana, 2014 ; 553 p. ; 18 cm.",ISBN : 978-950-07-4902-2
1309, Nik,Los viajes de gatulliver - los clásicos de gaturro," Argentina : Ed. Sudamericana, 2014 ; il. ; 31 p. ; 24 cm.",ISBN : 978-950-07-4688-5
1310," Sheldon, Sidney",¿Tienes miedo a la OSCURIDAD?," Argentina : Ed. Emecé, 2014 ; 294 p. ; 19 cm.",ISBN :978-950-04-3618-2
1311," Foucault, Michel","El poder, una bestia margnífica"," Argentina : Ed. Siglo Veintiuno, 2012 ; 285 p. ; 22 cm.",ISBN : 978-987-629-419-5
1312," Alarcón, Pamela",Jesucristo," Argentina : Ed. Alfaguara, 2013 ; il. ; 137 p. ;23 cm.",ISBN : 978-987-04-3000-1
1313," Sabato, Ernesto",Uno y el universo," Argentina . Ed. Seix Barral, 2011 ; 141 p. ; 20 cm.",ISBN : 978-950-731-692-0
1314," Rafols, Josep María - Riera, Lluis",La Primera Guerra Mundial cumple 100 años,Llega la paz," Argentina : Ed. Luppa, 2014 ; il. ; 23 cm."
1315," Herrera, María José",Pérez Celis - Pintores Argentinos," Argentina : Ed. Aguilar, 2014 , il. ; 32 p. ; 30 cm.",ISBN : 978-987-04-3588-4
1316," Baldasarre, María isabel",Florencio Molina Campos - Pintores Argentinos," Argentina : Ed. Aguilar, 2014 ; il. ; 30 cm.",ISBN : 978-987-04-3587--7
1317," Roberts, Nora",Deseo y venganza," Argentina : Ed.Sudamericana, 2014 ; 478 p. ; 18 cm.",ISBN : 978-950-07-4903-9
1318," Sheldon, Sidney",Recuerdos de la medianoche," Argentina : Ed. Emecé, 2014 ; 293 p. ; 19 cm.",ISBN : 978-950-04-3619-9
1319," Marx, Karl",Antología," Argentina : Ed. Siglo Veintiuno, 2014 ; 359 p. ; 22 cm.",ISBN : 978-987-629-420-1
1320," Rossi, Cristina",Juan Carlos Castagno - Pintores Argentinos," Argentina . Ed. Aguilar, 2014 ; il. ; 32 p. ; 30 cm.",ISBN : 978-987-04-3589-1
1321," Becker, Howard",Manual de Escritura para Científicos Socilaes," Argentina : Ed. Siglo Veintiuno, 2014 ; 236 p. ; 22 cm.",ISBN : 978-987-629-437-9
1322," Sabato, Ernesto",Heterodoxia," Argentina . Ed. Seix Barral, 2012 ; 151 p. ; 19 cm.",ISBN : 978-950-731-693-7
1323," Pérgola, Laura Andrea",Louis Parateur," Argentina : Ed. Alfaguara, 2013 ; il. ; 136 p. ; 22 cm.",ISBN : 978-987-04-3001-8
1324," Roberts, Nora",Tres destinos," Argentina . Ed. Sudamericana, 2014 ; 478 p. ; 18 cm.",ISBN : 978-950-07-4904-6
1325," Sheldon, Sidney",El capricho de los Dioses," Argentina : Ed. Emecé, 2014 ; 319 p. ; 19 cm.",ISBN : 978-950-04-3620-5
1326," Sheldon, Sidney",Los mejores Planes," Argentina : Ed. Emecé, 2014 ; 254 p. ; 19 cm.",ISBN : 978-950-04-3621-2
1327," Bourdieu, Pierre - Wacquant, Loic",Una invitación a la Sociología Reflexiva," Argentina : Ed. Siglo Veintiuno, 2014 ; 412 p. ; 22 cm.",ISBN : 978-987-629-438-6
1328," Malosetti, Laura",Ernesto de la Cárcova - Pintores Argentinos," Argentina : Ed. Aguilar, 2014 ; il. ; 32 p. ; 30 cm.",ISBN : 978-987-04-3613-3
1329,"Rabossi, cecilia",Carlos Alonso - Pintores Argentinos," Argentina : Ed. Aguilar, 2014 ; il. ; 32 p. ; 30 cm.",ISBN : 978-987-04-3614-0
1330," Freire, Paulo - Faundez, Antonio",Por una Pedagogía de la pregunta," Argentina : Ed. Siglo Veintiuno, 2013 ; 221 p. ; 22 cm.",ISBN : 978-987-629-439-3
1331," Sheldon, Sidney",Presentimientos," Argentina : Ed. Emecé, 2014 ; 263 p. ; 19 cm.",ISBN : 978-950-04-3622-9
1332," Sabato, Ernesto",El escritor y sus fantasmas," Argentina : Ed. Seix Barral, 2011 ; 223 p. ; 20 cm.",ISBN : 978-950-731-694-4
1333," Staco, Alicia",Miguel Angel," Argentina : Ed. Aguilar, 2013 ; il. ; 138 p. ; 22 cm.",ISBN : 978-987-04-2994-4
1334, Tesoros Infantiles,Cuentos Clásicos," Argentina ; Ed. CULTURAL, 2013 ; il. ; 64 p. ; 36 cm.",ISBN : 9789-950-771-583-9
1335," Foucault, Michel",La inquietud por la verdad," Argentina : Ed. Siglo Veintiuno, 2013 ;  265 p. ; 22 cm.",ISBN : 978-987-629-512-3
1336," Barthes, Roland",El grado cero de la escritura," Argentina : Ed. Siglo Veintiuno, 2003 ; 176 P. ; 22 CM.",ISBN : 978-987-629-513-0
1337," Foucault, Michel","¿Qué es Usted, Profesor Foucault?",nan," Argentina : Ed. Siglo Veintiuno, 2013 ; 313 p. ; 22 cm."
1338," Freire, Paulo",Pedagogía de la indignación," Argentina : Ed. Siglo veintiuno, ",ISBN : 978-987-629-5
1339," Battiti, Florencia",Antonio Seguí - Pintores Argentinos," Argentina : Ed. Alfaguara, 2014 ; il. ; 32 p. ; 30 cm.",ISBN : 978-987-04-3677-5
1340," Rossi, Cristina",Raúl Loza - Grandes  Pintores Argentinos," Argentina : Ed. Alfaguara, 2014 ; il. ; 32 p. ; 30 cm.",ISBN : 978-987-04-3686-7
1341," Langoni, Ana",Ricardo Carpani - Grandes Pintores Argentinos," Argentina : Ed. Alfaguara, 2014 ; il ,, 32 p. ; 30 cm.",ISBN : 978-987-04-3672-0
1342," Amigo, Roberto", Prilidiano Pueyrredón - Grandes Pintores Argentinos," Argentina : Ed. Alfaguara, 2014 ; il. ; 32 p. ; 30 cm.",ISBN : 978-987-04-3697-3
1343," Battiti, Florencia",KENNETH Kemble - Grandes Pintores Argentinos," Argentina : Ed. Alfaguara, 2014 : il. ; 32 p. ; 30 cm.",ISBN : 978-987-04-3681-2
1344," Wechsler, Diana",Raquel Forner - Grandes Pintores Argentinos," Argentina : Ed. Alfaguara, 2014 ; il. ; 32 p. ; 30 cm.",ISBN : 978-987-04-3683-6
1345," Bittiti, Florencia",Cándido López - Grandes Pintores Argentinos," ARGENTINA : Ed. Alfaguara, 2014 ; il. ; 32 p. ; 30 cm.",ISBN : 978-987-04-3682-9
1346," Farina, Fernando",Fabián Marcaccio - Grandes Pintores Argentinos," Argentina : Ed. Alfaguara, 2014 ; il. ; 32 p. ; 30 cm.",ISBN : 978-987-04-3699-7
1347," Alonso, Rodrigo",Alberto Greco - Grandes Pintores Argentinos," Argentina : Ed. Alfaguara, 2014 ; il. ; 32 p. ; 30 cm.",ISBN : 978-987-04-3700-0
1348," Fantoni, Guillermo",Leónidas Gambarte - Grandes Pintores Argentinos," Argentina : Ed. Alfaguara, 2014 ; il. ; 32 p. ; 30 cm.",ISBN : 978-987-04-3678-2
1349," Casanegra, Mercedes",Luis Felipe Noé - Grandes Pintores Argentinos," Argentina : Ed. Alfaguara, 2014 ; il. ; 32 p. ; 30 cm.",ISBN : 978-987-04-3615-7
1350," Wechsler, Diana",Lino Enea Spilimbergo - Grandes Pintores Argentinos," Argentina : Ed. Alfaguara, 2014 ; il. ; 32 p. ; 30 cm.",ISBN : 978-987-04-3675-1
1351," Malosetti Costa, Laura",Eduardo Sívori - Grandes Pintores Argentinos," Argentina : Ed. Alfaguara, 2014 ; il. ; 32 p. ; 30 cm.",ISBN : 978-987-04-3676-8
1352," Pacheco, Marcelo",Jorge de la Vega - Grandes Pintores Argentinos," Argenti a : Ed. Alfaguara, 2014 ; il. ; 32 p. ; 30 cm.",ISBN : 978-987-04-3688-1
1353," Cippolini, Rafael",Juan Del Petre - Grandes Pintores Argentinos," Argentina : Ed. Alfaguara, 2014 ; il. 32 p. ; 30 cm.",ISBN : 978-987-04-3690-4
1354," Pacheco, Marcelo",Alfredo Guttero - Grandes Pintores Argentinos," Argentina : Ed. Alfaguara, 2014 ; il. ; 32 p. ; 30 cm.",ISBN : 978-987-04-3680-5
1355," Constantín, María Teresa",Carlos Gorriarena - Grandes Pintores Argentinos," Argentina : Ed. Alfaguara, 2014 ; il. ; 32 p. ; 30 cm.",ISBN : 978-987-04-3679-9
1356," Barthes, Roland",El placer del texto y lección inaugural," Argentona : Ed. Siglo Veintiuno, 2014 ; 116 p. ; 22 cm.",ISBN :978-987-629-488-1
1357," Foucault, Michel",Historia de la sexualidad," Argentina : Ed. Siglo Veintiuno, 2014 ; 269 p. ; 22 cm.",ISBN : 978-987-629-489-8
1358," Lacan, Jacques",Escritos 2," Argentina : Ed. Siglo Veintiuno, 2014 ; 887 p. ; 22 cm.",ISBN : 978-987-629-487-4
1359," Becker, Howard",Trucos del oficio Cómo condicir su investigación en Ciencias Sociales," Argentina : Ed. Siglo Veintiuno, 2014 ; 293 p. ; 22 cm.",ISBN : 978-987-629-441-6
1360," Freire, Paulo",PedagogíA de la autonomía Saberes necesarios para la práctica educativa," Argentina : Ed. Soglo Veintiuno, 2015 ; 136 p. ; 22 cm.",ISBN : 978-987-629-518-5
1361," Freire, Paulo",nan,nan,La educación como práctica de la libertad
1362," Dubet, Francois",¿Para qué sirve realmente la sociología?," Argentina : Ed. Siglo Veintiuno, 2015 ; 131 p. ; 22 cm.",ISBN : 978-987-629-517-8
1363," Bourdieu, Pierre",La nobleza del Estado - Primera Parte," Argentina : Ed. Siglo Veintiuno, 2015 ; 261 p. ; 22 cm.",ISBN : 978-987-629-519-2
1364," Bourdieu, Pierre",La nobleza del estado  - Segunda Parte," Argentina : Ed. Siglo Vientiuno, 2015 ; 548 p. ; 22 cm.",ISBN : 987-978-629-520-8
1365," Barthes,Roland",S/Z," Argentina : Ed. Siglo Veintiuno, 2015 ; 269 p. ; 22 cm.",ISBN : 978-987-629-521-5
1366," Augé, Marc",El Antrpólogo y el mundo global," Argentina : Ed. Soglo Veintiuno, 2014 ; 152 p. ; 22 cm.",ISBN : 978-987-629-494-2
1367," Bourdieu, Pierre",El Sentido práctico," Argentina : Ed, Siglo Veintiuno, 2015 ; 453 p. ; 22 cm.",ISBN : 978-987-629515-4
1368," Foucault, Michel",La Arqueología del Ser," Argentina : Ed. Siglo Veintiuno, 2015 ; 273 p. ; 22 cm.",ISBN : 978-987-629-516-1
1369," Badiou, Alain",Condociones," Argentina : Ed. Siglo Veintiuno, 2015 ; 348 p. ; 22 cm.",ISBN : 978-987-629-522-2
1370," Barthes, Roland",El grano de la voz," Argentina : Ed. Siglo Veintiuno, 2015 ; 312 p. ; 22 cm.",ISBN : 978-987-629-523-9
1371," Freire, Paulo - Shor, Ira",Miedo y osadía," Argentina : Ed. Siglo Veintiuno, 2014 ; 285 p. ; 22 cm.",ISBN : 978-987-629-483-6
1372," Bourdieu,Pierre","Capital Cultural,Escuela y Espacio Social"," Argentina : Ed. Siglo Veintiuni, 2014 ; 182 p. ; 22 cm.",ISBN : 978-987-629-484-3
1373," Foucault, Michel",Historia de la sexualidad," Argentina : Ed. Siglo Veintiuno, 2014 ; 279 p. ; 22 cm.",ISBN : 978-987-629-482-9
1374," Corcuff, Philippe",La nuevas Sociologías," Argentina : Ed. Siglo Veintiuno, 2014 ; 187 p. ; 22 cm.",ISBN : 978-987-629-440-9
1375," Foucault, Michel",El nacimiento de la Clínica," Argentina : Ed. Siglo Veintiuno, 2014 ; 272 p. ; 22 cm.",ISBN : 978-987-629-485-0
1376," Freire, Paulo",Pedagogía de la esperanza," Argentina : Ed. Siglo Veintiuno, 2014 ; 273 p. ; 22 cm.",ISBN : 978-987-629-486-7
1377," Zuy, Alejandro",Pío Collivadino - Grandes Pintores Argentinos ," Argentina : Ed. Alfaguara, 2015 ; il. ; 32 p. ; 30 cm.",ISBN : 978-987-735-036-4
1378,"  Cippolini, Rafael",Alfredo Prior - Grandes Pintores Argentinos," Argentina : Ed. Alfaguara, 2015 ; il. ; 32 p. ; 30 cm.",ISBN : 978-987-73-5034-0
1379," Pacheco, Marcelo",Miguel Carlos Victorica," Argentina : Ed. Alfaguara, 2015 ; il. ; 32 p. ; 30 cm.",ISBN : 978-987735-035-7
1380," Sánchez, Florencio",M'hijo El Doctor," Argentin : Ed. Gradifco, 2007 ; 157 p. ; 18 cm. ",ISBN : 978-987-571-023-8
1381,M'hijo El Doctor," Argentin : Ed. Gradifco, 2007 ; 157 p. ; 18 cm. ",ISBN : 978-987-571-023-8,nan
1382," Fondevila, Fabiana",Hbía una vez un botón," Argentina : Uranit, 2010 ; il. ; 32 p. ; 18 cm.",ISBN : 978-987-25653-0-5
1383," Reinaudi, Silvina - Parés, Diego","Donoso, el oso pegajoso"," Argentina : Ed. Guadal, 2012 ; il. ;  19 cm. ",ISBN : 987-1175-63-9
1384," Reinaudi, Silvina - Parés, Diego","Clara, la gallina rara"," Argentina : Ed. Guadal, 2012 ; il. ; 19 cm.",ISBN : 987-1175-59-0
1385," Reinaudi, Silvina - Parés, Diego","Nicanor, El ñandú madrugador"," Argentina : Ed. Guadal, 2012 ; il. 19 cm.",ISBN : 987-1175-60-4
1386," Reinaudi, Silvina - Parés, Diego","Ada, la cebrita desconfiada"," Argentina : Ed. Guadal, 2012 ; il. ; 19 cm.",ISBN : 987-11-75-62-0
1387," Reinaudi, Silvina - Parés Diago","Rosaflor, el coatí trabajador"," Argentina : Ed. Guadal, 2012 ; il. ; 19 cm.",ISBN : 987-1175-58-2
1388," Reinaudi, Silvina - Parés, Diego","Sivana, la monita haragana"," Argentina : Ed. Guadal, 2012 ; il. ; 19 cm.",ISBN : 987-1175-56-6
1389," Reinaudi, Silvina - Parés, Diego","Simón, el hipopotamo dormilón"," Argentina : Ed. Guadal, 2012 ; il. ; 19 cm.",ISBN : 987-1175-57-4
1390," Reinaudi, Silvana - Parés, Diego","Rosaflor , el coatí trabajador"," Argentina : Ed. Guadal, 2012 ; il. ; 19 cm.",ISBN : 987-1175-58-2
1391," Reinaudi, Silvana - Parés, Diego","Silvana, la minita haragana"," Argentina : Ed. Guadal, 2012 ; il. , 19 cm.",ISBN : 987-1175-56-6
1392," Reinaudi, Silvana - Parés, Diego","Vera, la cangura aventurera"," Argentina : Ed. Guadal, 2012 ; il. , 19 cm.",ISBN : 987-1175-61-2
1393, Peppa Pig,Fiesta de piyamas,"Argentina : Ed. Alfaguara, 2014 ; il. ; 21 vm.",ISBN : 978-987-736-002-8
1394," Silvestro, Marcela",Ovejitas figitivas," Argentina : Ed. URANITA, 2013 ; il. ; 39 p. ; 18 cm.",ISBN : 978-987-1831-88-3
1395," Brandán Aráos, María",Un carrito color sol y la calesita de la otra cuadra," Argentina : Ed. URANITO, 2012 ; il. ; 39 p. ; 20 cm.",ISBN : 978-987-1831-14-2
1396," Zelenar, Judit",Los colores de Mariana," Argentina : Ed. URANITO, 2010 ; il. ; 31 p. ; 20 cm.",ISBN : 978-987-1710-46-1
1397," Shua, Ana María",El sapo volador (Leyendas Latinoamericanas)," Argentina : Ed. El gato de hojalata, 2012 ; il. ; 5 p. ; 23 cm. ",ISBN : 978-987-668-810-9
1398," Shua, Ana María",El pájaro de los ojos colorados (Leyebdas Latinoamericanas)," Argentina : Ed. Gato de hojalata, 2012 ; il. ; 5 p. ; 23 cm.",ISBN : 978-987-668-804-8
1399," Basch, Adela",La gran orquesta," Argentina : Ed. El gato de hojalata, 2012 ; il. ; 23 cm.",ISBN : 987-1175-15-9
1400," Shua, Ana María",Cinco monedas de plata (Cuento popular ruso)," Argentina : Ed. Artemisa, 2010 ; il. ; 8 p. ; 23 cm.",ISBN : 978-987-1707-65-21
1401," Shua, Ana María",El contrabando misterioso (Cuento del cercano oriente)," Argentina : Ed. Artemisa, 2010 ; il. ; 8 p. ; 23 cm.",ISBN : 978-987-1707-64-5
1402," Shua, Ana María",Los Ayaymama ( Leyenda del Perú)," Argentina : Ed. El gato de hojalata, 2012 ; il. ; 8 p. ; 23 cm.",ISBN : 978-987-668-805-5
1403," Schujer, Silvia",El conejo de la galera," Argetina : Ed. El gato de hojalata, 2012 ; il. ; 8 p. ; 23 cm.",ISBN : 978-987-1134-25-0
1404," Schujer, Silvia",Canguros al sol," Argentina : Ed. El gato de hojalata, 2012 ; il. ; 8 p. ; 23 cm.",ISBN : 978-987-1134-24-3
1405," Schujer, Silvia",Los ojazos del león," Argentina : Ed. El gato de hojalata, 3012 ; il. ; 8 p. ; 23 cm.",ISBN : 978-987-1134-23-6
1406," Schujer, Silvia",La jirafa enjabonada," Argentina : Ed. El gato de hojalata, 2012 ; il. ; 8 p. ; 23 cm.",ISBN : 978-987-1134-20-5
1407," Schujer, Silvia",Carnaval en pradera," Argentina : Ed. El gato de hojalata, 2012 ; il. ; 8 p. ; 23 cm.",ISBN : 978-987-1134-19-9
1408," Schujer, Silvia",Dulce de abaja," Argentina : Ed. El gato de hojalata, 2012 ; il. ; 8 p. ; 23 cm",ISBN : 978-987-1134-18-2
1409," Schujer, Silvia",El vuelo del avestruz," Argentina : Ed. El gato de hojaleta, 2012 ; il. ; 8 p. ; 23 cm.",ISBN : 978-987-1134-22-9
1410," Schujer, Silvia",La cebra rayada," Argentina : Ed. El gato de hujalata, 2012 ; il. ; 8 p. ; 23 cm.",ISBN : 978-987-1134-22-9
1411," Suárez, Patricia",Pollito matón tiene novia," Argentina : Ed. URANITO, 2012 ; il. ; 31 p. ; 18 cm.",ISBN : 978-987-1831-47-0
1412," Restrepo, Emilio Roberto",De cómo les creció el cuello a las jirafas," Argentina : Ed. URANITO, 2013 ; il. ; 32 p. ; 20 cm.",ISBN : 978-987-703-028-2
1413," Shua, Ana María",El laguar y el chivo," Argentina : Ed. Artemisa, 2010 ; il. ; 8 p. ; 23 cm.",ISBN : 978-987-674-006-7
1414," Schapiro, Natalia",A salto de cangurito," Argentina : Ed. URANITO, 2013 ; il. ; 31 p. ; 18 cm.",ISBN : 978-987-703-001-3
1415," Uttley, Alison",La conejita gris y sus amigos," Argentina : Ed. El Ateneo, 2015 ; il. ; 52 p. ; 17 cm.",ISBN : 978-950-02-0842-0
1416," Uttley, Alison",La conejita gris en el bosque," Argentina : Ed. El Ateneo, 2015 ; il. ; 51 p. ; 17 cm.",ISBN : 978-950-02-0840-6
1417," Mercader, Martha",Tío Juan ( Los cuentos del Chiribitil)," Argentina : Ed. Eudeba, 2014 ; il , 24 p. ; 28 cm.",ISBN : 978-950-23-2302-2
1418," Montes, Graciela ", El cumpleaños de Cristina ( Los cuentos del Chiribitil)," Argentina : Ed. Eudeba, 2014 ; il. ; 24 p. ; 28 cm.",ISBN : 978-950-23-2301-5
1419," Novone de Spalding, Susana",Negrita y los gorriones (Los cuentos del Chiribitil)," Argentina : Ed. Eudeba, 2014 ; il. ; 24 p. ; 28 cm.",ISBN : 978-950-23-2299-5
1420," Finch, Maria Rosa",El señor viento Otto ( Los cuentos del Chiribitil)," Argentina : Ed. Eudeba, 2014 ; il. ; 24 p. ; 28 cm.",ISBN : 978-950-23-2300-8
1421," Martínez, Paulina",¿Dónde estás carabás? (Los cuentos del Chiribitil)," Argentina : Ed. Eudeba, 2014 ; il. ; 24 p. ; 28 cm.",ISBN : 978-950-23-2298-8
1422," Belgrano, Margarita",Los zapatos voladores," Argentina : Ed. Eudeba, 2014 ; il. ; 24p. ; 28 cm",ISBN : 978-950-23-2296-4
1423, Fábulas ilustradas,La liebre y el Petirrojo," Madrid : Ed. SUSAETA, ; il. ; 16 p.; 26 cm.",ISBN : 978-84-677-1564-4
1424, Colección Libro Brillante,¡ Hurra Hipo!," Uruguay : Ed. Latinbooks, 2013 ; il ; 6 p. ; 22 cm.",ISBN : 978-9974-8090-7-9
1425, Colección Reflejos,Una Aventura en el mar," Argentina : Ed. SIGMAR, 2011 : il. ; 5 p. ; 22 cm. ",ISBN : 978-850-11-1823-0
1426," Ducrot, Oswald - Todorov, Tzvetan",Diccionario Enciclopédico de la Ciencias del Lenguaje," Argentina : Ed. Siglo Veintiuno, 2014 ; 421p. ; 22 cm.",ISBN : 978-987-629-490-4
1427," Sosa, Ricardo Omar ",Lugwing van Beethoveen," Argentina : Ed. Aguilar, 2014 ; il. ; 138 p. ; 22 cm.",ISBN : 978-987-04-3237-1
1428," Sabato, Ernesto",Apologías y rechazos," Argentina : Ed, Seiz Barral,2011 ; 192 p. ; 20 cm.",ISBN : 978-987-731-695-1
1429," Sabato, Ernesto",Cuentos que me apasionaron," Argentina : Ed. Seix Barral, 2011; 324 p. ; 20 cm.",ISBN :978-987-731-697-5
1430," Sabato, Ernesto",Hombres y engranajes," Argentina : Ed. Seix Barral, 2011 ; 141 p. ; 20 cm.",ISBN : 978-978-731-696-8
1431," Sheldon, Sidney",Historias de fantasmas," Argentina : Ed. Emecé, 2014 ; 108 p. ; 19 cm.",ISBN : 978-950-04-3624-3
1432," Sheldon, Didney",El estrangulador," Argentina : Ed. Emecé, 2014 ; 92 p. ; 19 cm.",ISBN : 978-950-04-3628-1
1433," Sheldon, Sidney",Persecución," Argentina : Ed. Emecé, 2014 ; 115 p. ; 19 cm.",ISBN :978-950-04-3627-4
1434," Sheldon, Sidney",El Dictador," Argentina : Ed. Emecé, 2014 ; 124 p. ; 19 cm.",ISBN : 978-950-04-3626-7
1435," Sheldon, Sidney",Lotería," Argentina : Ed. Emecé,2014 ; 103 p. ; 19 cm.",ISBN : 978-950-04-3623-6
1436," Sheldon, Sidney",Los doce MANDAMIENTOS," Argneina : Ed. Emecé, 2014 ; 125 p. ; 19 cm.",ISBN : 978-950-04-3625-0
1437," Steel, Danielle",Empezar de nuevo," Argentina : Ed. Sudamericana, 2015 ; 234 p. ; 18 cm. ",ISBN : 978-950-07-5104-9
1438," Steel, Danielle",La boda," Argentina : Ed. Sudamericana, 2015 ; 356 p. ; 18 cm.",ISBN : 978-950-07-5108-7
1439," Steel, Danielle",Cuando late un corazón," Argentina : Ed. Sudamericana, 2015 ; 335 p. ; 18 cm.",ISBN :978-950-07-5114-8
1440," Steel, Danielle",Ecos," Argentina : Ed. Sudamericana, 2012 ; 351 p. ; 18 cm.",ISBN : 978-950-07-5109-4
1441," Lebenglik, Fabián",Daniel García - Pintores Argentinos," Argentina : Ed. Aguilar, 2015 ; il. ; 32 p. ; 30 cm.",ISBN : 978-987-735-043-2
1442," Dolinko, Silvia",Marcelo Pombo - Pintores Argentinos," Argentina : Ed. Aguilar, 2015 ; il. ; 32 p. ; 30 cm.",ISBN : 978-987-735-041-8
1443," Petrina, Alberto",Marcia Schvartz - Pintores Argentinos," Argentina : Ed. Aguiolar, 2015 ; il. ; 32 p. ; 30 cm.",ISBN : 978-987-735-039-5
1444," Plante, Isabel",Nicolás García Uriburu - Pintores Argentinos," Argentina : Ed. Aguilar, 2015 ; il. ; 32 p. ; 30 cm.",ISBN : 978-987-735-040-1
1445," Amigo, Roberto",Alfredo Gramajo Gutiérrez - Pintores Argentinos," Argentina : Ed. Aguilar, 2015 ; il. ; 32 p. ; 30 cm.",ISBN : 978-987--735-042-5
1446," Marchesi, Mariana",Alejandro Puente - Pintores Argentinos," Argentina : Ed. Aguilar, 2015 ; il. ; 32 p. ; 30 cm.",ISBN : 978-987-735-045-6
1447," Farina, Fernando",Max Gómez Canle - Pintores Argentinos," Argentina : Ed. Aguilar, 2015 ; il. ; 32 p. ; 30 cm.",ISBN : 978-987--735-046-3
1448,"  Manfredi, Valerio Massino",Noche de invierno," Argentina : Ed. Grijalbo, 2012 ; 393 p. ; 22 cm.",ISBN : 978-950-28-0638-9
1449," Borges, jorge Luis",El Alefh," Argentina : Ed. Alianza, 1997 ; 203 p. ; 17 cm.",ISBN : 84-4870468-1
1450," Arlt, Roberto",Los siete locos," Argentina : Ed. Losada, 1997 ; 239 p. ; 17 cm.",ISBN : 950-03-0036-2
1451," Suriano, Juan",Nueva Historia Argentina - Dictadura y Democracia 1976-2001," Argentina : Ed. Sudamericana, 2005 ; il. ; 557 p. ; 24 cm.",ISBN : 950-07-2637-8
1452," Hernández, José",Martín Fierro," Argentina : Ed. CLASA,  ; il. ; 18 cm.",nan
1453," Stevenson, Robert L.",La isla del tesoro," Argentina : Ed. Argentino, 2004 ; il. ; 61 p. ; 17 cm.",ISBN : 950-782-468-5
1454," Pyle, H. - Steinbeck, J.",La leyenda del rey Arturo," Argentina : Ed. Argentino, 2004 ; il. ; 61 p. ; 17 cm.",ISBN : 950-782-469-3
1455, Anónimo,Simbad el marino," Argentina : Ed. Argentino, 2004 ; il. ; 61 p. ; 17 cm.",ISBN : 950-782-487-1
1456," de Iriarte, Tomás",Fábulas literarias," Argentina : Ed. La Página, ; il, ; 32 p. ; 17 cm.",ISBN : 987-503-313-8
1457," Swift, Jonatgan",Los viajes de Gulliver," Argentina : Ed. Argentinao, 2004 ; il. ; 62 p. ; 17 cm.",ISBN : 950-782-489-8
1458,  Proyecto Bicentenario,Entre Ríos Identidades y Patrimonio," Argentina : Ed. Dunken, 2008 ; 391 p. ; 22 c. ",ISBN : 978-987-02-3060-1
1459,  Biblioteca de cunetos maravillosos,Cuentos y leyendas de la Argentina," Barcelona : Ed. Olañeta Editor, 1997 ; il. ; 115 p. ; 20 cm.",ISBN : 84-7651-583-9
1460,"  Rampa, Alfredo C.",Geografía de la República Argentina," Argentina : Ed. Kapelusz, 1985 ; il. ; 279 p. ; 21 cm.",ISBN : 950-13-2508-3
1461," Sánchez, Florencio",La Grinnga," Argentina : Ed. Ameghino, 1999 ; 124 p. ; 20 cm.",ISBN : 987-9216-70-9
1462," Argumedo, Alcira",Los silencios y las voces en América Latina," Argentina : Ed. Pensamiento Nacional, ; 181 p. ; 21 cm.",ISBN : 950-581-802-5
1463," Somonet, Dominique",La más bella historia de amor," Argentina : Ed. Nuevo offst, 2005 ; 174 p. ; 19 cm.",ISBN : 950-557-631-5
1464," Pigna, Felipe",Los mitos de la Historia Argentina," Argentina : Ed. Norma, 2004 ; 423 p. ; 20 cm.",ISBN : 987-545-149-5
1465," Luna, Félix",Segunda fila Personajes olvidados que también hicieron historia," Argentina :  Ed. Planeta, 1999 ; 315 p. ; 22 cm.",ISBN : 950-49-0250-2
1466," Sarmiento, Domingo F.",Facundo Civilización y Barbarie," Argentina : Ed. PORRUA, 1996 ; 169 P. ; 21 CM.",nan
1467," Bronte, Emily",Cumbres borrascosas," Argentina : Ed. GRADIFCO, 2008 ; 319 p. ; 19 cm.",ISBN : 978-987-571-056-6
1468," Lujan, Lilia",Mundo Azteca," Argentina : Ed. V & R, 2012 ; il. ; 36 p. ; 23 cm.",ISBN : 978-987-612-417-1
1469," Coelho, Paulo",Mandalas del guerrero de la luz,nan," Argentina : Ed. V & R, 2014 : il. ; 27 cm."
1471," Smith, Wilbur",El juramento," Argentina : Ed. Emecé, 2008 ; 382 p. ; 19 cm.",ISBN : 978-950-04-2987-0
1472," Smith, Wilbur",Río sagrado," Argentina : Ed. Emecé, 2008 ; 604 p. ; 19 cm.",ISBN : 978-950-04-3034-0
1473," Smith, Wilbur",Costa ardiente," Argentina : Ed. Emecé, 2008 ; 493 p. ; 19 cm.",ISBN : 978-950-04-2980-1
1474," Smith, Wilbur",El ojo del tigre," Argentina : Ed. Emecé, 2008 ; 366 p. ; 19 cm.",ISBN : 978-950-04-3042-5
1475," Sheldon, Sidney",Cara descubierta," Argentina : Ed. Emecé, 2009 ; 180 p. ; 18 cm.",ISBN : 978-950-04-3136-1
1476," Smith, Wilbur",La ruta de los vengadores," Argentina : Ed. Emecé, 2008 ; 309 p. ; 19 cm.",ISBN : 978-950-04-2989-4
1477," Steel, Danielle",Ecos," Argentina : Ed. Sudamericana, 2012 ; 349 p. ; 18 cm.",ISBN : 978-950-07-5109-4
1478," Dubet, Francois",¿Para qué sirve realmente un sociólogo?," Argentina : Ed. Siglo Veintiuno, 2012 ; 131 p. ; 22 cm.",ISBN : 978-987-629-517-8
1479," Carballada, Rosablanca",Hágalo Usted misma PATINAS Y FALSOS ACABADOS," Argentina : Ed. Mucho gusto, 2009 ; il. ; 78 p. ; 23 cm.",ISBN : 978-987-24993-6-5
1480," Cejas, Ana",Hágalo Usted misma COSMETICA ESENCIAL," Argentina : Ed. Mucho gusto, 2009 ; il. ; 78 p. ; 23 cm.",ISBN : 978-987-24993-8-9
1481," Shelley, Mary",Frankenstein," Argentina : Ed. Gárgola, 2014 ; 266 p. ; 19 cm.",ISBN : 978-950-9051-31-4
1482," King, Stephen",Dolores Claiborne," Argentina : Ed. Sudamericana, 2015 ; 235 p. ; 18 cm.",ISBN : 978-950-07-5076-9
1483," King, Stephen",El juego de Gerald," Argentina : Ed. Sudamericana, 2015 ; 451 p. ; 18 cm.",ISBN : 978-950-07-5064-6
1484," King, Stephen",U n saco de huesos  (Parte II)," Argentina : Ed. Sudamericana, 2015 ; 326 p. ; 18 cm.",ISBN : 978-950-07-5074-5
1484," King, Stephen",Corazones en la Atlántida (Parte I)," Argentina : Ed. Sudamericana, 2015 ; 338 p. ; 18 cm.",ISBN : 978-950-07-5326-5
1485," King, Stephen",Corazones en la Atlántida (Parte II)," Argentina : Ed. Sidamericana, 2015 ; 369 p. ; 18 cm.",ISBN : 978-950-07-5327-2
1486," King, Stephen",Colorado Kid," Argentina : Ed. Sudamericana, 2015 ; 151 p. ; 18 cm.",ISBN : 978-950-07-5065-3
1487," King, Stephen","Todo oscuro, sin estrellas"," Argentina : Ed. Sudamericana, 2015 ; 438 p. ; 18 cm.",ISBN : 978-950-07-5329-6
1489," Cortázar, Julio",Obra crítica II," Argentina : Ed. Alfaguara, 2011 ; 414 p. ; 21 cm.",ISBN : 978-987-04-2247-1
1490, Leoncito,Un potrillo negro," Argentina : Ed. SIGMAR, 2008 ; il. ; 12 p. ; 18 cm.",ISBN : 978-950-11-1428-7
1491, Duende,Un piano sin trabajo," Argentina : Ed. SIGMAR, 2008 ; IL. ; 12 P. ; 18 CM.",ISBN : 978-950-11-1437-9
1492," Grimm, Jacobo Ludwing",El agua maravillosa," Argentina : Ed. SIGMAR, 2006 ; il. ; 12 p. ; 18 cm.",nan
1493," Grimm, Jacobo Ludwing",Una Reina Abeja," Argentina : Ed. SIGMAR, 2008 ; IL. ; 12 P. ; 18 CM.",ISBN : 978-950-11-1425-6
1494,"Grimm, Jacobo Ludwing",Un principe sapo," Argentina : Ed. SIGMAR, 2008 ; il. ; 12 p. ; 18 cm.",ISBN : 978-950-11-1427-0
1495," Stevenson, Robert Louis",El extraño caso del Dr. Jekyll y de Mr. Hyde," Argentina : Ed. GRADIFCO, 2007 ; 95 P. ; 18 CM.",ISBN : 978-957-1093-07-3
1496," Ferro, Beatriz",Zapatos caminadores," Argentina : Ed. Estrada, 1994 ; il. ; 80 p. ; 22 cm.",ISBN : 950-01-0514-4
1497," Geller, Jorge",Consuelo y Victoria (Una mujer en dos vidas)," Argentina : Ed. Delta Editora, 2014 ; 244 p. ; 22 cm.",ISBN : 978-987-1698-32-5
1498," Geller, Jorge",El círculo se ha cerrado,"Argentina : Ed. André Maeron, 2007 ; 217 p. ",ISBN : 978-987-236-5657-6
1499," Lee Brow, Debra",Amantes El corazón de un rebelde," Madrid : Ed. Harlequín Ibérica, 2002 ; 317 p. 18 cm.",ISBN : 978-84-671-5768-0
1500," Allende, Isabel",De amores y de sombra," Argentina : Ed. Amor & Pasión, 2016 ; 318 p. ; 18 cm.",ISBN : 978-987-725-128-9
1501," Bonelli, Florencia",Lo que dicen tus ojos," Argentina : Ed. Amor & Pasión, 2016 ; 332 p. ; 18 cm.",ISBN : 978-987-739-025-4
1502," Casañas, Gloria V.",Y pora Amor y guerra bajo el sol guarani," Argentina : Ed. Amor & Pasión, 2016 ; 534 p.  ; 18 cm.",ISBN : 978-950-644-357-3
1503," King, Stephen",La larga marcha," Argentina : Ed. Sudamericana,2015 ; 349 p. ; 18 cm.",ISBN : 978-950-07-5066-0
1504," Cook, Thomas H.",Imstrumentos de la noche," Argentina : Ed. URANO, 2000 ; 380 p. ; 19 cm.",ISBN : 978-84-96525-18-4
1505," King, Stephen",Carretera maldita," Argentina : Ed. Sudamericana,2014 ; 362 p. ; 18 cm",ISBN : 978-950-07-5056-1
1506," Noel, Alyson",Desafío," Argentina : Ed. Sudamericana, 2014 ; 331 p. ; 18 cm.",ISBN : 978-950-07-4604-5
1507," Grisham, John",El último partido," Argentina : Ed. Sudamericana, 2011 ; 168 p. ; 18 cm.",ISBN : 978-950-07-3359-5
1508," Cashore, Kristin",Bitterblue,"  Argentina : Ed. Roca,2012 ; 499 p. ; 22 cm.",ISBN :978-84-9918-507-1
1509," Delicia, Pablo Javier",El torino endemoniado," Argentina : ed. Rediciones, 2015 ; il. ; 186 p. ; 20 cm.",ISBN : 978-987-33-9024-1
1510," Roberts, Nora ",Polos opuestos," Argentina : Ed. Amor & Pasió, 2016 ; 381 p. ; 18 cm.",ISBN : 978-987-725-130-2
1511," Stevens, Amanda",El Reino," Argentina : Ed. Amor & Pasión, 2016 ; 349 p. ; 19 cm.",ISBN : 978-987-725-136-4
1512," Jiménez, Juan Ramón",Platero y yo," Argentina : Ed. DUSA, 2014 ; 123 p. ; 18 cm",ISBN : 9974-7931-5-7
1513,Platero y yo," Argentina : Ed. DUSA, 2014 ; 123 p. ; 18 cm",ISBN : 9974-7931-5-7,nan
1514," Argentina : Ed. DUSA, 2014 ; 123 p. ; 18 cm",ISBN : 9974-7931-5-7,nan,nan
1515," Cinetto, Liliana",Cuento con carpincho y todo," Argentina : Ed. SM, 2013 ; 93 p. ; 18 cm.",ISBN : 978-987-573-035-9
1516,Cuento con carpincho y todo," Argentina : Ed. SM, 2013 ; 93 p. ; 18 cm.",ISBN : 978-987-573-035-9,nan
1517," Argentina : Ed. SM, 2013 ; 93 p. ; 18 cm.",ISBN : 978-987-573-035-9,nan,nan
1518," Cinetto, Liliana",Cuento con carpincho y todo," Argentina : Ed. SM, 2013 ; 93 p. ; 18 cm.",ISBN : 978-987-573-035-9
1519," Pisos, Cecilia",El terror de la princesa," Argentina : Ed. SM, 2014 ; il. ; 111p. ; 18 cm.",ISBN : 978-987-573-911-6879
1520,El terror de la princesa," Argentina : Ed. SM, 2014 ; il. ; 111p. ; 18 cm.",ISBN : 978-987-573-911-6879,nan
1521," Chase, James Hadley",Ya no la necesita," Argentina : Ed. Emecé,1991 ; 251 p. ; 19 cm.",ISBN : 950-04-1117-2
1522,"  Black, Jonathan",Los violadores del mundo," Argentina : Ed. Emecé, 1973 ;  450 p. ; 18 cm.",nan
1523," Guiraldes, Ricardo",Don Segundo Sombra," Argentina : Ed. P & J, 1994 ; 190 p. ; 17 cm.",ISBN : 987-9049-01-2
1524, READER'S DIGEST LIBROS SELECTOS,Libros Selectos," Mexico : Ed. Reader's Digest, 2000 ; il. ; 573 p. ; 19 cm.",ISBN : 1405-7999
1525," Martínez, Gladis",El muro cuando los secretos y los amores se desvanecen," Argentina : Ed. Ciscato, 1999 ; 139 p. ; 19 cm.",nan
1526," Bach, Richard",Ningún lugar está lejos," Argentina : Ed. Vergara, 1999 ; il. ; 36 p. ; 21 cm.",ISBN : 950-15-2067-6
1527," García Márquez, Gabriel",Doce cuentos peregrinos," Argentina : Ed. Debolsollo, 2015 ; 221 p ; 18 cm.",ISBN : 978-1138-09-1
1528," Durántez Corral, Conrado",Pierre de Coubertin Credo y Simbología Olímpica," Eapaña : Ed. Sclay Print, 2013 ; il. ; 118 p. ; 21 cm.",ISBN : 978-84-695-8762-1
1529,Pierre de Coubertin Credo y Simbología Olímpica," Eapaña : Ed. Sclay Print, 2013 ; il. ; 118 p. ; 21 cm.",ISBN : 978-84-695-8762-1,nan
1530," Durántez Corral, Conrado",Los Juegos La Olimpiadas en la Historia," España : Ed. EDAF, 2012 ; il. ; 373 p. ; 27 cm.",ISBN : 978-84-414-31775
1531," Durántez Corral, Conrado",La Antorcha Olimpica," España : Ed. I. G. Castuera, S. A., 1992 ; il. ; 195 ; 27 cm.",ISBN : 84-505-4896-9
1532," Roldán, Gustavo",Los sueños del yacaré," Argentina : Ed. Alfaguara, 2015 ; il. ; 69 p. ; 19 cm.",ISBN : 978-950-46-3509-3
1533," Sierra i Fabra, Jordi",Querido hijo : estamos en huelga," Argentina : Ed. Santillana, 2015 ; il , 135 p. ; 19 cm.",ISBN :978-950-46-4360-9
1534," Bornemann, Elsa",Queridos monstruos ," Argentina : Ed. Santillana, 2015 ; 170 p. ; 19 cm.",ISBN : 978-950-46-4350-0
1535," Muleiro, Vocente",Don Perro de Mendoza," Argentina : Ed. Alfaguara, 201 ; 113 p. ; 19 cm.",ISBN :978-987-04-0313-5
1536," Bornemann, Elsa",No somos irrompibles," Argentina : Ed. Santillana, 2015 ; il. ; 150 p. ; 19 cm.",ISBN : 978-950-46-3346-4
1537," Berocay, Roy",Ruperto al rescate," Argentina : Ed. Santillana, 2015 ; il. ; 166 p. ; 19 cm.",ISBN : 978-950-46-4478-1
1538," Falconi, María Ines",El secreto del tanque de agua," Argentina : Ed. Santillana, 2016 ; il. ; 322 p. ; 19 cm.",ISBN :978-950-46-4561-0
1539," Steel, Danielle",Tiempo prestado," Argentina : Ed. Sudamericana, 2014 ; 315 p. ; 18 cm.",ISBN : 978-950-07-5101-8
1540," Steel, Danielle",Una gran chica," Argentina : Ed. Sudamericana,2014 ; 365 p. ; 18 cm.",ISBN : 978-950-07-5100-1
1541," Steel, Danielle",Fiel a si misma," Argentina : Ed. Sudamericana, 2015 ; 318 p. ; 18 cm.",ISBN : 978-950-07-5121-6
1542," Pescetti,  Luis María",Lejos de Frin," Argentina : Ed. Santillana, 2016 ; il. ; 390 p. ; 19 cm.",ISBN : 978-950-46-4517-7
1543," Bsch, Adela",La empanadas criollas son una joya," Argentina : Ed.Alfaguara, 2010 ; il. ; 85 p. ; 19 cm.",ISBN : 978-987-04-1410-0
1544," Mariño, Ricardo",Pulgoso y otros cuentos perros," Argentina : Ed. Santillana, 2014 ; il. ; 31 p. ; 18 cm.",ISBN : 978-950-46-4024-0
1545," Roldán, Gustavo",La leyenda del bicho colorado," Argentina : Ed. Santillana, 2016 ; il. ; 75 p. ; 19 cm.",ISBN : 978-950-46-4458-3
1546," Ramos, María Cristina",Belisario y el violín," Argentina : Ed. Santillana, 2015 ; il. ; 36 p. ; 18 cm.",ISBN : 978-950-46-4103-2
1547," Rivera, Iris",Bicho hambriento," Argentina : Ed. Santillana, 2014 ; il. ; 38 p. ; 18 cm.",ISBN : 978-950-46-3914-5
1548," Schujer, Silvia",El astronauta del barrio," Argentina : Ed. Santillana, 2015 ; il. ; 37 p. ; 18 cm.",ISBN : 978-950-3365-5
1549," Bornemann, Elsa",Mil grullas," Argentina : Ed. Santillana, 2015 ; il. ; 47 p. ; 19 cm.",ISBN : 978-950-46-4091-2
1550, Anónimo,Cuentos con animales," Argentina : Ed. El gato de hojalata, 2015 ; il, ; 171p ; 28 cm.",ISBN : 978-987-705-679-2
1551, 28 Cuentos para soñar,"Argentina : Ed. El gato de hojalata, 2015 ; il. ; 175 p. ; 28 cm.",ISBN : 978-987-393-7,nan
1552," Montefiore, Santa",A la sombra del ombú," España : Ed. URANO, 2002 ; 587 p. ; 22 cm.",ISBN : 978-84-95618-93-1
1553,"Stuart, Anne",El vals del diablo," España : Ed. MELISA, 2006 ; 347 p. ; 19 cm.",ISBN : 978-84-671-5099-5
1554," Steel, Danielle",Volar," Argentina  Ed. : Ed. Sudamericana, 2015 ; 477 p. ; 18 cm.",ISBN : 978-950-07-5305-0
1555," Varela, Magalí",En el eterno Sur," Argentina : Ed. Javier Vergara, 2013 ; 291 p. ; 22 cm.",ISBN : 978-950-15-2584-7
1556," De Miguel, María Esther",La amante del restaurador," Argentina : Ed. Plante, 2013 ; 298 p. ; 22 cm.",ISBN : 978-950-49-3646-6
1557," De Miguel, María Esther","El general, el pintor y la dama"," Argentina : Ed. Planta, 2013 ; 326 p. ; 22 cm.",ISBN : 978-950-49-3648-0
1558," Pescetti, Luis María",Bituin Bituin Natach," Argentina : Ed. Alfaguara, 2015 ; il. ; 99 p. ; 21 cm.",ISBN : 978-987-738-123-8
1559," Tolkien, John Ronald Reuen",El hobbit," Argentina : Ed. Minotauro, 2010 ; 309 p. ; 17 cm.",ISBN : 978-950-547-063-1
1560," de Saint-Exupéry, Antoine",Piloto de guerra,"  Argentina : Ed. Sudamericana, 1998 ; 231 p. ; 17 cm.",ISBN : 950-07-1426-4
1561,"  Daniel, Alma y Otros",Descubre a tus Angeles," Argentina : Ed. Argentina S.A., 2004 ; il. ; 378 p. ; 17 cm.",ISBN : 84-666-1922-4
1562," Pérez-Reverte, Arturo",La carta esferica," Argentina : Ed Grupo Santillana, 2000 ; 643 p ; 17 cm.",ISBN : 987-1106-05-X
1563," Quiroga, Horacio",Cuentos de amor de locura y de muerte," Argentina : Ed. Espasa Calpe, 1993 ; 211 p.; 16 cm.",ISBN : 950-852-028-0
1564," Alonso, Salazar J.",La parábola de Pablo," Argentina : Ed. Booket, 2014 ; 416 p. ; 18 cm.",ISBN : 978-987-580-513-2
1565," Schlink, Bernhard",El lector," Argentina : Ed. Anagrama,2010 ; 203 p. ; 21 cm.", ISBN : 978-84-339-0849-0
1566," Dolina, Alejandro",Bar del infierno," Argentina : Ed. Planeta, 2005 ; 348 p. ; 22 cm.",ISBN : 950-49-1350-4
1567," Paszkowski,  Diego",Tesis sobre un homicidio," Argentina : Ed. Sudamericana, 2013 ; 206p. ; 22 cm.",ISBN : 978-950-07-4098-2
1566,nan,nan,nan,nan
1567,nan,nan,nan,nan
1568, Relatos del Nuevo Mundo,"Argentina : Ed. Planeta-Agostini, 1992 : il. ; 32 cm. ",ISBN : 84-395-2050-6,nan
1569," Ramanauskas, Ruth",La trampa del sueño americano," Argentina : Ed. AGUILAR, 2009 ; 222p. ; 23 cm.",ISBN : 978-987-04-1202-1
1570," Follett, Ken",En la boca del dragón," Argentina : Ed. Debolsillo, 2009 ;392 p. ; 18 cm.",ISBN : 978-987-566-466-1
1571," Waitomo, Alessandra",A la luz del sol," Argentina :Ed. De los cutro vientos, 2013 ; 158 p. ; 19 cm.",ISBN : 978-987-08-0764-3
1572," Ivey, Eowyn",La niña de nieve," Argentina : Ed. Grijalbo, 2012 ; 393 p. ; 22 cm.",ISBN : 978-950-28-0577-1
1573," Beldi, Luis",Presas de amor," Argentina : Ed. B, 2012 ; 316 p. ; 22 cm.",ISBN : 978-987-627-328-2
1574," Delica, Pablo Javier",nan,nan,Existir y trascender… con humor y reflexión
1575," Rivero, Viviana",Secreto bien guardado,nan,nan
1576," Margall, Gabriela",Con solo nombrarte," Argentina : Ed. Vestales, 2007 ; 318 p. ; 21 cm.",ISBN : 978-987-1405-02-2
1577," Clark, Ebony",El club de la orquídia," Argentina : Ed. Vestales, 2011 ; 286 p. ; 22 cm.",ISBN : 978-987-1568-31-4
1578," Velasco, Claudia",El medallón de los Lancaster," Argentina : Ed. Vestales, 2007 ; 238 p. ; 21 cm",ISBN : 978-987-1405-01-5
1579," Steven, Saylor",El veredicto de César," Argentina : Ed. El Ateneo, 2006 ; 404 p. ; 22 cm.",ISBN : 950-02-5836-6
1580," Camp, Candace",El poder del amor," Madris: Ed. Harlequín, 2003 ; 316 p. ; 18 cm",ISBN : 978-84671-9691-7
1581," Bracco, Diago",María de Sanabria," Argentina : Ed. El Ateneo, 2009 ; 277 p. ; 22 cm.",ISBN : 978-950-02-0457-6
1582," Megan, Maxwell",Hola ¿te acuerdas de mí?," Argentina : Ed. Planeta, 2016 ; 452 p. ; 18 cm.",ISBN : 978-950-49-5032-5
1583," Jill, Monroe",El señor de la furia," España : Ed Harlequin, 2011 ; 285 p. ; 18 cm.",ISBN : 978-84-687-0469-2
1584, Howard Linda,En mundos distintos," España : Ed. HARLEQUIN , 1986 ; 318 p. ; 19 cm.",ISBN : 978-84-671-4781-0
1585," Morriga, Rita",Intimo sendero de magia," Argentina : Ed. Vestales, 2011 ; 207 p. ; 21 cm.",ISBN : 978-987-1568-34-5
1586," Megan, Maxwell",Olvidé olvidarte ," Argentina : Ed. Planeta, 2016 ; 332 p. ; 18 cm.",ISBN : 978-950-49-5034-9
1587," Geneve, Arlette",La última cita," Argentina : Ed. Vestales, 2010 ; 285 p. ; 22 cm.",ISBN : 978-987-1405-09-1
1588," Ephron, Amy",una rosa blanca," Argentina : Ed. Atlántida, 2000 ; 279 p. ; 22 cm.",ISBN : 950-08-2392-6
1589," Vidal, César",Lo-ruhama No  compadecida," EEUU : Ed. Grupo Nelson, 2009 ; 271 p. ; 22 cm.",ISBN : 978-1-60255-238-8
1590, Nik,Gaturro a lo grande 3," Argentina : Ed. Catapulta, 2013 ; il. ; 95 p. ; 27 cm.",ISBN : 978-987-637-173-5
1591," Rivero, Viviana",La dama de noche," Argentina : Ed. Booket, 2016 ; 478 p. ; 18 cm.",ISVN : 978-987-580-779-2
1592," Rivero, Viviana",Lo que no se dice," Argentina : Ed. Booket, 2016 ; 436 p. ; 18 cm.",ISBN : 978-987-580-700-6
1593," Smith, Wilbur ",Los que están en peligro," Argentina : Ed. Booket, 2016 ; 351 p. ; 18 c.",ISBN : 978-987-580-788-4
1594," Smith, Wilbur",El séptimo papiro," Argentina : Ed. Booket, 2013 ; 532 p. ; 18 cm.",ISBN : 978-987-580-114-1
1595," Balmaceda, Daniel",Espada y corazones El costado humano de la Historia Argentina," Argentina : Ed. Sudamericana, 2016 ; 319 p. ; 22 cm.",ISBN : 978-950-07-5415-6
1596," Aguinis, Marcos",Las redes del odio," Argentina : Ed. Planeta, 2003 ; 219 p. ; 22 cm.",ISBN : 950-491130-7
1597," Steel, Danielle",Secretos," Argentina : Ed. Sudamericana, 2011 ; 338 p. ; 18 cm.",ISBN : 978-950-07-3557-5
1598," Sordo, Pilar",No quiero envejecer," Argentina : Ed. Planeta, 2014 ; 197 p. ; 20 cm.",ISBN : 978-950-49-3888-0
1599, Maguire Margo,La dama sajona," Argentina : Ed. Harlequin , 2014 ; 318 p. ; 16 cm.",ISBN : 978-84-687-4836-8
1600," Lane, Soraya",De soldado a papá," Argentina : Ed. Harlequin, 2013 ; 158 p. 16 cm.",ISBN : 978-84-6873567-2
1601," Stamateas, Bernardo",Gente toxica," Argentina : Ed. Ediciones B, 2010 ; 216 p. ; 18 cm.",ISBN : 978-987-627-179-0
1602," Arias, Daniel",Eternidad maldita," Argentina : Ed. Alfaguara, 2010 ; 94 p. ; 21 cm.",ISBN : 978-987-04-1329-5
1603," Stamateas, Bernardo",Emociones toxicas," Argentina : Ed. Vergara Editor, 2009 ; 215 p. ; 22 cm.",ISBN : 978-950-15-2431-4
1604," González, Eduardo",El fantasma de Gardel ataca el Abasto," Argentina : ed. Norma, 2001 ; 159 p. ; 18 cm.",ISBN : 978-987-545-035-6
1605," Stevenson, R. L.",El extraño caso del Dr. Jekyll y Mr. Hyde," Argentina : Ed. Yammal, 2004 ; 70 p. ; 16 cm.",ISBN : 987-1160-40-2
1606," Sheldon, Sidney",Las arenas del tiempo," Argentina : Ed. Emecé, 2014 ; 333 p. ; 19 cm.",ISBN : 978-950-04-3614-4
1607," Sheldon, Didney",El capricho de los Dioses," Argentina : Ed. Emecé, 2014 ; 319 p. ; 19 cm.",ISBN : 978-950-04-3620-5
1608," Rowling, J. R.",Harry Potter y el misterio del príncipe," España : Ed. Salamandra, 2005 ; 573 p. ; 22 cm.",ISBN : 978-84-9838-666-0
1609," Kleypas, Lisa",Amor en la tarde," Argentian : Ed. B S.A., 2133 ; 349 P. ; 18 CM.",ISBN : 978-84-9872-791-3
1610," Esquibel, Laura",Como agua  para chocolate," Argentina : Ed. Punto de Lectura, 216 ; 266 p. ; 18 cm.", ISBN : 978-987-578-22-4
1611," Andretto, María Teresa", La durmiente," Argentina : Ed. Alfaguara, 213 ; il. ; 37  p. ; 19 cm.", ISBN : 978-978-04-3129-9
1612," Schujer, Silvia",La mochila de Uki," Argentina : Ed. S. M., 2009 ; il. ; 31 p. ; 18 cm.",ISBN : 978-987-573-308-4
1613,"  Bodoc, Liliana",Sucedió en colores," Argentina : Ed. Alfaguara, 2014 ; il. ; 92 p. ; 19 cm.",ISBN : 978-987-04-1719-4
1614," Reyes, Yolanda","El terror de Sexto ""B"""," Argentina : Ed. Santillana, 216 ; il. ; 78 p. ; 19 cm.",ISBN : 978-950-46-4563-4
1615," Maroño, Ricardo",Cuentos espantosos," Argentina : Ed. Santillana, 215 ; il. ; 72 p. ; 19 cm.",ISBN : 978-950-46-3854-4
1616," Bornemann, Elsa",El niño envuelto," Argentina : Ed. Santillana, 215 ; il. ; 176 p. ; 19 cm.",ISBN : 978-950-46-4349-4
1617," Birnaser, Marcelo",Juicio al raton Perez," Argentina : Ed. Santillana, 2014 : il. ; 113 p. ; 19 cm.",ISBN : 978-950-46-3887-2
1618,Juicio al raton Perez," Argentina : Ed. Santillana, 2014 : il. ; 113 p. ; 19 cm.",ISBN : 978-950-46-3887-2,nan
1619," Basch, Adela",Una luna junto a la laguna, Argentina : Ed. S. M. 2015 ; il. ; 120 p. ; 19 cm.,ISBN : 978-987-1098-98-9
1620," Bornemann, Elsa",Disparatario," Argentina : Ed. Santillana, 2015 ; il. ; 120 p. ; 19 cm.",ISBN : 978-950-46-4319-7
1621," Bornemann, Elsa",Un elefante ocupa mucho espacio," Argentina : Ed. Santillana, 2015 ; il. ; 104 p. ; 19 cm.",ISBN : 978-950-46-4320-3
1622," Moreno, Alberto",Dimozaurios de la A a la Z,"Argentina : Ed. ARTEMISA, 2016 ; il. ; 24 cm",ISBN : 978-987-674-555-0
1623," Rivero, Viviana",Y ellos se fueron," Argentina : Ed. Booket, 2017 ; 375 p. ; 19 cm.",ISBN : 978-987-580-697-5
1624," Rivero, Viviana",La magia de la vida," Argentina . Ed. Booket, 2017 ; 457 p. ; 19 cm.",ISBN : 978-987-580-853-9
1625," Rivero, Viviana",Mujer y maestra en un mundo de hombres," Argentina : Ed. Emecé, 2017 ; 173 p. ; 22 cm.",ISBN : 978-950-04-3834-6
1625," Rivero, Viviana",Los colores de la felicidad," Argentina : Ed. Emecé, 2015 ; 438 p. ; 22 cm.",ISBN : 978-950-04-3760-8
1627," Romana, Muriel",Mas alla de la gran muralla," España :  Ed. B, 2002 ; 366 p. ; 22 cm.",ISBN : 84-666-0667-X
1628," Cornwell, Patricia D.",La isla de los perros," España : Ed. B, 202 ; 454 p. ; 22 cm.",ISBN : 84-666-653-X
1629," Ellroy, Janes",Noches en Hollywood," España : Ed. B, 2009 ; 287 p. ; 22 cm.",ISBN : 978-84-666-4236-1
1630," Urian, Elizabeth",Los hermanos Broderick," Argentina : Ed. Vestales, 2012 ; 318 p. ; 21 cm.",ISBN : 978-987-1568-46-8
1631," Gallonay, Steven",el equilibrista," Argentina : Ed. El Atene, 2004 ; 252 p. ; 21 cm.",ISBN : 950-02-7476--0
1632," Hacket, Joyce",Sonata interrumpida," Argentina : Ed. El Ateneo, 24 ; 279 p. ; 21 cm.",ISBN : 950-02-7479-5
1633," Margall, Gabriela",La dama de los espejos (Mariquita Sanchez una vida apasionada)," Argentina : Ed. Javier Vergara, 2014 ; 322 p. ; 22 cm.",ISBN : 978-950-15-2607
1634," Lakk, Sarah",A la sombra del árbol kauri," Argentina : Ed. B, 2014 ; 806 p. ; 22 cm.",ISBN : 978-84-666-5493-7
1635," Emptaz, Erik",La maldición de la medusa," Argentina : Ed. El Ateneo, 2006 ; 237 p. ; 22 cm.",ISBN : 950-02-3085-2
1636," Slaughter, Frank G.",Los galileos," Argentina : Ed. El Ateneo, 2008 : 347 p. ; 22 cm.",ISBN : 978-950-02-0334-
1637," Rowling, J. K.",Harry Potter y el legado maldito," Argentina : Ed. Salamandra, 2016 ; 333 p. ; 21 cm.",ISBN : 978-84-9838-755-1
1638, Rowling J. K.,Harry Potter y la orden del fenix," Argentina : Ed. Salamandra, 2016 ; 925 p. ; 21 cm.",ISBN : 978-84-9838-664-6
1639," Flifer, Laurent",En inventor de la máquina prodigiosa," Argentina : ed. El Ateneo, 2007 ; 297 p. ; 22 cm.",ISBN : 978-950-02-3097-1
1640," Saylor, Steven",La muerte llega a Roma," Argentina : Ed. El Ateneo, 2006 ; 31 p. ; 22 cm.", ISBN : 95-02-5482-
1641," Bracco, Diego",María de Sanabria,"Argentina : Ed. El Ateneo, 29 ; 277 p. ; 22 cm.",ISBN : 978-95-02-457-6
1642," Bracco, Diego",El mejor de los mundos," Argentina : Ed. El Ateneo, 201 ; 221 p. ; 22 cm.",ISBN : 978-950-2-566-5
1643," Echague, Soledad",¿De qué me disfrazo?,"Argentina : Ed. Booket, 201 ; 187 p. ; 21 cm.",ISBN : 978-987-157-2-7
1644," Krichesky, Marcelo",Proyectos de orienteción y tutotía," Argentina : Ed. Paidos, 2008 ; 247 p. ; 21 cm",ISBN : 978-950-12-6129-5
1645," Milano, Andrea",Pasado imperfecto," Argentina : Ed. Vestales, 2012 ; 237 p. ; 21 cm.",ISBN : 978-987-1405-05-3
1646," Cleave, Chris",A por el oro," Espeaña  : Ed. Maeva, 212 ; 363 p. ; 22 cm.",ISBN : 978-84-15120-95-7
1647," Lee, Mauren",Las cuatro hermanas," Madrid : Ed. Maeva, 209 ; 415 p. ; 22 cm",ISBN : 978-84-92695-3-4
1648," Frances, Bel",No te fies de un bandido," Argentina : Ed. Vestales, 2007 ; 239 p. 21 cm.",ISBN  978-987-2147-8-2
1649," Lake, Amber",Estrategias del destino," Argentina : Ed. Vestales, 2011 ; 383 p. ; 21 cm.",ISBN : 978-987-145-08-4
1650," Exilart, Gabriela",Renacer de los escombros," Argentina : Ed. P&J, 2014 ; 413 p. ; 22 cm.",ISBN : 978-950-644-306-1
1651," Velazco,  Claudia",Promesas de amor cumplidas," Argentina : Ed. Vestales, 2008 ; 383p. ; 21 cm.",ISBN : 978-987-145-07-7
1652," Fontanarrosa, Roberto",Inodoro Pereyra el renegau," Argentina : Ed. Planeta, 2016 ; 19 cm.",ISBN : 978-950-49-5256-5
1653, Quino,Diez años con Mafalda," Argentina : Ed. De La Flor, 2016 ; 190 p. ; 27 cm.",ISBN : 978-950-515-675-7
1654," Méndez, Marcela",Celia Torrá ensayo sobre su vida y su obra en su tiempo, Argentina : Ed. Bicentenario ; 2010 ; il. ; 60 p. ; 20 cm.,ISBN : 978-987-5-9926-5
1655," Méndez, Marcela",Orquesta Sinfónica de Entre Ríos 1948 - 2013," Argentina : ED. Delta Editora, 2013 ; il. ; 124 p. ; 22 cm.",ISBN : 978-987-1698-25-7
1656," Melville, Herman",Moby Dick," Colombia : Ed. Oveja Negra, 1985 ; 286 p. ; 19 cm.",ISBN : 84-828-958-X
1657," Camilleri, Andrea",El perro de terracota," Argentina : Ed. Emecé, 1999 ; 257 p. ; 21 cm.",ISBN : 95-4-2053-8
1658, Almafuerte,Prosa y poesía," Argentina : Ed. Universitaria, 1962 ; 91 p. ; 17 cm.",nan
1659,"  Berlo, Angel G.",Yoga autentico en mi hogar," Argentina : Ed. Lux, ; il. ; 97 p. ; 21 cm.",ISBN : 95-43-8766-7
1660," González, Eduardo",La maldición de Moctezuma," Argentina : Ed. Norma, 2005 ; il. ; 211 p. ; 18 cm.",ISBN : 987-545-344-7
1661," Lorman, Josepe",El Vampiro del torreón," Argentina : Ed. ANAYA,  ; il. ; 125 p. ; 18 cm.",ISBN : 84-207-6543-
1662," Calderón, Emilo",El fantasma de cera," Argentina : Ed. ANAYA,  ; il. ; 89 p. ; 18 cm.",ISBN : 84-207-978-8
1663," Fuchs, Gerd","Charly, el ratón cazagatos"," Argentina : Ed. ANAYA, ; il. ; 79 p. ; 19 cm",ISBN : 84-207-906-
1664,"  MacDonald Read, Margaret",Cuentos que van y vienen," Argentina : Ed. Aique, 2001 ; il. ; 159 p. ; 22 cm.",ISBN : 95-71-78-1
1665," Wargon, Cristina",El dascabellado oficio de ser mujer," Argentina : Ed. De la Urraca, 1992 ; 128 p. ; 22 cm.",ISBN : 95-9265-16-0
1666," Mastretta, Angeles",Mujeres de ojos grandes," Argentina : Ed. Seix Barral, 1992 ; 188 p. ; 21 cm.",ISBN : 950-731-133-5
1667," Menapace, Mamerto",Entre el brocal y la fragua," Argentina : Ed. Patria Grande, 1994 ; 117 p. ; 18 cm.",ISBN : 950-546-89-9
1668,"  Menapace, Mamerto",El paso y la espera," Argentina : Ed. Patria Grande, 1991 ; 104 p. ",ISBN : 950-546-97-X
1669," Menapace, Mamerto",El paso y la espera," Argentina : Ed. Patria Grande, 2014 ; 101 p. ; 17 cm.",ISBN : 978-950-546-053-3
1670,"Wood, Barbara ",La profetisa," Argentina : Ed. Buenos Aires, 2010 ; 407 p ; 18 cm.",ISBN :  978-987-566-552-1
1671, Nueva Literatura de Habla Hispana,Antoligía de varios Autores Tomo 2," Argentina : ED. Nuevo Ser, 2009 ; 189 p. ; 19 cm.",ISBN : 978-987-1226-43-6
1672," Yarza caudet, Francisco",Antología de leyendas universales," Madrid : Ed. M. E., 1995 ; 304 p. ; 20 cm.",ISBN : 84-495-0176-8
1673, Poetas de la S.A.D.E.,"Breve antología de los poetas ""Club de la pluma alzada"""," Argentina : Ed. Gabas, 28 ; 191 p. ; 22 cm.",ISBN : 978-987-1251-23-
1674,"Holt, Anne",Bienaventurados los sedimentos," Argentina : Ed. Roca, 2011 ; 216 p. ; 22 cm.",ISBN : 978-84-9918-555-2
1675,Anónimo,Viviendo bien con diabetes,"Argentina : Ed. Abbot Laboratories, 2012 ; il. ; 35 p. ; 19 cm.",ISBN : 978-987-25651-2-1
1676," Buch, Tomás",Sistemas Tecnológicos," Argentina : Ed. AIQUE,1999 ; il. ; 424 p. ; 22 cm.",ISBN : 95-71-536-1
1677," Maas, Pablo; Castillo, José",Economía," Argentina : Ed. AIQUE, 2002 ; il. ; 195 p. ; 23 cm.",ISBN : 95-71-859-X
1678," Di  Sarli, María Cristina",Del Big Bang al Homo sapiens una aproximación al proceso evolutivo," Argentina : Ed. AIQUE, 1999 ; il. ; 167 p. ; 23 cm.",ISBN : 950-701-565-5
1679,Del Big Bang al Homo sapiens una aproximación al proceso evolutivo," Argentina : Ed. AIQUE, 1999 ; il. ; 167 p. ; 23 cm.",ISBN : 950-701-565-5,nan
1680, AIQUE,Manual Aique Multiciencias," Argentina : Ed. Grupo Aique, 1997 ; il, ; 399 p. ; 27 cm.",ISBN : 95-71-326-1
1681," Steel, Danielle",Vidas cruzadas," Argentina : Ed. Debolsillo, 2008 ; 450 p. ; 18 cm. ",ISBN : 978-987-566-367-1
1682, Reader's Digest,Diccionario," Mexico : Ed. Reader's Digest, 2002 ; 1152 p. ; 28 cm.",ISBN : 968-546-19-1
1683," García Márquez, Gabriel",Cien años de soledad," Argentina : Ed. Sudamericana, 1967 ; 609 p. ; 20 cm.",ISBN : 978-84-24-7183-9
1684," Allende, Isabel",El plan infinito," Argentina : Ed. Sudamericana, 2013 ; 410 p. ; 18 cm.",ISBN : 978-950-07-445-8 
1685," Chaucer, Geooffrey",Cuentos de Canterbury," Argentina : Ed. Gradifco, 2004 ; 349 p. ; 18 cm.",ISBN : 987-1093-93-4
1686," Perry, Anne",Asesino en la oscuridad," Argentina : Ed. Ediciones B, 2007 ; 35 p. ; 22 cm.",ISBN : 978-84-666-3872-2
1687," Bigliardi, Pablo",El santo de saco viejo," Argentina : Ed. Ultino Recurso, 2015 ; 251 p. ; 19 cm.",ISBN : 978-987-3852-06-0
1688," Stamateas, Alejandra",Culpable por ser mujer," Argentina : ED. Booket, 2011 ; 213 p. ; 18 cm.",ISBN : 978-987-580-428-9
1689," Faur, Patricia",Estrés conyugal," Argentina : Ediciones B, 2011 ; 166 p. ; 22 cm.",ISBN : 978-987-627-249-0
1690," Raquin, Bernard",¡No dejes que te manipulen!," Argentina : Ed. Lumen, 2009 ; 106 p. ; 20 cm.",ISBN : 978-987-00-0878-1
1691," Faure, Jean-Philippe ",Educar sin castigos ni recompensas," Argentina : Ed. Lumen, 2007 ; 119 p. ; 20 cm.",ISBN : 978-987-00-0701-2
1692," Bonelli, Florencia",Lo que dicen tus ojos," Argentina : Ed. Alfaguara, 2014 ; 330p. ; 21 cm.",ISBN : 978-987-4-1433-9
1693," Bonelli, Florencia",Caballo de fuego París 1," Argentina ; Ed. Alfaguara, 2014 ; 224 p. ; 21 cm.",ISBN : 978-987-04-3326-2
1694," Bonelli, Florencia",Caballo de fuego París 2," Argentina : Ed. Alfaguara, 2014 ; 349 p. ; 21 cm.",ISBN : 978-987-04-3327-9
1695," Bonelli, Florencia",Caballo de fuego Congo 1," Argentina : Ed. Alfaguara, 2014 ; 303 p. ; 21 cm.",ISBN : 978-987-4-3322-4
1696," Bonelli, Florencia",Caballo de fuego Congo 2," Argentina : Ed. Alfaguara, 2014 ; 300 p. ; 21 cm.",ISBN : 978-987-04-3321-7
1697," Bonelli, Florencia",Caballo de fuego Gaza 1," Argentina : Ed. Alfaguara, 2014 ; 361 p. ; 21 cm.",ISBN : 978-987-04-3320-0
1698," Bonelli, Florencia",Caballo de fuego Gaza 2," Argentina : Ed. Alfaguara, 2014 ; 318 p. ; 21 cm.",ISBN : 978-987-04-3325-5
1699, Morris - Goscinny,Lucky Luke, Argentina : Ed. Lucky Comics. 2004 ; il. ; 208 ; 20 cm.,nan
1700," Blajaquis, Camilo",La venganza del cordero atado," Argentina : Ed. Continente, 2011 ; 127 p. ; 19 cm.",ISBN : 978-95-754-36-7
1701," Díaz, Jorge",La justicia de los errantes," Argentina : Ed. Plaza & Janés, 2012 ; 459 p. ; 22 cm.",ISBN : 978-950-644-260-6
1702," Turow, Scott",Inocente," Argentina : Ed. Mondadori, 2010 ; 427 p. ; 22 cm.",ISBN : 978-987-658-062-5
1703," Kazinski, A. J. ",El último hombre bueno," Argentina : Ed. Ediciones B, 2011 ; 518 p. ; 22 cm.",ISBN : 978-84-666-4732-8
1704," Grisham, John",Tiempo de matar," Argentina : Ed. Sudamericana, 2011 ; 641 p. ; 18 cm.",ISBN : 978-95-07-3351-9
1705," Grisham, John",El jurado," Argentina : Ed. B, 1998 ; 607 p. ; 18 cm",ISBN : 956-7510-13-X
1706," Grisham, John",La tapadera," Argentina : Ed. Sudamericana, 2011 ; 513 p. ; 18 cm.",ISBN : 978-950-07-3349-6
1707," Steel, Danielle",Su alteza real," Argentina : Ed. Sudamericana, 2012 ; 347p. ; 18 cm.",ISBN : 978-950-07-3302-1
1708," Steel, Danielle",Esperanza," Argentina : Ed. Sudemaricana, 2011 ; 232 p. ; 18 cm.",ISBN : 978-950-07-3552-0
1709," Steel, Danielle",El beso," Argentina : Ed. Sudamericana, 2012 ; 365 p. ; 18 cm.",ISBN : 978-950-07-331-4
1710," Steel, Danielle",El largo camino a casa," Argentina : Ed. Sudamericana, 2011 ; 377 p. ; 18 cm.",ISBN : 978-950-07-3308-3
1711, Steel. Danielle,Epezar de nuevo," Argentina : Ed. Sudamericana, 2015 ; 234 p. ; 18 cm.",ISBN : 978-950-7-5104-9
1712," Steel, Danielle",El anillo," Argentina : Ed. Sudamericana, 2011 ; 455 p. ; 18 cm.",ISBN : 978-950-07-3553-7
1713," Steel, Danielle",Ecos," Argentina : Ed. Sudamericana, 2010 ; 349 p. ; 18 cm.",ISBN : 978-950-07-3298-7
1714," Steel, Danielle",Aguila solitaria," Argentina : Ed. Sudamericana, 2011 ; 356 p. ; 18 cm.",ISBN : 978-950-07-3443-1
1715," Sheldon, Sidney",más allá de la medianoche," Argentina : Ed. Emecé, 2014 ; 382 p. ; 18 cm.",ISBN : 978-95-04-3610-6
1716," Sheldon, Sidney",La conspiración del juicio final," Argentina : Ed. Emecé, 2014 ; 332 p. ; 18 cm.",ISBN : 978-95-4-3611-3
1717," Sheldon, Sidney",El precio de la intriga," Argentina : Ed. Emecé, 2014 ; 478 p. ; 18 cm.",ISBN : 978-95-4-3609-
1718," Sheldon, Siney",¿Tienes miedo a la oscuridad?," Argentina : Ed. Emecé, 2014 ; 294 p. ; 18cm.",ISBN : 978-950-04-3618-2
1719," Sheldon, Sidney",Los mejores planes," Argentina : Ed. Emecé, 2014 ; 254 p. ; 18 cm.",ISBN : 978-950-04-3621-2
1720," Steel, Danielle",Juego de cita," Argentina : Ed. Sudamericana, 2010 ; 386 p. ; 18 cm.",ISBN : 978-950-07-3299-4
1721," Quintero, Dante Raúl",Correrías de Patoruzito John el solitario," Argentina : Ed. ORBIT, 2010 ; il. ; 64 p. ; 13 cm.",ISBN : 978-987-1721-22-1
1722," Quintero, Dante Raúl",Correrías de Patoruzito  La bella y el ogro," Argentina : Ed. ORBIT, 2010 ; il. ; 64 p. ; 13 cm.",ISBN : 978-987-1721-15-3
1723," Quintero, Dante Raúl",Andanzas de Patoruzú El gran lagarto," Argentina : Ed. ORBIT, 2010 ; il. ; 64 p. ; 13cm.",ISBN : 978-987-1721-52-8
1724," Quintero, Dante Raúl","Correrías de Patoruzito Sonrrisas, el payaso"," Argentina : Ed. ORBIT, 2010 ; il. ; 64 p. ; 13 cm.",ISBN : 978-987-1721-01-6
1725," Quintero, Dante Raúl",Andanzas de Patoruzú Capeón olímpico," Argentina : Ed. ORBIT, 2010 ; il. ; 64 p. ; 13 cm.",ISBN : 978-987-1721-48-1
1726," Bornamann, Elsa Isabel",El libro de los chicos emamorados," Argentina : Ed. ALFAGUARA, 2012 ; il. ; 130 p. ; 19cm.",ISBN : 978-987-4-0228-2
1727," Por, Edgar Allan y Verne, Julio","La carta robada, La vuelta al mundo en 80 días"," Argentina : Ed. TintaFresca, 2014 ; il. ; 19 cm.",ISBN : 978-987-1789-56-6
1728," Pescetti, Luis María",Natacha," Argentina : Ed. Alfaguara, 2013; il. ; 114 p. ; 19 cm.",ISBN : 978-987-04-112-5
1729," Blake, Michael",Bailando con lobos," España : Ed. Grijalbo, 1993 ; 351 p. ; 20 cm.",ISBN : 84-473-0139-7
1730," Eco, Homberto",La misteriosa llama de la reina Loana," Argentina : Ed. Lumen, 2005 ; 58 p. ; 22 cm.",ISBN : 84-264-1491-5
1731,"  De Miguel, María Esther","El General, el Pintor y la Dama"," Argentina : Ed. Planeta, 2006 ; 283 p. ; 22 cm.",ISBN : 950-49-1570-1
1732," Riel, Jorn",La historia de los hombres que amaban el hielo," España : Ed grijalbo, 1999 ; 20 cm.",ISBN : 84-253-3350-4
1733," Bracco, Diego",El mejor de los mundos," Argentina : Ed. El Ateneo, 2010 ; 222 p. ; 22 cm.",ISBN : 978-950-2-0566-5
1734," Grisham, John",El estafador," Argentina :  Ed. P & J, 2013 ; 394 p. ; 22 cm.",ISBN : 978-950-644-285-9
1735, Nik,Gaturro a lo grande 6,"Argentina : Ed. Catapulta, 2017 ; il. ; 93 p. ; 27 cm.",ISBN : 978-987-637-646-4
1736, Nik,Gaturro 27," Argentina : Ed. De la Flor, 2016 ; il. ; 95 p. ; 13 cm.",ISBN : 978-950-515857-7
1737, Nik,Gaturro 28," Argentina : Ed. Dela Flor, 2017 ; il. ; 95 p. ; 13 cm.",ISBN : 978-95-515-862-1
1738, Nik,Gaturro 25,"Argentina : Ed. De la Flor, 2015 ; il. ; 95 p. ; 13 cm.",ISBN : 978-95-515-839-3
1739, Nik,Gaturro 26,"Argentina : Ed. Dela Flor, 2017 ; il. ; 95 p. ; 13 cm.",ISBN : 978-950-515-852-2
1740, Nik,Gaturro 29,"Argentina : Ed. De la flor, 2017 ; il. ; 95 p. ; 13 cm.",ISBN : 978-950-515-863-8
1741," Bornemann, Elsa",Cuadernos de un delfin," Argentina : Ed. Santillana, 2016 ; il. ; 125 p. ; 19 cm.",ISBN : 978-950-46-4699-0
1742," Montes, Graciela",La batalla de los monstruos y las hadas," Argentina : Ed. Santillana, 2017 ; il. ; 100 p. ; 19 cm.",ISBN : 978-950-46-4515-3
1743," Dahl, Roald",Matilda," Argentina : Ed. Santillana, 2015 ; il. ; 287 p. ; 19 cm.",ISBN : 978-950-46-4368-5
1744," Valentino, Esteban", Los guerreros de la hierba," Argentina : Ed, Santillana, 2016 ; il. ; 79 p. ; 19 cm.",ISBN : 978-95-46-4885-7
1745," Roldán, Gustavo",Cuentos que cuentan los indios," Argentina : Ed. Santilana, 2016 ; il. ; 129 p. 19 cm.",ISBN : 978-950-46-4878-9
1746," Mariño, Ricardo",Perdido en la selva," Argentina : Ed. Santillana, 2016 ; il. ; 68 p. ; 19 cm.",ISBN : 978-950-46-4518-4
1747," Escudero, Laura",Encuentro con Flo," Argentina : Ed. SM, 2017 ; 174 p. ; 18 cm.",ISBN : 978-987-573-053-3
1748," Falconi, María Ines",Caídos del mapa i," Argentina : Ed. Quipu, 2016 ; 159 p. ; 20 cm.",ISBN : 978-987-54-27-4
1749," Hirsch, Alex",Gravity falls," Argentina : Ed. Planeta, 2018 ; il. ; 288 p. ; 21 cm.",ISBN : 978-050-49-6131-4
1750, Colección Sueños,"Piratas, Dragones, Dinosaurios en mis sueños, "," Argentina : Ed. Betina, 2016 ; il. ; 14 p. ; 16 cm.",ISBN : 
1751,"Piratas, Dragones, Dinosaurios en mis sueños, "," Argentina : Ed. Betina, 2016 ; il. ; 14 p. ; 16 cm.",ISBN : ,nan
1752," Argentina : Ed. Betina, 2016 ; il. ; 14 p. ; 16 cm.",ISBN : ,nan,nan
1753," Donoghue, Emma",El prodigio," España : Ed.Ediciones B, 2017 ; 426 p.  ",ISBN : 978-84-666-6103-4
2754, Ramos Graciela,Los Amantes de San Telmo," Argentina : Ed. Suma de letras, 2016 ; 378 p. ; 22cm.",ISBN : 978-987-739-028-5
1755," Margall, Gabriela",Huellas en el desierto," Argentina : Ed. Javier Vergara, 2017 ; 237 p. ; 22 cm.",ISBN : 978-950-15-6204-
1756," Perry, Anne",Laberintos de la noche," Argentina : Ed. Ediciones B, 2017 ; 357 p. ; 22 cm.",ISBN : 978-84-666-6128-7
1757," Foenkinos, David",La delicadeza," Argentina : Ed. Seix Barral, 2015 ; 218 p. ; 22 cm. ",ISBN : 978-95-731-716-3
1758," Unamuno, Miguel de",Niebla," Argentina : Ed. Gradifco, 2008 ; 254 p. ; 19 cm.",ISBN : 978-987-571-0801
1759," Austen, Jane",Orgullo y perjuicio," Argentina : Ed. Gradifco, 2008 ; 320p. ; 18 cm.",ISBN : 978-987-1093-72-4
176," Manseau, Peter",La biblioteca de los sueños rotos," España : Ed. Duomo, 2010 ; 446 p. ; 21 cm.",ISBN : 978-84-92723-45-4
1761," Dickens, Charles", Tiempos dificiles," Argentina : Ed. Gradifco, 2008 ; 384 p. ; 19 cm.",ISBN : 978-987-571-082-5
1762," Shakespeare, William",Sueño de un noche de verano. Antonio y Cleopatra," Argentina : Ed. Agebe, 2008 ; 172 p. ; 19 cm.",ISBN : 978-987-1165-79-7
1763," Mastretta, Angeles",Mujeres de ojos grandes," Argentina : Ed. Booket, 2015 ; 237 p. ; 18 cm.",ISBN : 978-987-58-728-0
1764," Ferrari, Andrea",La noche del polizón," Argentina : Ed. Norma, 217 ; 155 p. ; 20 cm.",ISBN : 978-987-545-310-4
1765," Dickens, Charles",Cuento de navidad," Argentina : Ed. Gradifco, 2007 ; 127 p. ; 18 cm.",ISBN : 978-987-1093-91-5
1766," Bodoc, Liliana",El espejo africano," Argentina : Ed. sm, 2018 ; 122 p. ; 19 cm",ISBN : 978-987-573-509-4
1767,El espejo africano," Argentina : Ed. sm, 2018 ; 122 p. ; 19 cm",ISBN : 978-987-573-509-4,nan
1768," Bodoc, Liliana",Amigos por el viento," Argentina : Ed. Alfaguara, 2017; il. ; 85 p. ; 21 cm.",ISBN : 978-987-738-389-8
1769," Serrano, Marcela",La Novena," Argentina : Ed. Alfaguara, 2016 ; 252 p. ; 23 cm.",ISBN : 978-987-738-279-2
1770," Balmaceda, Daniel",Que tenían puesto La moda en la Historia Argentina," Argentina : Ed. Sudamericana, 2018 ; il ; 378 p. ; 22 cm.",ISBN : 978-950-7-6205-2
1771," Benelli, Florencia",Aquí hay dragones,"Argentina : Ed. SUMA, 2018 ; 763 p. ; 22 cm.",ISBN : 978-987-739-11-7
1772," Ruiz Zafón, Carlos",El laberinto de los espíritus," Argentina : Ed. Planeta, 2016 ; 922 p. ; 22 cm.",ISBN : 978-950-49-552-3
1773," Vina, Jackson",Ochenta melodías de pasión," España : Ed OCEANO, 2013 ; 335 p. ; 22 cm.",ISBN : 978-67-8383-0-7
1774," Rolón, Gabriel",La voz ausente," Argentina : Ed. Emecé, 2018 ; 540 p. ; 22 cm.",ISBN : 978-950-4-3981-7
1775," Benedetti, Mario",Con y sin nostalgia," Argentina : Ed. Planeta, 2016 ; 157 p. ; 18 cm.",ISBN : 978-950-4953-5
1776," Benedetti, Mario","El amor, las mujeres y la vida"," Argentina : Ed. Planeta, 2016 ; 175 p. ; 18 cm.",ISBN : 978-950-49-4998-5
1777," Benedetti, Mario",Primavera con esquina rota," Argentina : Ed. Planeta, 2016 ; 219 p. ; 18 cm.",ISBN : 978-950-49-5002-8
1778," Almada, Selva",Ladrilleros," Argentina : Ed. La Página S. A., 2018 ; 177 p. ; 19 cm.",ISBN : 978-987-53712-0
1779," Guarinoni, Mariana",Tierra de fugitivos,"Argentina : Ediciones B, 2018 ; 379 p. ; 18 cm.",ISBN : 978-987-627-847-8
1780," Gruen, Sara",Agua para elefantes," Argentina : Ed. deBolsillo, 2018 ; 534 p. ; 18 cm.",ISBN : 978-987-725-272-9
1781," Roa Bastos, Augusto",Contravida," Argentina : Ed. Norma, 1994 ; 266 p. ; 20 cm.",ISBN : 958-04-2931-6
1782," Bizai, José",Liderazgo Neuroespiritual en acción," Argentina : Ed. Sb, 2018 ; 215 p. ; 22 cm.",ISBN : 978-987-4434-32-6
1783," Colfer, Chris",La tierra de las histórias El hechizo de los deseos," Argentina : Ed. V&R, 2018 ; 438 p. ; 20 cm.",ISBN : 978-987-747-062-8
1784," Pimenta, Paula",Viviendo mi pelícila la estrella de Fani 1," Argentina : Ed. V&R, 2014 ; 365 p. ; 20 cm.",ISBN : 978-987-612-855-1
1785," Furiasse, Mariana",Intermitente Rafaela," Argentina : Ed. SM, 2017 ; 243 p. ; 18 cm.",ISBN : 978-987-731-396-3
1786," Punset, Ana",El Club de las ZAPATILLAS ROJAS," Argentina : Ed. Montena, 2018 ; il. ; 238 p. ;  20 cm.",ISBN : 978-987-4924-4-9
1787," Hirs, Alex",Gravity falls cómix 2," Argentina : Ed.Planeta, 2018 ; il. ; 239 p. ; 20 cm. ",ISBN : 978-950-49-6197-
1788," Falconi, María Ines",Caídos del mapa V," Argentina : Ed. Quipú, 2017 ; 255 p. ; 20 cm.",ISBN : 978-987-54-45-8
1789," Falconi, María Ines",Caídos del mapa VII," Argentina : Ed. Quipu, 2017 ; 239p. ; 20 cm.",ISBN : 978-987-504-47-2
1790," Dahl, Roald",Charlie y la fabrica de chcolate," Argentina : Ed. Santillana, 2015 ; il. ; 199 p. ; 19 cm.",ISBN : 978-950-46-4367-8
1791," Falconi, María ines",Caro Dice," Argentina : Ed. Santillana, 2015 ; il. ; 258 p. ; 19 cm.",ISBN : 978-950-46-4370-8
1792," Bordons, Paloma",Latierra de las papas," Argentina : Ed. SM, 2018 ; 135 p. ; 18 cm.",ISBN : 978-987-573-335-0
1793," Ferrari, Andrea",Café solo," Argentina : Ed. SM, 2013 ; 117 p. ; 18 cm.",ISBN : 978-987-573-366-4
1794," Furiasse, Mariana",Rafaela," Argentina : Ed. SM, 2017 ; 127 p. ; 18 cm. ",ISBN : 978-987-1098-19-4
1795," Brandá Aráoz, María ",Detectives en Recoleta," Argentina : Ed. Alfaguara, 2013 ; il. ; 278 p. ; 19 cm.",ISBN : 978-987-04-0227-5
1796," Gattari, María Florencia",Posición adelantada," Argentina : Ed. SM, 2011 ; 133 p. ; 18 cm.",ISBN : 978-987-573-126-4
1797," Lindo, Elvira",Amigos del alma," Argentina : Ed. Santillana, 2017 ; il. ; 46 p. ; 19 cm.",ISBN : 978-950-46-51963
1798," Bornemann, Elsa",Puro ojos," Argentina : Ed. Santillana, 2016 ; il. ; 63 p. ; 19 cm.",ISBN : 978-950-46-4408-8
1799," Mariño, Ricardo",Cuentos ridículos," Argentina : Ed. Santillana, 2017 ; il. ; 73 p. ; 19 cm.",ISBN : 978-950-46-4445-3
1800," Bornemann, Elsa",¡Nada de tucanes!," Argentina : Ed. Santillana, 2017 ; il. ; 76 p. ; 19 cm.",ISBN : 978-950-46-4321-0
1801," Granatta, María",El gallo Quiquiricó y los zancos traviesos," Argentina : Ed. Sigmar, 2017 ; il. ; 16 p. ; 20 cm.",ISBN : 978-950-11-3442-1
1802," Granatta, María",Viaje en globo y un pichón de avestruz," Argentina : Ed. Sigmar, 2017 ; il. ; 16 p. ; 20 cm.",ISBN : 978-950-113438-4
1803," Hines, J I M C.",La locura de la sirena," Argentina : Ed. El Ateneo, 2018 ; 493 p. ; 22 cm.",ISBN : 978-950-02-0962-5
1804," Lins e Silva, Flávia",Diario de Pilar en Egipto," Argentina : Ed. V & R, 2018 ; il. ; 160 p. ; 18 cm.",ISBN : 978-987-747-131-1
1805," Lins e Silva, Flávia",Diario de Pilar en Machu Pichu," Argentina : Ed. V & R, 2018 ; il. ; 155 p. ; 18 cm.",ISBN : 978-987-747-306-3
1806," Lins e Silva, Flávia",Diario de Pilar en Grecia," Argentina : Ed. V & R, 2018 ; il. ; 151 p. ; 18 cm.",ISBN : 978-987-612-824-7
1807," Rowe, Jeffrey",Gravity falls Dipper y Mabel," Argentina : Ed. Planeta, 2019 ; il. ; 295 p. ; 20 cm.",ISBN : 978-950-49-6080-5
1808," Renzetti, Rob",Gravity falls Guía de misterio y diversión," Argentina : Ed. Planeta, 2018 ; il. ; 160 p. ; 20 cm.",ISBN : 978-950-49-6132-1
1809," Montes, Graciela","Doña Clementina queridita, la achicadora"," Argentina : Ed. Colihue, 2016 ; 74 p. ; 16 cm.",ISBN : 978-950-581-513-5
1810," Schujer, Silvia",Cientos y chinventos," Argentina : Ed. Colihue, 2015 ; 77 p, ; 16 cm.",ISBN : 978-950-581-520-3
1811," Mariño, Ricardo",Cuentos del circo," Argentina : Ed. Colihue, 2015 ; 70 p. ; 16 cm.",ISBN : 978-950-581-530-5
1812," Montes, Graciela",Historia de un amor exagerado," Argentina : Ed. Colihue, 2014 ; 65 p. ; 16 cm.",ISBN : 978-95-581-525-8
1813," Brezenoff, Steve",Ravens Pass  La isla perdida," Uruguay : Ed. Latinbooks, 2016 : il. ; 86 p. ; 19 cm.",ISBN : 978-9974-738-73-7
1814," Brezenoff, Steve",Ravens Pass Tramposos," Uruguay : Ed. Latinbooks, 2016 ; il. ; 87 p. ; 19 cm.",ISBN : 978-9974-738751
1815," Brezenoff, Steve",Ravens Pass No hay lugar como el hogar," Uruguay : Ed. Latinbooks, 2016 ; il. ; 86 p. ; 19 cm.",ISBN : 978-9974-738-74-4
1816, Nik,Gaturro 50 cuentos para leer en un minuti," Argentina : Ed. Sudamericana, 2019 ; il. ; 116 p. ; 20 cm.",ISBN : 978-950-07-6222-9
1817, Nik,Gaturro 31," Argentina : Ed. De la Flor, 2018 ; il. ; 95 p. ; 13 cm.",ISBN : 978-950-515-870-6
1818, Nik,Gaturro 16," Argentina : Ed. De la Flor, 2014 ; il. ; 95 p. ; 13 cm.",ISBN : 978-950-515-7990
1819, Nik,Gaturro 11," Argentina : Ed. De la Flor, 2018 ; il. ; 95 p. ; 13 cm.",ISBN : 978-950-515-788-4
1820, Nik,Gaturro 24," Argentina : Ed. De de la For, 2015 ; il ; 95 p. ; 13 cm.",ISBN : 978-950-515-824-9
1821, Nik,Gaturro 7," Argentina : Ed. De la Flor, 2018 , il. ; 95 p. ; 13 cm.",ISBN : 978-950-515-770-9
1822," Vaccarini, Franco",Lobo y ogro se pelean," Argentina : Ed. SIGMAR, 2017 ; il. ; 16 p. ; 21 cm.",ISBN : 978-95-11-3726-2
1823," Schuff, Nicolas",Aprendiz de bruja," Argentina : Ed. SIGMAR, 2018 ; il. ; 16 p. ; 21 cm.",ISBN : 978-950-11-3723-1
1824," Suárez, Patricia",Pollo primor," Argentina : Ed. SIGMAR, 2018 ; il. 16 p. ; 21 cm.",ISBN : 978-95-11-3730-9
1825," Vaccarini, Franco",El rey mío," Argentina : Ed. SIGMAR, 2017 ; il. ; 16 p. ; 21 cm.",ISBN : 978-950-11-3725-5
1826," Schuff, Nicolas",Cornelia y el horrible pispás,"Argentina : Ed. SIGMAR, 2018 ; il. ; 16 p. ; 21 cm.",ISBN : 978-950-11-2724-8
1827," Suárez, Patricia","Rupert, el valiente"," Argentina : Ed. SIGMAR, 2018 ; il. ; 16 p. ; 21 cm.",ISBN : 978-950-11-3731-6 
1828, Anónimo,El oso anda por el bosque," Argentina : Ed. EDG, 2016 ; il, 14 cm.",ISBN : 978-987-3993-13-8
1829,Anónimo,El zorro sale de paseo," Argentina : Ed. EDG, 2016 ; il. ; 14 cm.",ISBN: 978-987-39939-11-4
1830,Anónimo,El mono hace monerías," Argentina : Ed. EDG, 2016 ; il. ; 14 cm.",ISBN : 978-987-3993-1-7
1831," Dulfano, Carla",Pepe el tractor," Argentina : Ed. Infantil, 2015 ; il. 18 cm.",ISBN : 978-987-598-337-3
1832," Dulfano, Carla",Paco el vagón," Argebntina : Ed. Infantil, 2015 ; il. ; 18 cm.",ISBN : 978-987-598-337-3
1833/12/03/2019," Rivero, Viviana",Zafiros en la piel," Argentina : Ed. Emecé, 2018 ; 244 p. ; 22 cm.",ISBN : 978-950-4-3966-4
1834,"Rivero, Viviana",Sí," Argentina : Ed. Emecé, 2017 ; 557 p. ; 22 cm.",ISBN : 978-950-04-3854-4
1835," Taylor, Elizabeth",Prohibido morir aquí," Argentina : Ed. La Bestia Equilatera, 2018; 253 p. ; 19 cm.",ISBN : 978-950-9749-36-8
1836," Stell, Danielle",La amante," Argentina : Ed. P&J, 2019 ; 298 p. ; 22 cm.",ISBN : 978-950-644-484-6
1837," Eger, Edith",La bailarina de Auschwitz," Argentina : Ed. Planeta, 2018 ; 412 p. ; 22 cm.",ISBN : 978-950-49-6213-7
1838," Margal, Gabriela",La Princesa de las pampas," Argentina : Ed. B, 2018 ; 325 p. ; 18 cm.",ISBN : 978-987-316-9
1839," Border, María",Aunque me resista," Argentina : Ed. P&J, 2018 ; 283 p. ; 18 cm.",ISBN : 978-95-644-451-8
1840," Pilcher, Rosamunde",La casa Vacía," Argentina : Ed. Debolsillo, 2018 ; 188 p. ; 18 cm.",ISBN : 978-987-725-273-6
1841," Guarinoni, Mariana",Tierra de fugitivos," Argentina : Ed. B, 2018 ; 379 p. ; 18 cm.",ISBN : 978-987-627-847-8
1842," Lippincott, Rachael",Ados metros de ti," Argentina : Ed. Nube de tinta, 2019 ; 283 p. ; 21 cm.",ISBN : 978-987-1997-38-1
1843,"Wernicke, Luciano",Istorias insólitas de los juegos olímpicos," Argentina : Ed. Planeta, 2016 ; 316 p. ; 22 cm.",ISBN : 978-950-49-5233-6
1844," Belli, Gioconda",Las fiebres de la memoria," Argentina : Ed. Seix Barral, 2018 ; 358 p. ; 23 cm.",ISBN : 978-980-731-954-9
1845," Casañas, Gloria v.",La mirada del puma Hechozo de amor en la Patagonia, Argentina : Ed. 2018 ; 477 p. ; 22cm.,ISBN : 978-95-644-461-7
1446," Pérez, Fernanda",La piel no olvida," Argentina : Ed. Suma de letras, 2019 ; 477 p. ; 22 cm.",ISBN : 978-987-739-118-3
1447,"Britos, Orlando", Alemanes del Volga,"Argentina : Ed, 2011 ; 118 p. ; 19 cm.",nan
1848," Valentino, Esteban",Es tan difícil volver a Itaca," Argentina : Ed. SM, 2018 ; 113 p. ; 20 cm.",ISBN : 978-987-731-86-7
1849, Homero,ODISEA," Argentina : Ed. Kapelusz, 2018 ; il. ; 191 p. ; 19 cm.",ISBN : 978-95-13-2336-8
1850," Butti, Enrique",No me digan que no," Argentina : Ed. Colihue, 2013  ; il. ; 115 p. ; 17 cm.",ISBN : 978-950-581-085-7
1851," Benedetti, Mario",La tregua," Argentina : Ed. Booket, 2017 ; 223 p. ; 18 cm.",ISBN : 978-987-580-095-3
1852," Devetach, Laura",Monigotes en la arena," Argentina : Ed. Santillana, 2019 ; il. ;  59 p. ; 19 cm.; ",ISBN : 978-950-46-4306-7
1853," Balbiano, Alejandro y Otros",Cinecias Naturales 1- Santillana en línea," Argentina : Ed. Santillana, 2018 ; il. ; 240 p. ; 27 cm.",ISBN : 978-950-46-3993-0
1854," Larsson, Stieg",La reina en el palacio de las corrientes de aire," Aregentina : Ed. Booket, 2015 ; 868 p. ; 19 cm.",ISBN : 978-987-58-488-3
1855," Larsson, Stieg",Lo que no te mata tehace mas fuerte," Argentina : Ed. Booket, 2017 ; 651 p. ; 19 cm.",ISBN : 978-987-58-874-4
1856," Larsson, Stieg",El hombre que perseguía su sombra," Argentina : Ed.Destino, 2017 ; 596 p. ; 22 cm. ",ISBN : 978-95-732-402-4
1857," Verne, Julio",El faro del fondo del mundo," Argentina : Ed. Agebe, 2007 ; 141 p. ; 19 cm.",ISBN : 987-1165-38-2
1858," Casona, Alejandro",La dama del alba," Argentina : Ed. EDAF, 2013 ; 138 p. ; 20 cm",ISBN : 978-84-414-2174-5
1859," Stephen, King",El Instituto," Argentina : Ed. P&J, 2019 ; 618 p. ; 22 cm. ",ISBN : 978-950-644-509-6
1860," Cabrera, Ana María",Macacha Guemes," Argentina : Ed. Emecé, 2016 ; 223 p. ; 22 cm.",ISBN : 978-950-04-3326-6
1861," Margall, Gabriela",La Historia Argentina contada por Mujeres," Argentina : Ed. B, 2018 ; 237 p. ; 22 cm.",ISBN : 978-987-627-318-3
1862," Margall, Gabriela",Ese ancho río entre nosotros," Argentina : Ed. Vergara, 2016 ; 280 p. ; 22 cm.",ISBN : 978-950-15-6183-8
1863," Margall, Gabriela",Lo que no se nombra," Argentina : Ed. B, 2019 ; 333p. ; 22 cm.",ISBN : 978-987-780-044-9
1864," Margall, Gabriela",Ojos color pampa," Argentina : Ed. Sentimental, 2013 ; 282 p. ; 21 cm.",ISBN : 978-987-1568-33-8
1865, Ramos. Graciela,La capitana," Argentina : Ed. SUMA, 2015 ; 421 p. ; 22 cm. ",ISBN : 978-987-734-004-9
1866," Bonelli, Florencia",Nacida bajo el fuego de Aries," Argentina : Ed. Alfaguara, 2017 ; 617 p. ; 21 cm.",ISBN : 978-987-345-4
1867," Bonelli, Florencia",El cuarto arcano El puerto de las tormentas," Argentina : Ed. SUMA, 2018 ; 589 p. ; 22 cm.",ISBN : 978--987-739-109-1
1868," Bonelli, Florencia",Nacida bajo el signo del Toro," Argentina : Ed. Alfaguara, 2014 ; 419 p. ; 20 cm.",ISBN : 978-987-04-2916-6
1869," Binelli, Florencia",Marlene," Argentina : Ed. SUMA, 2018 ; 481 p. ; 22 cm",ISBN : 978-987-739-112-1
1870," Bajo, Cristina y Otras","Ay, amor Diez historias para enamorarte"," Argentina : Ed. P&J, 2015 ; 366 p. ; 22 cm.",ISBN : 978-950-644-343-6
1871," Casañas, Gloria V.",La maestra de la laguna," Argentina : Ed. Debolsillo, 2017 ; 827 p. ; 18 cm.",ISBN : 978-987-725-007-7
1872," Casañas, Gloria V.",Por el sendero de las lágrimas," Argentina : Ed. Debolsillo, 2018 ; 541 p. ; 18 cm.",ISBN : 978-987-725-317-7
1873," Casañas, Gloria V.",La salvaje de Boston," Argentina : Ed. P&J, 2019 ; 55 p. ; 22 cm.",ISBN : 978-95-544-378-8
1874," Casañas, Gloria V.",Noche de luna larga," Argentina : Ed. P&J, 2016 ; 268 p. ; 20 cm.",ISBN : 978-950-644-43-7
1875," Casañas, Gloria V.",En alas de la seducción," Argentina : Ed. P&J, 2018 ; 441 p. ; 23 cm.",ISBN : 978-950-644-128-9
1876," Ramos, Graciela",Lágrimas de la revolución," Argentina : Ed, Alfaguara, 2013 ; 443 p. ; 22 cm.",ISBN : 978-987-04-3106-0
1877," Ramos, Graciela",La boca roja del riachuelo," Argentina : Ed. SUMA, 2017 ; 412 p. ; 22 cm.",ISBN : 978-987-939-083-4
1878, Ramos Graciela,La patria de Enriqueta," Argentina : Ed. SUMA, 2019 ; 287 p. ; 22 cm.",ISBN : 978-987-739-136-7
1879," Guarinoni, Mariana",La dueña de la Santa," Argentina : Ed. Vergara, 2016 ; 393 p. ; 22 cm.",ISBN : 978-950-15-6173-9
1880," Guarinoni, Mariana",La adelantada de los Mares del Sur," Argentina : Ed. Vergara, 2015 ; 372 p. ; 22cm.",ISBN : 978-950-15-2630-1
1881," Guarinoni, Mariana ",Hijas del sol," Argentina : Ed. Vergara, 2017 ; 427 p. ; 23 cm.",ISBN : 978-950-15-621-9
1882," Guarinoni, Mariana",Renacerán mil rosas," Argentina : ed. B, 2018 ; 382 p. ; 22 cm.",ISBN : 978-987-627-5
1883," Guarinoni, Mariana",Puerto prohibido," Argentina : Ed. Vergara, 2017 ; 344 p. ; 23 cm.",ISBN : 978-950-15-6199-9
1884," Guarinoni, Mariana",Tierra de fugitivos," Argentina : Ed. Vergara, 2014 ; 378 p. ; 23 cm.",ISBN : 978-950-15-6158-6
1885," Rivero, Viviana",Los colores de la felicidad," Argentina : Ed. Emecé, 2019 ;  438 p. ; 23 cm.",ISBN : 978-950-04-376-8
1886," Bonelli, Florencia",Jasy," Argentina : Ed. SUMA, 2014 ; 605 p. ; 23 cm.",ISBN : 978-987-04-3612-6
1887," Bonelli, Florencia",Nacida bajo el sol de acuario," Argentina : Ed. Alfaguara, 2016 ; 67 p. ; 21 cm.",ISBN : 978-987-738-161-0
1888," Bonelli, Florencia",La tierra sin mal," Argentina : Ed. SUMA, 2016 ; 787 p. ; 23 cm.",ISBN : 978-987-739-022-3
1889," Bonelli, Florencia",Bodas de odio," Argentina : Ed. SUMA, 2016 ; 396 p. ; 23 cm.",ISBN : 978-987-042848-0
1890," Bonelli, Florencia",Almanegra," Argentina : Ed. SUMA, 2015 ; 637 p. ; 23 c.",ISBN : 978-987-739-007-0
1891," Bonelli, Florencia","Dime, ¿quién es como Dios?"," Argentina : Ed. SUMA, 2019 ; 813 p. ; 23 cm.",ISBN : 978-987-739-124-4
1892," Bonelli, Florencia",Cuentos para Felipe," Argentina : Ed. Alfaguara, 2013 ; il. ; 70p. ; 22 cm.",ISBN : 978-987-04-3186-2
1893," Roux, Mandeleine",Catacomb," Argentina : Ed. V&R, 2016 ; il. ; 334 p. ; 20 cm.",ISBN : 978-987-747-059-8
1894," Roux, Mandeleine",Asylum," Argentina : Ed. V&R, 2014 ; il. ; 313 p. ; 20 cm.",ISBN : 978-987-612-778-3
1895," Roux, Mandeleine",Escape del Asylum," Argentina ; Ed. V&R, 2016 ; il. ; 340 p. ; 20 cm.",ISBN : 978-987-747-253-0
1896," Roux, Mandeleine",Sanctum," Argentina : Ed. V&R, 2015 ; il. ; 234 p. ; 20 cm.",ISBN: 978-987-612-906-0
1897," Falconi, María Inés",Caídos del mapa II Con un pie en el micro," Argentina : Ed. Quipu, 2018 ;  il. ; ;223 p. ; 20 cm.",ISBN : 978-987-504-028-1
1898," Falconi, María Inés",Caídos del mapa II En viaje de egresados," Argentina : Ed. Quipu, 2018 ;  il. ; 256 p. ; 20 cm.",ISBN : 978-987-54-029-8
1899," Falconi, María Inés",Caídos del mapa IV Chau septimo," Argentina : Ed. Quipu, 2018 ; il. ; 253 p. ; 20 cm.",ISBN : 978-987-504-03-4
1900," Falconi, María Inés",Caídos del mapa VI Un año más," Argentina : Ed. Quipu, 2017 ; il. ; 245 p. ; 20 cm.",ISBN : 978-987-504-046-5
1901," Falconi, María Inés",Caídos del mapa VII Un triste adios," Argentina : Ed. Quipu, 2017 ; il. ; 239 p. ; 2 cm.",ISBN : 978-987-504-047-2
1902," Falconi, María Inés","Caídos del mapa VIII Todos para uno, uno para todos"," Argrntina : Ed. Quipu, 2016 ; 249 p. ; 20 cm.",ISBN : 978-987-504-025-0
1903," Falconi, María Inés",Caídos del mapa IX Un novio para Miriam," Argentina : Ed. Quipu, 2015 ; 271 p. ; 20 cm.", ISBN : 978-987-504-048-9
1904," Falconi, María Inés",Caídos del mapa X ¿Llegó el final?," Argentina : Ed. Quipu, 2018 ; 279 p. ; 2 cm.",ISBN : 978-987-504-068-7
1905," Falconi, María Inés",Caídos del mapa XI Fiesta de despedida," Argentina : Ed. Quipu, 2016 ; 231 p; 20 cm",ISBN : 978-987-504-099-1
1906," Falconi, María Inés",Caídos del mapa XII Amigos con secretos," Argentina : Ed. Quipu, 2016 ; il. ; 159 p. ; 20 cm.",ISBN : 978-987-504-177-6
1907," Pimenta, Paula",Viviendo mi película 3 Novela," Argentina : Ed. V&R, 2016 ; 437 p. ; 20 cm.",ISBN : 978-987-747-138-0
1908," Pimenta, Paula",Viviendo mi película 2 novela," Argentina : Ed. V&R, 2015 ; 333 p. ; 20 cm.",ISBN : 978-987-612-995-4
1909," Pimenta, Paula",Viviendo mi película 1 Novela," Argentina : Ed. V&R, 2014 : 365 p. ; 20 cm.",ISBN : 978-987-612-855-1
1910," Colfer, Chris",La tierra de las historias Advertencia de los hermanos Grimm," Argentina : Ed. V&R, 2017 ; il. ; 500 p. ; 20 cm.",ISBN : 978-987-747-295-0
1911," Colfer, Chris",La tierra de las hostorias Más allá de los reinos," Argentina : Ed. V&R, 2017 ; il. ; 411 p. ; 20 cm.",ISBN : 978-987-747-377-3
1912," Colfer, Chris",La tierra de las historias La odisea del autor," Argentina : Ed. V&R, 2019 ; il. ; 420 p. ; 20 cm.",ISBN : 978-987-747-477-0
1913," Colfer, Chris",La tierra de las historia El regreso de la hechicera," Argentina : Ed. V&R, 2017 ; il. ; 546 p. ; 20 cm.",ISBN : 978-987-747-209-7
1914," Marvel, G. L",Cuentos para niños que sueñan con cambiar el mundo," Argentina : Ed.Duomo, 2018 ; il. ; 147 p. ; 23 cm.",ISBN : 978-84-17128-53-1
1915," Alcott, Louisa May",Mujercitas," -argentina : Ed. Gribaudo, 2019 ; il. ; 312 p. ; 19 cm.",ISBN : 978-84-17127-36-7
1916," Favilli, Elena",Cuentos de buenas noches para niñas rebeldes," Argentina : Ed. Planeta, 2019 : il. 212 p. ; 23 cm.",ISBN : 978-950-49-5870-3
1917," Nesbit, E.",El castillo encantado," Argentina : Ed. Salim, 2014 ; 189 p. ; 17 cm.",ISBN : 978-987-1998-90-6
1918," Gripe, María",Los escarabajos vuelas al atardecer," Argentina : Ed. SM, 2015 ; 310 p. ; 20 cm.",ISBN : 978-987-573-375-6
1919," Pescetti, Luis",La enciclopedia de las chicas Perla," Argentina : Ed. Santillana, 2018 ; il. ; 172 p. 19 cm.",ISBN : 978-950-46-4708-9
1920," Gaarder, Jostein",La joven de las naranjas," Argentina : Ed. Siruela, 2016 ; 16 p. ; 21 cm.",ISBN : 978-84-7844-816-6
1921," Bird, Poldy",Palabras para mi hija adolescente," Argentina : Ed. Del Nuvo Extremo, 2014 ; 93 p. ; 19 cm.",ISBN : 978-987-609-217-3
1922," Lins e Silva, Flávia",Diario de Pilar en Africa," Argentina : V&R, 2019 ; il. ; 200 p. ; 18 cm.",ISBN : 978-987-747-371-1
1923," Lins e Silva, Flávia",Tu diario de Viaje con Pilar," Argentina : Ed. V&R, 2019 ; il. ; 200 p. ; 18 cm.",ISBN : 978-987-747-371-1
1924," Lins e Silva, Flávia",Diario de Pilar en Egipto," Argentina : Ed. V&r, 2019 ; il. ; 200 p ; 18 cm.",ISBN : 978-987-747-131-1
1925," Lins e Silva, Flávia",Diario de Pilar en China," Argentina : Ed. V&R, 2019 ; il. ; 200 p ; 18 cm.",ISBN : 978-987-747-429-9
1926," Pescetti, Luis María",Nuestro planeta Natacha," Argentina : Ed. Santillana, 2018 ; il. ; 325 p. ; 20 cm.",ISBN : 978-950-46-4418-7
1927," Ende, Michael",Momo," Argentina : Ed. Santillana, 2019 ; 316 p. ; 21 cm.",ISBN : 978-950-46-4589-4
1928, Quino,Mafalda 1," Argentina : Ed. De La Flor, ; il. ; 13 cm.",nan
1929, Quino,Mafalda 2," Argentina : Ed. De La Flor, ; il. ; 13 cm",nan
1930, Quino,Mafalda 3," Argentina : Ed. De La Flor, ; il. ; 13 cm.",nan
1931, Quino,Mafalda 4," Argentina : Ed. De La Flor, ; il. ; 13 cm.",nan
1932, Quino,Mafalda 5," Argentina : Ed. De La Flor, ; il. ; 13 cm",nan
1933, Quino,Mafalda 6," Argentian : Ed. De La Flor, ; il. ; 13 cm.",nan
1934, Quino,Mafalda 7,"Argentina : Ed. De La Flor, ; il. ; 13 cm.",nan
1935, Quino,Mafalda 8,"Argentina : Ed. De La Flor, ; il. ; 13 cm.",nan
1936, Quino ,Mafalda 9," Argentina : Ed. De La Flor, ; il. ; 13 cm.",nan
1937, Quino,Mafalda 10, Argentina : Ed. De La Flor ; il. ; 13 cm.,nan
1938," Sosa, María Martina",CIUDADANIA 2 Formación Etica y Ciudadana," Argentina : Ed. Estrada, 2020 ; il. ; 27 cm. ; 143 p.",ISBN: 978-950-01-2500-0
1939," Vattuone, Lucy F. de",Biología," Argentina : Ed. Puerto de Palos, 2018 ; il. ; 27 cm. ; 208 p.",ISBN: 978-987-547-711-7
1940,nan,nan,nan,nan
1941," Stovene, Hrriet Beecher",La cabaña del Tío Tom," Argentina : Ed. Atlantida, 2009 ; il. ; 19,5 cm. ; 176 p.",ISBN: 978-950-08-1517-8
1942," Saad, Emilio",El Familiar Una historia de terror," Argentina : Ed. Estrada, 2017 ; 19 cm. ; 128 p.",ISBN : 978-95-01-1190-4
1943," Shakespeare, Wiliam",Romeo y Julieta, Argentina : Ed. Gradifco 2007 ; 19 cm. ; 96 p.,ISBN : 978-987-1093-15-1
1944," Alcott, Louisa May",Mujercitas," Argentina : Ed. Salim, 2014 ; 17,5 cm. ; 288 p.",ISBN : 978-987-1998-84-5
1945," Mainé, Margarita A.",El (h)ijo la libertad," Argentina : Ed. Norma, 2018 ; 21 cm. ; 96 p.",ISBN : 978-987-545-358-6
1946," Parera, Aníbal Antonio",El ermitaño de Cabo Vírgenes," Argentina : Ed. Suelo Fértil, ; 18 cm. ; 84 p.",ISBN : 987-97830-8-5
1947," Parera, Aníbal Antonio",La espada de la Confederación," Argentina : Ed. Suelo Fértil, 2012 ; 19 cm. ; 78 p.",ISBN : 978-987-23880-2-7
1948," Parera, Aníbal Antonio",Combate por la Patria," Argentina : Ed. Suelo Fértil, 2014 ; il. ; 19 cm. ; 86 p.",ISBN : 978-987-33-5131-0
1949," Parera, Aníbal Antonio",Combate por la Reorganización," Argentina : Ed. Suelo Fértil, 2020 ; 19 cm. ; 70 p.",ISBN : 978-987-33-5131-0
1950,Combate por la Reorganización," Argentina : Ed. Suelo Fértil, 2020 ; 19 cm. ; 70 p.",ISBN : 978-987-33-5131-0,nan
1951," Argentina : Ed. Suelo Fértil, 2020 ; 19 cm. ; 70 p.",ISBN : 978-987-33-5131-0,nan,nan
1952," Bodoc, Liliana",Los días del venado," Argentina : Ed. Debolsillo, 2021 ; 19 cm ; 336 p.", ISBN : 978-987-725-276-7
1953," Bodoc, Liliana",Los días de la sombra," Argentina : Ed. Debolsillo, 2021 ; 19 cm. ; 384 p.",ISBN : 978-987-725-274-3
1954," Bodoc, Liliana",Los días del fuego," Argentina : Ed. Debolsillo, 2018 ; 19 cm. ; 480 p.",ISBN : 978-987-725-275-0
1955," Sevilla, Fabián",Bajo un árbol," Argentina : Ed. Bambalí, 2019 ; 20 cm. ; 103 p. ",ISBN : 978-987-47202-0-7
1956," Bombara, Paula",La fuerza escondida," Argentina : Ed. Norma, 2019 ; il. ; 20,5 cm. ; 127 p. ",ISBN : 978-987-545-747-8
1957," Blasco, Martín",Todas las tardes de sol," Argentina : Ed. Santillana, 2020 ; 21,5 cm. ; 120 p.",ISBN : 978-987-46-5241-0
1958," Bodoc, Liliana"," Argentina : Ed. Norma, 2018 ; 21 cm. ; 224 p.",ISBN : 978-987-545-722-5,nan
1959," Cinetto, Liliana"," Argentina : Ed. Norma, 2019 ; 21 cm. ; 181 p.",ISBN : 978-987-545-781-2,nan
1960," Bombara, Paula",La chica pájaro," Argentina : Ed. Norma, 2015 ; 20,5 cm. ; 173 p.",ISBN : 978-987-545-842-0
1961," Kreimer, Ariela",Crack," Argentina : Ed. Edelvives, 2018 ; il. ; 19,5 cm. ; 180 p.",ISBN : 978-987-642-618-3
1962," Vaccarini, Franco",Efecto mutante," Argentina : Ed. Bambalí,2020 ; il. ; 23 cm. ; 116 p. ",ISBN : 978-987-47202-1-4
1963," Devetach, Laura",La Señora de la calle Cangallo," Argentina : Ed. Calibroscopio, 2019 ; il. ; 21,5 cm. 96 p.",ISBN : 978-9873967-39-9
1964," Lima, Juan",Astronomía poética," Argentina : Ed. Calibroscopio,  2018 ; il. ; 26 cm ; 48 p.",ISBN : 978-987-3967-19-1
1965," Frankel, Yael",Un hueco," Argentina : Ed. Calibroscopio, 2020 ; il. ; 24,5 cm. ; 32 p.",ISBN : 978-987-3967-20-7
1966," Marti, Estrella Escriña",Lo que  quiere una mujer ," Argentina : Ed. Calibroscopio, 2014 ; il. ; 23,5 cm. 32 p. ",ISBN : 978-987-24914-8-2
1967," Peinkofer, Michael",El Reino Perdido - Novela Histórica," Argentina : Ed. B, 2014 ; 23 cm. ; 546 p. ",ISBN : 978-987-627-461-6
1968," Siemens, Sandra",La banda del siglo," Argentina :  Ed.Santillana, 2016 ; il. ; 20 cm. ; 208 p. ",ISBN : 978-95-46-4938-0
1969," Dahl, Roald",Cuentos en verso para niños peruersos," Argentina : Ed. Santillana, 2020 ; il. ; 19,5 cm. ; 64 p.",ISBN : 978-950-46-475-8
1970," Bodoc, Liliana",Aprendiz de dragón," Argentina : Ed. SM, 2016 ; il. ; 19 cm. ; 41 p.",ISBN : 978-987-731-359-8
1971," Cinetto, Liliana",¡Cuidado con el perro!," Argentina : Ed. Santillana, 2021 ; il. ; 20 cm. ; 120 p. ",ISBN : 978-95-46-4447-7
1972," Devetach, Laura",Para que sepan de mí," Argentina : Ed. Calibroscopio, 2016 ; il. ; 21 cm. ; 95 p.",ISBN : 978-987-3967-10-8
1973," Roux, Madeleine",La mansión de las furias," Argentina : Ed. VyR, 2018 ; 21 cm. ; 424 p. ",ISBN : 978-987-747-287-5
1974," Shua, Ana María"," Argentina : Ed. Norma, 2008 ; il. ; 20 cm. ; 125 p.",ISBN : 978-987-545-848-2,nan
1975," Bornemann, Elsa",¡Socorro! (12 cuentos para caerse de niedo)," Argentina : Ed. Santillana, 2021 ; 20 cm. ; 172 p. ",ISBN : 978-950-46-4416-3
1976," Avila, Rosa",La Rosa del río," Argentina : Ed. Santilla, 2019 ; il. ; 19,5 cm. ; 184 p.",ISBN : 978-950-46-5883-2
1977," Dahl, Roald",El gran gigante bonachón," Argentina : Ed. Santillana, 2020 ; il. ; 20 cm. ; 272 p.  ",ISBN : 978-950-46-4908-3
1978," Mariño, Rocardo",Cuentos Ridículos," Argentina : Ed. Santillana, 2020 ; il. ; 20 cm.  ; 80 p.",ISBN : 978-950-46-4445-3
1979," Bornemann, Elsa y Otros",Pequeñas historias de mi país," Argentina : Ed. Santillana, 2021 ; il. ; 19,5 cm. ; 88 p.",ISBN : 978-950-46-6209-9
1980," Sevilla, Fabián",Mi querida planta carnívora," Argentina : Ed. Bambalí, 2017 ; il. ; 19 cm. ; 117 p. ",ISBN : 978-987-46346-4-1
1981," Mariño, Ricardo",Cuentos espantosos," Argentina : Ed. Santillana, 2018 ; il. ; 19 cm. ; 80 p.",ISBN : 978-950-46-4565-8
1982," Bodoc, Liliana",Cuando San Pedro viajó en tren," Argentina : Ed. SM, 2008 ; il. ; 19 cm. ; 45 p.",ISBN : 978-987-573-194-3
1983," Gambaro, Griselda",El caballo que no sabía relinchar," Argentina : Ed. Santillana, 2020 ; il. ; 19 cm. ; 40 p.",ISBN : 978-950-464672-3
1984," Bustamante, Nelvy",Adentro de este dedal hay una ciudad," Argentina : Ed. Edelvives, 2014 ; il. ; 20 cm. ; 4 p. ",ISBN : 978-987-642-292-5
1985," Sevilla, Fabián",Angurrias no es ningún gallina y otras avivadas del zorro," Argentina : Ed. Banbalí, 2020 ; il. ; 20,5 cm. ; 100 p.",ISBN : 978-987-47202-3-8
1986," Mariño, Ricardo",Cinthia Scoch el libro de la risa," Argentina : Ed. Santillan, 2019 ; il. ; 20 cm. ; 96 p.",ISBN : 978-950-46-4778-2
1987," Mainé, Margarita",Días de playa," Argentina : Ed. Hola Chicos SRL, 2021 ; il. ; 20 cm. ; 97 p. ",ISBN : 978-987-407-62-9
1988," Canale, Florencia",Bastarda," Argentina : Ed. Planeta, 2022 ; 23 cm. ; 441 p. ",ISBN : 978-950-49-7856-5
1989," de Paula Fenández, francisco",Blue Jeans Algo tan sencillo como tuitear te quiero," Argentina : Ed. Planeta, 2015 ; 22 cm. ; 539 p.",IIBN : 978-84-08-14102-0
1990,nan,nan,nan,nan
1991, Pérez. Fernanda,Los parísos perdidos," Argentina : Ed. Suma de Letras, 2022 ; 21 cm. ; 531 p.",ISBN : 978-987-739-179-4
1992," Grandes, Almudena",Todo va a mejorar," Argentina : Ed. TusQets,2022 ; 22 cm. ; 500 p.",ISBN : 978-987-67-734-3
1993," Grisham, John",La lista de Juez," Argentina : Ed. P&J, 2022 ; 23 cm. ; 426 p. ",ISBN : 978-950-644-642-
1994,nan,nan,nan,nan
1995," Lagercrantz, David",La chica que vivió dos veces ," Argentina : Ed. Destino, 2019 ; 23 cm. ; 579 p.",ISBN : 978-950-732-482-6
1996," Piñeiro, Claudia",El tiempo de las moscas," Argentina : Ed. Alfaguara, 2022 ; 23 cm. ; 405 p.",ISBN : 978-987-738-975-3
1997," Tagtachian, Magda",Artsaj," Argentina : Ed. P&J, 2022 ; 23 cm. ; 349 p.",ISBN : 978-950-644-644-4
1998," Cook, Robin",Anastecia letal," Argentina : Ed. Debolsillo, 2017 ; 19 cm. ; 425 p.",ISBN : 978-987-725-255-2
1999," Cook, Robin",Pandemia," Argentina : Ed. P&J, 2022 ; 23 cm. ; 457 p. ",ISBN : 978-950-644-7
2000," Reyes, Dolores",Cometierra," Argentina : Ed. Siglio, 2023 ;  22 cm. ; 220 p.",ISBN : 978-987-4063-65-6
2001," Della Giustina, Nidia Haydée",La piel del alma," Argentina : Ed. Dunken, 2022 ; 22 cm. ; 104 p. ",ISBN : 978-987-85-2359-0
2002," Yuszcuk, Marina",La Sed," Argentina : Ed. Blatt & Ríos, 2020 ; 17 cm. ; 290p.",ISBN : 978-987-4941-81-7
2003," Sosa Villada, Camila",Las malas," Argentina : Ed. TusQuets, 2022 ; 21 cm. ; 220 p. ",ISBN : 978-987-670-481-6
2004," Venturini, Aurora",Cuentos secretos," Argentina : Ed. TusQets, 2021 ; 21 cm. ; 290 p.",ISBN : 978-987-670-676-6
2005," Echazarreta, Carlos",Hazañas de Don Goyo Cardozo (Cuentos entrerrianos)," Argentina : Ed. Del Clé, , 2021 ; 22 cm. ; 131 p. ",ISBN : 978-987-8404-13-4
2006," Lujan, Luis",Ciebas tierra grandiosa  (Crónica del país de los matreros)," Argentina : Ed. Del Clé, 2007 ; il. ; 22 cm. ; 314 p.",ISBN : 978-987-1325-11-5
2007," Paniza, Delio",Guitarras y lanzas  - Montiel 1930," Argentina : Ed. Del Clé, 2022 ; 22 cm. ; 147 p.",ISBN : 978-987-8404-21-9
2008," Román, Marcelino M.",Tierra y Gente (Poemas)," Aregentina : Ed. Del Clé, 2020 ; 22 cm. ; 105 p.", ISBN : 978-987-8404-03-5
2009," Monzón, Julián",Recuerdos del pasado ,Vida y costumbres de Entre Ríos en los tiempos viejos," Argentina : Ed. Del Clé, 2017 ; 22 cm. ; 22 cm."
2010," Alsina, Juan Carlos",Marroncito - El hornerito rebelde, Argentina : Ed. Del Cl♪0. 2014 ; il. ; 22 cm. ; 94 p. ,ISBN : 978-987-1325-97-9
2011," Romani, Roberto Alonso",Hermanos de patria y cielo (misceláneas montieleras)," Argnetina : Ed. Del Clé, 2014 ; il. ; 22 cm. ; 219 p.",ISBN : 978-987-1325-90-0
2012," Balboa, Manrique",Montielero (Novela)," Argentina : Ed. Del Clé, 2020 ; 22 cm ; 261 p. ",ISBN : 978-987-3755-95-8
2013," Leguizamón, Martiniano",Recuerdos de la Tierra," Argentina : Ed. Del Clé, 2017 ; il. ; 22 cm. ; 227 p. ",ISBN : 987-978-3755-64-4
2014," Lobodón, Garra",Río abajo,El drama de los montes y los esteros de las islas del Ibicuy," Argentina : Ed. Del Clé, 2020 ; 22 cm. ; 224 p. "
2015," Del Pospón, Martín",El país de ls chajás," Argentina : Ed. Del Clé, 2017 ; il. ; 22 cm. ; 175 p. ",ISBN : 978-987-3755-57-6
2016," Felizia, Pablo Gabriel",Crónicas patrias ,(Cuentos de entrerrianos combatientes de malvinas," Argentina : Ed. Ana, 2019 ; 19 cm. ; 88 p."
2017," Garcia, Santiago",Micaela García La chica de la sonrisa eterna," Argentina : Ed. Chirimbote, 2022 ; 22 c. ; 125 p. ",ISBN : 978-987-8432-24-3
2018,Micaela García La chica de la sonrisa eterna," Argentina : Ed. Chirimbote, 2022 ; 22 c. ; 125 p. ",ISBN : 978-987-8432-24-3,nan
2019," Fink, Nadia y Saá, Pitu",Micaela García La Negra para chicas y chicos," Argentina : Ed. Chirimbote, 2022 ; il. ; 21 cm. ; ",ISBN : 978-987-47471-4-3
2020,Micaela García La Negra para chicas y chicos," Argentina : Ed. Chirimbote, 2022 ; il. ; 21 cm. ; ",ISBN : 978-987-47471-4-3,nan
2021," Valencia, Aníbal",Cinco veces Cinco," Argentina : Ed. Imaginante, 2022 ; 23 cm. ; 110 p. ",ISBN : 978-987-8919-81-2
2022,"  de Vaconcelos, Jsé Mauro",Mi planta de naranja lima," Aregntina : Ed. El Ateneo, 2019 ; il. ; 19 cm. ; 253 p. ",ISBN : 978-950-02-1036-2
2023," Maresman, Guillermo",Los controladores y otros textos," Argentina : Ed. L A Mercado, 2022 ; 20 cm ; 144 p.",ISBN : 978-987-88-3990-5
2024," Baldacci, David",Los Coleccionista," Argentina : Ed. B, 2007 ; 23 cm. ; 388 p. ",ISBN : 978-84-666-3820-3
2025," Steel, Danielle",Esperanza," Argentina : Ed. Debolsillo ,2011 ; 19 cm. ; 232 p.",ISBN : 987-566-066-3
2026," Exilart, Gabriela", Piceladas de azabache," Argentina : Ed. P&J, 2013 ; 23 cm. ; 318 p.",ISBN : 978-950-644-274-3
2027," Green, John",Bajo la misma estrella," Argentina : Ed. Nube de Tinta, 2013 ; 21 cm. ; 301 p.",ISBN : 978-987-1997-00-8
2028," Woodward, Bob",Plan de ataque," Argentina : Ed. Planeta, 2004 ; 23 cm. ; 516 p.",ISBN : 950-49-1279-8
2029," Arlt, Roberto",La fiesta del hierro. El desierto entra en la cuidad," Argentina : Ed.Losada, 2004 ; 18 cm. ; 189 p.",ISBN : 950-03-0600-X
2030," Cavarozzi, Marcelo y Otros",Politica y Gestión," Argentina : Ed. HomoSapiens, 2001  ; 23 cm. ; 160 p.",ISBN : 950-808-330-1
2031," Finchelman, María Rosa",El teatro con recetas. Colección homenaje al Teatro Argentino," Argentina : Int. Nac. Del Teatro, 2006 ; il. ; 21 cm, ; 229 p.",ISBN : 987-9433-44-0
2032," Basch, Adela",Una nave especial," Argentina : Ed. AZ, 2023 ; il. ; 19 cm. ; 45 p.",ISBN : 978-987-35-0465-5
2033," Mainé, Margarita",El país de Malku," Argentina :Ed. Norma, 2023 ; il.; 24 cm. ; 47 p.",ISBN : 978-987-807-075-9
2034," Basch, Adela",Había una vez un libro," Argentina : Ed. Abran Cnacha, 2021 ; il. 20 cm. ; 24 p.",ISBN : 978-987-20309-6-4
2035," Schuff, Nicolás",Martín viaja al espacio," Argentina : Ed. Edelvives, 2023 ; il. ; 18 cm. ; 32 p.",ISBN : 978-987-642-278-9
2036," Devetach, Laura",¿Quién fue primero?," Argentina : Ed. Norma, 2019 ; il. ; 24 cm. ; 32 p.",ISBN : 978-987-545-829-1
2037," Sevilla, Fabián",¿Has visto a un mamut andar en bicicleta?," Argentina : Ed. Bambalí, 2021 ; il. ; 24 cm. ; 44 p.",ISBN : 978-987-48174-2-6
2038," Mainé, Margarita",Malju y los cabritos," Argentina : Ed. Norma, 2019 ; il. ; 27 cm. ; 31 p. ",ISBN : 978-987-545-757-6
2039," Gutierrez, Javiera",Una noche muy jajá," Argentina : Ed. CEPA, 2021 ; il. ; 22 cm. ; 32 p. ",ISBN : 978-987-45730-3-2
2040," Mainé, Margarita",El mágico libro de las estaciones," Argentina : Ed. Hola Chicos, 2024 ; il. ; 23 cm. ; 95 p.",ISBN : 978-987-8450-55-1
2041," Carzon, Walter",Robin Hood del imperio Inca," Argentina : Ed. Albatros, 20216 ; il. ; 21 cm. ; 32 p.",ISBN : 978-950-24-1322-8
2042," Carzon, Walter",Blancanieves de la Tierra del Fuego," Argentina : Ed. Albatros, 2020 ; il, ; 21 cm. ; 32 p.",ISBN : 978-950-94-1259-9
2043," Lynch, Agustina",La vaca no se calla," Argentina : Ed. El Ateneo, 2023 ; il. 22 cm. ; 40 p.",ISBN : 978-950-02-1399-8
2044," Manauta, Juan José",Las tierras blancas," Argentina : Ed. EDUNER, 2022 ; il. 23 cm. ; 276 p.",ISBN : 978-950-698-497-7
2045," Madariaga, Francisco",El tren casi fluvial. Contradeguellos I ," Argentina : Ed. EDUNER, 2016 ; 22 cm. ; 532 p.",ISBN : 978-950-698-373-4
2046," Madariaga, Francisco",Criollo del universo. Contradeguellos II," Argentina : Ed. Aeduner, 2016 ; 22 cm. ; 690 p.",ISBN : 978-950-698-374-1
2047," Mendaro, María Celeste",Andando la ciudad,"Argentina : Ed. EDUNER, 2023 ; 22 cm. ; 222 p. ",ISBN : 978-950-698-557-8
2048," Barrandéguy, Emma",Cronosíntesis," Argentina : Ed. EDUNER, 2016 ; 22 cm. ; 321 p.",ISBN : 978-950-698-388-8
2049," Jzami, Nicolás J.",¡Vendida!," Argentina : Ed. EDUNER, 2022 ; IL. ; 22 cm. ; 103 p.",ISBN : 978-950-698-532-5
2050," Arlt, Roberto; Walsh, Rodolfo ",El país del río. Aguafuertes y crónicas," Argentina : Ed. EDUNER, 2019 ; il. ; 22 cm. ; 264 p.",ISBN : 978-950-698-390-1
2051," Manauta, Juan José",Poesía completa," Argentina : Ed. EDUNER, 2015 ; il. ; 22 cm. ; 345 p.",ISBN : 978-950-698-348-2
2052," Ortiz, Juan L.",El junco y la corriente," Argentina : Ed. EDUNER, 2016 ; il. ; 22 cm. ; 209 p.",ISBN : 978-950-698-306-2
2053," Manauta, Juan José",Cuentos completos. 2º edición ampliada y comentada," Argentina : Ed. EDUNER, 2014 ; 22 cm. ; 665 p.",ISBN : 978-950-698-328-4
2054," Villanueva, Amaro",El arte de cebar. El lenguaje del mate," Argentina : Ed. EDUNER, 2018 ; il. ; 22 cm. ; 494 p.",ISBN : 978-950-698-412-0
2055," Cabezón Cámara, Gabriela",La niñas del naranjel," Argentina : Ed. Randon House, 2024 ; 22 cm. ; 254 p.",ISBN : 978-987-769-326-3
2056," Almada, Selva",El viento que arrasa," Argentina : Ed. Randon House, 2023 ; 11 cm. ; 159",ISBN : 978-987-769-138-2
2057," Romondino, Julian",Frida Kahlo - vida y obra contada para niños," Argentina : Ed. Lea, 2020 ; il. ; 23 cm. ; 62 p.",ISBN : 978-987-718-650-5
2058," Andretto, María Teresa",Aldao," Argentina : Ed. Randon House, 2023 ; 22 cm. ; 221 p.",ISBN : 978-987-769-265-5
2059," López Peiró, Belén",Por qué volvías cada verano," Argentina : Ed. Lummen, 2018 ; 22 cm. ; 138 p.",ISBN : 978-84-264-8157-3
2060," Alcain, Juli y Otras",Científicas de acá," Argentina : Ed. TantaAgua, 2023 ; il. ; 20 cm. ; 47 p. ",ISBN : 978-631-90024-1-6
